timestamp,hour_of_day,day_of_week,solar_pv_output,predicted_solar_pv_output,grid_load_demand,total_renewable_energy,total_predicted_energy,wind_power_output,predicted_wind_power_output,solar_irradiance,wind_speed,temperature,humidity,atmospheric_pressure,frequency,voltage,battery_state_of_charge,battery_charging_rate,battery_discharging_rate,power_exchange
2026-01-14 00:00:00,0,2,0.0,3.82069195206065,198.65408051708332,0.0,5.731037928090975,53.2038433822304,51.942014299545335,0.0,10.511325705106447,7.541588223559213,38.848420264986416,1021.5596547454899,50.079865940633844,226.23914405352977,0.510714645613368,10.203423717915914,9.078578338064688,-4.439928423556561
2026-01-14 01:00:00,1,2,0.9744476502758155,3.2996980378194496,180.2122301380174,1.4616714754137232,4.949547056729174,64.07835943659634,59.4127103552119,9.744476502758154,9.286295803347652,9.24331965788171,47.039694482895,1011.5015364573727,49.97873229715043,228.7778370551145,0.5021257991021647,10.715789395653672,8.603225458544268,3.292026621993785
2026-01-14 02:00:00,2,2,0.0,-0.04178330119781837,186.40917043271446,0.0,-0.06267495179672755,48.801427089802594,49.74792068909378,0.0,8.527974649449957,8.31820325360841,47.13430020603797,1014.473355777121,50.07143056503957,232.76514854101057,0.5153506254882413,9.552022373555484,10.499864016201336,-2.4580215575133617
2026-01-14 03:00:00,3,2,10.430386427786747,12.098608958878225,165.6273554850161,15.64557964168012,18.14791343831734,49.17907976582003,53.68934602207177,104.30386427786746,7.90035365208546,10.697980394500744,50.365748660687366,1012.803335946862,49.958657342653915,228.43615075286132,0.5073359328739635,9.385332291679518,9.2756117169157,-5.891462162112829
2026-01-14 04:00:00,4,2,3.0532358924795817,3.837863253417179,157.85910048662228,4.579853838719373,5.756794880125768,50.878463674946964,46.99742706840895,30.532358924795815,9.61916123533599,11.639364140238065,51.42119704312855,1009.7940159936671,49.97423218381952,229.73627050949642,0.5083675497185234,10.141435705789945,8.370846770089596,-4.874458490277092
2026-01-14 05:00:00,5,2,6.8644854016958865,7.094218122893905,174.3849499608588,10.29672810254383,10.641327184340858,41.98999509381815,43.381179472410075,68.64485401695886,13.613467786035521,16.250489917583366,68.70889872575538,1018.9039467624955,49.96976955384047,232.03811795601914,0.49296720149186846,7.866181962494236,10.262043423210292,1.7578021805209374
2026-01-14 06:00:00,6,2,0.0,-0.7281341624828759,127.19176034024389,0.0,-1.0922012437243138,67.65891081133576,61.71578527271302,0.0,16.380284700194352,18.670129539701595,57.3175787384687,1005.2291045868839,50.06780299487201,229.7821732401331,0.48599745842872594,10.638341705709706,9.190793055602674,-2.6233423760651937
2026-01-14 07:00:00,7,2,0.0,-1.4850220635539009,146.14391357131856,0.0,-2.2275330953308514,44.38384809091073,43.586206725890634,0.0,13.872449569344885,17.629881433409338,56.12321099742608,1011.2543978783746,50.059883714975776,229.6981586538019,0.5000147092400066,10.329350064163316,9.924650026652666,-7.076828593866492
2026-01-14 08:00:00,8,2,0.0,0.9558707353707121,154.4816367970417,0.0,1.4338061030560683,64.84820564847402,62.0515057601715,0.0,11.491050817893349,19.315243348610085,67.0965452109614,1014.9659252981419,49.90045043658295,227.4312627834283,0.5242455841724263,10.26468479471382,9.942883814559497,0.8060855796313722
2026-01-14 09:00:00,9,2,0.0,-0.8821155101967442,175.79692796867766,0.0,-1.3231732652951163,58.96082429223509,63.939181289907694,0.0,6.660327450576537,20.85939928749616,27.084611184706286,1010.453113121553,49.92117402489364,227.84256615560946,0.5237763462352221,11.481822226253968,10.463578518113467,-8.202652528232813
2026-01-14 10:00:00,10,2,3.189927073808238,6.004282433814733,185.41683368815632,4.784890610712357,9.0064236507221,39.32554731564572,36.59310951590704,31.899270738082382,10.677310554841325,24.132136044437704,65.44495598409698,1017.7436154912375,50.018320666234374,234.1506954297219,0.5260255817071922,10.37331799237028,11.06139641552105,0.6664621933420294
2026-01-14 11:00:00,11,2,0.0,-2.7895539929130453,201.32078024631593,0.0,-4.184330989369568,61.32699353530482,60.775191703102884,0.0,12.193892126539156,30.32465224507397,58.82992180300125,1015.3458293918883,49.97862461967079,232.1520515021533,0.5252976688185549,10.201587557934463,10.29366446454045,-8.030593136300418
2026-01-14 12:00:00,12,2,0.0,0.22347367269178736,210.72863158805657,0.0,0.335210509037681,50.39364648374399,49.027967993467065,0.0,9.65504537827829,30.221412256510927,33.947704182270996,1013.6515677975377,49.989470802995754,230.7615940522456,0.5221758298030884,7.341439134899127,10.239068182746903,-3.6127291120922536
2026-01-14 13:00:00,13,2,2.6062598617419868,0.5868574576698711,209.88531268291052,3.90938979261298,0.8802861865048066,50.601271321249655,48.50414902104737,26.062598617419866,7.6155926500874935,26.23538992242231,64.70625880224115,1018.476271839633,49.99163372883331,226.61446992700925,0.505877671290348,10.673927015150909,8.720946374566735,6.005340999214221
2026-01-14 14:00:00,14,2,1.8340358922222022,1.6365110389273239,224.01664847266642,2.7510538383333034,2.4547665583909857,60.77416680941884,59.456866541252246,18.340358922222023,12.899147574187165,29.615860767910082,50.15937664817345,1011.9711080710434,50.0046795166871,229.6640771300204,0.5064227347219851,10.27466543830381,11.002023467969817,-1.8946814980887703
2026-01-14 15:00:00,15,2,11.10607160361575,14.190913209117722,218.0909622863996,16.659107405423626,21.286369813676583,38.49717936317802,37.1416492636633,111.06071603615749,10.404360485618577,29.25394774864206,43.248643459950486,1014.2794428972528,50.00411694739121,229.99193315313383,0.5124915775120535,11.930656042223328,10.256506011121797,7.580473686776107
2026-01-14 16:00:00,16,2,0.6342200575088831,5.965001080949649,237.13595478899762,0.9513300862633247,8.947501621424474,58.659303984892375,62.59336689477692,6.342200575088831,8.535124057085156,26.31661723308742,49.37626392310517,1011.8913563232711,50.04676489603638,231.3184832209976,0.5149126611611212,9.373851361680803,10.280159547079762,-6.8395553381337155
2026-01-14 17:00:00,17,2,0.0,-0.866934838671022,248.3401688374014,0.0,-1.3004022580065329,64.66530444524551,68.40772440027973,0.0,7.134322858999771,28.33109662281787,42.46284908131436,1006.5076851263808,50.07630167580863,231.6030462892377,0.502332541571846,11.267236642448001,11.784265111742027,0.8550610842708015
2026-01-14 18:00:00,18,2,3.2778213440400616,6.25371120799946,262.69830206524074,4.9167320160600925,9.380566811999191,53.90363814898958,51.41851209316531,32.77821344040062,10.039735118310722,28.486504233148587,34.516650223594326,1017.9654830912126,49.91873244495375,232.7615493718875,0.5028761707940457,10.32513025272946,9.154104121348295,3.466962682022188
2026-01-14 19:00:00,19,2,0.0,-1.9221170104700185,254.31341801001972,0.0,-2.8831755157050276,37.03551862640716,36.890936162643456,0.0,8.820345801127756,22.731317425887106,50.75220781947986,1013.9601719100185,50.023917824765995,228.01945637740644,0.49637367664589027,11.05588439267384,8.966764047615234,1.1293944755733396
2026-01-14 20:00:00,20,2,0.0,-2.52599504677957,253.86868404188888,0.0,-3.7889925701693548,48.51601120875816,48.50458792727873,0.0,10.608075564564006,20.459105079869406,55.14857642925541,1023.4348539633883,50.11228462442891,229.06229796434047,0.5061718950521248,10.485768404174364,11.219079977207915,2.073118293939991
2026-01-14 21:00:00,21,2,0.8754564697700963,0.8946527760367731,227.8135244454299,1.3131847046551444,1.3419791640551595,60.904091048568276,59.90685373420921,8.754564697700962,10.611142281706748,18.461650057746414,54.6186388191479,1010.9762428346912,49.911394063611894,231.81245255978845,0.5162602762603723,10.518513585420806,9.358778773870242,-2.482887762483468
2026-01-14 22:00:00,22,2,0.0881155533586642,0.8924294088948503,223.9122106462028,0.1321733300379963,1.3386441133422755,36.86595981134183,36.87502295646864,0.8811555335866419,10.362460140188492,15.932478728815488,47.32678754874606,1006.5653054938206,50.00377550431678,229.46206005221106,0.5264539299599716,8.5169087179512,10.267497269784531,-7.461536012229166
2026-01-14 23:00:00,23,2,1.328431520035376,2.896863072728123,207.58186389149205,1.9926472800530641,4.345294609092184,43.143271638537676,43.951428369068,13.28431520035376,12.659462189494212,13.667412312105654,65.79985019030042,1014.3323214044167,50.04701909439759,230.51119153876382,0.5175233640100794,9.232415313403498,10.340164000449665,2.606919288010485
2026-01-15 00:00:00,0,3,0.0,-1.2156368299267633,216.32379629125447,0.0,-1.8234552448901449,44.500774756394534,43.930710937399596,0.0,10.761127566601736,9.211116359480968,41.66660257984229,1008.5858001169273,49.971942644646425,227.91713064465955,0.5060020395549722,9.93352435021962,8.771155818848834,-7.678518508692936
2026-01-15 01:00:00,1,3,1.7213152887964487,2.326869403568466,194.05387555284088,2.581972933194673,3.490304105352699,43.63934402755698,43.25616379238727,17.213152887964487,10.454042676839514,6.76566973082951,42.25712662028458,1014.6845835746241,49.86535839300454,229.81381885693037,0.5007180248212466,10.108102609090194,8.944402395063047,-4.101121584778572
2026-01-15 02:00:00,2,3,0.0,-1.4120127617351086,186.94055498292803,0.0,-2.118019142602663,55.459874983221845,54.43650167586294,0.0,12.190071952379967,7.672321239117204,35.87447635915545,1013.5390875315431,50.03922538310187,225.9239553676159,0.49239752949961724,8.375235601654651,10.247617465342616,-0.2994326922020423
2026-01-15 03:00:00,3,3,2.812395840149538,0.3155097098646258,132.93969929591492,4.218593760224307,0.4732645647969387,53.348668749397085,52.78694035806661,28.12395840149538,8.77214874408658,12.14519230959366,57.920555378165666,1012.7537416566569,49.96141120738401,233.83952993375118,0.477032166633089,11.190614956922815,9.088590482250666,3.673904550520249
2026-01-15 04:00:00,4,3,5.062366905957687,8.250598546933874,147.78103793236676,7.59355035893653,12.375897820400812,74.7104364875417,74.07083861208645,50.62366905957687,15.103133204633837,7.421459556991225,52.01256866681082,1011.6064737901155,49.93290000310265,227.41701491827493,0.4691275133084984,7.59034891822406,9.610307187934307,-0.30412309577944197
2026-01-15 05:00:00,5,3,4.778563161020789,5.234107658907647,169.84074411328052,7.167844741531184,7.8511614883614715,54.27345193142975,56.54245510677343,47.785631610207886,9.41235112568504,13.573042243119241,50.94481410067134,1014.7974597437051,50.07081634489313,227.36165200087643,0.46423373768366577,9.53681245681264,10.106694993930445,-6.136700180198458
2026-01-15 06:00:00,6,3,5.00470699474341,3.40648406955882,145.78473273694883,7.507060492115115,5.10972610433823,62.563549128732454,58.88478574676705,50.047069947434096,3.740044666621901,12.273797179567374,78.53524568427784,1012.2294193364564,49.993884239210246,228.01301932862788,0.46302569294375545,8.603787011709455,9.711246745011415,0.2831626092349057
2026-01-15 07:00:00,7,3,3.3153150442865833,3.622192686092601,141.80394405514414,4.972972566429875,5.433289029138901,30.78381313032118,32.90481338459138,33.15315044286584,11.376905775168678,19.03094200378306,54.6447194807392,1009.0425219398631,49.97790030049471,229.77926537278222,0.4818021915964151,9.176727083898978,8.313815104741682,-8.762112543395325
2026-01-15 08:00:00,8,3,3.2519827675586033,4.0955913150586465,164.67715065136218,4.877974151337905,6.14338697258797,65.39420413427881,63.132704749315565,32.51982767558603,9.504864517516696,21.846913413437157,55.15809251111609,1011.4972778634352,50.006935443987274,231.2881154476948,0.4649753961801648,10.266728142006878,9.622668757743202,-0.6923836098557958
2026-01-15 09:00:00,9,3,0.0,-0.957222150415546,164.35629308791417,0.0,-1.435833225623319,51.374582331641825,49.89599612725362,0.0,12.147313996480024,21.3749546038208,50.41027369407433,1012.3854497828878,50.018254686967055,232.63674716704423,0.468396654722993,10.615246277257741,9.424934518430799,0.1393417203293768
2026-01-15 10:00:00,10,3,4.789068220783341,6.07243074293532,180.31243661910187,7.1836023311750115,9.10864611440298,46.453536586221,47.64536449370105,47.890682207833414,11.453511691153478,24.65044829605218,45.19491654546871,1005.6333454245855,50.06288985908765,229.06898475668876,0.4531196594461619,9.66072824482459,8.63903778881905,-9.215920193790826
2026-01-15 11:00:00,11,3,10.982629666794985,12.338448116106163,166.05230187615558,16.473944500192477,18.507672174159243,51.149055449233614,51.43432752970496,109.82629666794985,10.05657613364733,27.57417219258303,65.11804872943442,1014.3151904239081,49.95519470376496,232.89170829138328,0.44758415973061505,11.06603349280697,9.441525292335452,5.13411977307509
2026-01-15 12:00:00,12,3,4.309634418517877,6.279716491322098,211.51148750307394,6.464451627776816,9.419574736983147,57.12559010585498,56.71119583288357,43.09634418517877,10.150660917075443,28.88783704580697,42.64976263919597,1021.6904509150899,49.978345141985066,228.87156810527912,0.43255309655664154,10.917531470040256,11.654006041653957,5.416349190803333
2026-01-15 13:00:00,13,3,0.0,-2.3322257351147617,227.6555098977882,0.0,-3.498338602672143,51.224808491506316,50.3702176429218,0.0,9.62327460056362,33.42395328243671,53.793591083709714,1012.9796287577556,49.99241454250638,229.8032539982719,0.4510061195295407,9.419439966424571,8.913752734270517,-3.6417721075626193
2026-01-15 14:00:00,14,3,0.0,5.176815260259721,212.52517298495943,0.0,7.765222890389581,70.87540121772363,72.90821243335172,0.0,9.96884038826891,26.462059587293645,52.55600735888931,1009.7224630686915,50.02481069200406,229.9621032429421,0.45788223119139077,8.998032888563332,10.822700958694858,3.363942729276417
2026-01-15 15:00:00,15,3,3.7105897967980255,6.448564676706252,213.64915400774063,5.565884695197038,9.672847015059379,55.14673861194506,55.28023335062243,37.105897967980255,10.721620459019034,31.392692983922906,70.38409287894982,1013.092776821644,50.00198867115066,231.24695795261948,0.45435616258702605,9.50999166201649,11.409367209615441,-10.80288061540645
2026-01-15 16:00:00,16,3,0.0,-0.6831729987011166,230.48951317306347,0.0,-1.024759498051675,42.864953862875915,42.04783484239167,0.0,9.630995703506617,26.654573248980892,52.129785570000884,1016.64868884891,49.9738893098647,229.0940689675132,0.4557996347458183,11.403117814060554,11.12093506898404,1.5022363162393972
2026-01-15 17:00:00,17,3,8.645273547212751,7.445535512519484,255.57737648165437,12.967910320819126,11.168303268779226,49.96104075302602,53.06459843189232,86.45273547212751,9.498529299933077,25.037746999526377,46.21557184048589,1013.1862896086149,49.943944880781075,232.01479988233817,0.4508414354951087,9.961992670565387,10.599967289374133,1.216911511934596
2026-01-15 18:00:00,18,3,0.0,-1.4084592098460604,257.5794350600829,0.0,-2.1126888147690908,41.921794676570684,44.08441385167757,0.0,11.184982223427959,20.675436490154024,39.75877319356678,1016.3117407593669,49.95360995564039,232.13019093123566,0.44905071216888315,9.127370235870085,9.716547949086845,-0.3869264608512543
2026-01-15 19:00:00,19,3,0.0,2.13301332898182,263.00115272748843,0.0,3.1995199934727303,39.6947906661395,39.809364327149204,0.0,12.155732706857568,22.41861070205339,61.24173752629724,1004.100575137421,50.06677150495083,228.39212570821127,0.45347634755761385,9.246104242529215,8.934646597536384,-10.229056253203135
2026-01-15 20:00:00,20,3,0.0,-2.0305098345911343,239.19282154943423,0.0,-3.0457647518867015,60.147424059747706,65.46879451821394,0.0,10.913723031251132,18.86856893860737,23.741911912325513,1007.2720414474838,50.00838471374219,230.65742120367173,0.4576984602947843,9.392342877216393,8.866592379493683,5.781767790309199
2026-01-15 21:00:00,21,3,0.0,-2.871951126796346,233.477217266567,0.0,-4.307926690194519,54.19493168952339,57.01201526112812,0.0,8.461038989859919,17.12975857136706,37.61403844204333,1010.5832898237688,49.99653198470759,226.49453594548902,0.4460634810654145,9.749038285693981,11.255292252390582,3.4569064936126566
2026-01-15 22:00:00,22,3,0.0,0.6263835440880592,234.91860573397787,0.0,0.9395753161320888,46.62861662456321,46.13975668476291,0.0,11.002654021706954,14.040251030236435,58.8532767406951,1011.9754189105031,49.99581317241502,228.94063610998333,0.4409624810438936,9.245342927374933,9.483680503216043,-3.756602630560373
2026-01-15 23:00:00,23,3,0.1425615771224243,-0.716550108437493,193.37984841130395,0.21384236568363643,-1.0748251626562395,48.68829731783616,49.00818819056577,1.4256157712242428,9.896896171651255,16.986716585233648,41.408866907679,1019.0310160902162,50.036048857929394,228.41437898835582,0.45999773370866565,11.165535153268811,10.821092262867674,-6.739656812528611
2026-01-16 00:00:00,0,4,0.0,0.6248021209543848,206.59674818716553,0.0,0.9372031814315772,32.35299081020881,31.911062946785883,0.0,13.949860179595191,13.311425524458448,47.13376567226602,1018.3971128562523,50.12226757057724,228.37481111814463,0.4597920888186108,11.356030295552346,12.326740410826844,2.874878773938777
2026-01-16 01:00:00,1,4,4.281369466809073,5.767193243336623,175.11479989743933,6.422054200213609,8.650789865004935,42.68152087330991,46.248174478461294,42.81369466809073,14.735300461774745,12.062981932642082,40.9597423271833,1018.6298324482282,50.02978235571851,230.65737076501262,0.4659287890854228,9.646576372803528,10.368705114769012,-0.322265574952662
2026-01-16 02:00:00,2,4,2.399968506248329,1.3627918755019304,161.88368465606675,3.5999527593724934,2.0441878132528957,43.87383097556139,45.868487598257225,23.999685062483287,7.026964812648753,10.173006088783847,62.5121576372721,1007.5460387966313,50.07986389781492,230.87891717285197,0.46560092750490917,11.332039860853417,11.475562658489947,-3.117710701155877
2026-01-16 03:00:00,3,4,0.0,0.2018412158375268,165.75961625659218,0.0,0.3027618237562902,54.81311861051967,53.81388048076853,0.0,11.774663454145147,6.572645992595648,45.35134808539605,1004.7992665061792,50.01986720017739,229.5875605659714,0.47716237312189536,9.785957962239616,10.024846657549196,-3.20103817381262
2026-01-16 04:00:00,4,4,4.524258546105632,2.29978244547425,169.24457637753414,6.786387819158449,3.449673668211375,47.799094678963066,45.220929756578,45.24258546105632,8.75777644950638,9.386110186268546,45.39081508361747,1012.9547449163333,49.933404828586085,230.48136509056636,0.4818077521727265,7.618664165711263,10.884276113586244,2.7660784273079275
2026-01-16 05:00:00,5,4,0.9716416203971032,1.0083867882942752,116.88290047315164,1.4574624305956547,1.512580182441413,54.56025699726148,53.20053956267102,9.716416203971033,11.104140605015886,13.86068278706833,54.571609566297994,1017.0982714707744,50.000749668780195,231.13791230230115,0.4804835887419131,10.739936038322742,9.87544566846698,5.5753829697800485
2026-01-16 06:00:00,6,4,0.0,-2.41787448225976,159.57597389393862,0.0,-3.6268117233896398,60.96302074589038,60.65737573639548,0.0,12.378042599253602,16.98928759505355,39.2752751987686,1014.0566900741056,49.98332929347522,227.37590533221115,0.4902565305290169,9.575296866737128,8.910236539914724,-3.286251942343662
2026-01-16 07:00:00,7,4,0.0,0.2693328770908969,165.04024354385015,0.0,0.4039993156363454,52.1252417740473,52.48025718227495,0.0,10.761110373912373,13.819099374916423,39.59949680757774,1012.633466143998,50.027506192214695,231.51673474014095,0.4859504258641925,11.441393880188516,10.536450419982426,2.2777930878331127
2026-01-16 08:00:00,8,4,6.726840686116848,4.339438925309843,165.53013893274098,10.090261029175272,6.509158387964765,61.24638056763396,58.84901545067614,67.26840686116847,8.155951783945792,22.534417683331267,31.839403322441587,1010.6101339013,50.03638942067071,230.15978221885578,0.4736005834850837,10.937902537270606,10.849986357251968,3.748224924953043
2026-01-16 09:00:00,9,4,0.0,1.7443971577796002,150.23892136747645,0.0,2.6165957366694004,31.04344211625505,31.684635044105292,0.0,5.452511060466855,21.203969119419508,46.48491664346137,1013.2858969711069,50.035417938023535,230.20200884647682,0.47967077962357585,7.819868420620418,8.585129967732591,-9.834325029651039
2026-01-16 10:00:00,10,4,8.062814022868764,8.964253592897347,187.00544249426653,12.094221034303146,13.44638038934602,28.794069439501634,25.867953256889027,80.62814022868764,11.646160541793321,24.651839896016526,39.835856069318126,1013.717111944163,50.028453288660145,229.59802766001783,0.5021262794110967,12.368256119796044,9.71525421731402,-11.63317197131745
2026-01-16 11:00:00,11,4,0.0,2.2594666307911693,177.07038430879953,0.0,3.389199946186754,39.792442269242315,38.46958698801858,0.0,6.052355107010877,27.781824764848725,47.392403418860184,1004.9604042451231,50.022470164037365,230.95252335204415,0.5011036714141882,9.823171665947326,10.90803195338747,-8.435382777614226
2026-01-16 12:00:00,12,4,1.6786465595385405,2.242654113340576,204.8810774583765,2.5179698393078107,3.363981170010864,26.69849370022741,27.235318719878023,16.786465595385405,8.290975248908838,28.929182614997796,33.39413979431881,1017.4391797220109,49.96686166122775,230.55693571988468,0.5093642457848576,11.32296193620813,9.120246521261356,-4.985214908525823
2026-01-16 13:00:00,13,4,5.7368045522058635,5.380483173204854,209.75480967141775,8.605206828308795,8.07072475980728,53.47904497554643,55.67674861838921,57.36804552205864,7.942224662277033,28.425265981197327,53.48603589721643,1014.0973799851978,50.051557784562945,228.15862188941367,0.5142558325799524,7.322380380694014,9.48480205433689,-3.5315912649770116
2026-01-16 14:00:00,14,4,0.0,1.1719760280434435,227.04686681190864,0.0,1.7579640420651652,55.061750122477164,54.24005968554257,0.0,6.263575491965822,32.0341183983232,51.11941735802077,1016.531693797373,50.0305721606555,230.44881254628265,0.5283735995755816,11.696342052559714,8.41674177660533,5.101610423691021
2026-01-16 15:00:00,15,4,4.926087602944844,6.028547346975908,232.97040624494218,7.389131404417267,9.042821020463862,52.94569542303637,55.89742236781051,49.26087602944844,10.480359303763338,29.121001269417498,54.05284135200567,1009.406247761604,49.88942284044565,229.3290353930191,0.49273021893200775,8.716300252163045,10.41136180530645,-0.34480750134949395
2026-01-16 16:00:00,16,4,0.0,0.3819816678082056,237.8554979655075,0.0,0.5729725017123084,46.330053104664174,49.24140859343306,0.0,12.57095398441657,28.09255327671081,61.36776124614183,1013.8345911112419,50.067262359764754,230.7480865958594,0.49216898345772875,9.909297807864732,10.206159598306778,10.778024135143959
2026-01-16 17:00:00,17,4,0.0,-2.4175379091299942,261.4763649521875,0.0,-3.6263068636949916,42.38405504276065,43.820853643369524,0.0,12.907340747639282,27.4130225720819,46.5324196710788,1012.7309552741842,49.918976839201925,228.6161409118643,0.4961245615575112,11.203427412126379,10.350947241061997,3.9755335247926276
2026-01-16 18:00:00,18,4,8.269113331704038,5.787511246515219,230.73865285599769,12.403669997556056,8.681266869772829,35.97356622689942,35.79216102586999,82.69113331704037,8.34465332729971,25.099686596708846,48.1710828522327,1011.2970712573385,50.06211085207972,225.9836692906809,0.49417040510349586,12.1385013252883,10.646617501327249,0.3450326039723867
2026-01-16 19:00:00,19,4,5.9074111352984335,5.8941594229555765,266.267458838901,8.861116702947651,8.841239134433366,50.81239929491893,50.91364495359174,59.07411135298433,9.348827710394307,23.844600188739847,46.229407700780655,1011.6104632723951,49.959501458195874,228.77899253556768,0.488802273878634,10.17339336305796,12.255045730983154,-0.4285920097522402
2026-01-16 20:00:00,20,4,0.0,2.244751196672318,233.85591567985892,0.0,3.3671267950084767,52.795626979045316,50.57186918768514,0.0,9.63854933840476,19.330994785226306,52.18985072518825,1021.4467510817119,50.04532793567588,226.2642643631078,0.4745042109376507,9.077135074468677,10.023775421141174,-0.1989633409499087
2026-01-16 21:00:00,21,4,1.5807395143681395,0.2999372842140635,241.8128029677191,2.3711092715522093,0.4499059263210953,56.981292093540894,55.95085428710323,15.807395143681395,12.835314298361423,18.19718098067845,49.82111029295076,1006.3850077406065,50.08782641269049,232.65093647487208,0.47541018531247436,8.680354105557667,9.094889424440346,-5.156647976701789
2026-01-16 22:00:00,22,4,4.555630900897146,0.9858518592445629,221.1027083664231,6.833446351345719,1.4787777888668443,56.25722612794766,54.95726230310686,45.55630900897146,10.926851602446586,17.01989356390588,43.84010210393661,1015.9229956469604,50.05571137705612,230.25778142169057,0.47499341225902114,10.421460073681505,8.367631282639357,5.205856813591176
2026-01-16 23:00:00,23,4,6.766158263508575,7.219503901252377,209.31237556418668,10.149237395262862,10.829255851878566,44.303962334822984,45.434624066110445,67.66158263508575,11.841362428811713,9.590258662879302,56.53893946725218,1009.5456339714152,49.90696030734294,229.7115000101998,0.4673639781680716,8.293327108110303,11.190890818581728,0.8016446313649926
2026-01-17 00:00:00,0,5,0.0,5.060534213012026,185.91153911055403,0.0,7.5908013195180395,44.5105725146889,42.860371669483776,0.0,9.886939588923228,12.38872587376012,52.68831007240514,1017.4959431745528,49.97730830254607,228.98514957418934,0.4500496739438966,10.564198139441347,9.660901201809814,-11.626170101511002
2026-01-17 01:00:00,1,5,0.0,0.3544616608897785,182.4392263827018,0.0,0.5316924913346677,54.40567334775478,56.8445818399471,0.0,6.025939201777943,13.19181022793743,47.637731171407346,1007.016415743714,50.01744230102025,229.46668948184725,0.4501645632900745,10.545894147245916,9.887231108071553,2.7629018466937296
2026-01-17 02:00:00,2,5,0.0,-1.3027957969359123,149.25470821533995,0.0,-1.9541936954038683,59.87877285074023,60.02978881448196,0.0,6.486901658626046,10.742807926086131,42.078911399453155,1008.9127842068214,50.00588966093691,230.1833663695404,0.46304519215505535,10.44096675918882,11.383376230834228,-7.316704105396253
2026-01-17 03:00:00,3,5,5.634310595090133,3.7833873229299115,168.23503936446932,8.451465892635198,5.675080984394867,52.00183936924289,53.01871444319129,56.34310595090133,15.963531405264064,12.267972654152848,39.55758430208842,1020.3634096024163,49.94916236097718,228.75395244992143,0.4625032689512897,10.741456421119928,10.677185717601514,-6.718615812540783
2026-01-17 04:00:00,4,5,0.0,0.22089215510390345,160.1029145692289,0.0,0.33133823265585516,57.73692159687447,56.408448478855846,0.0,8.894968289577651,10.272607049350233,67.32336636561539,1011.2200451719547,50.029124959786685,228.34877437301017,0.45275544306250337,9.672734742811123,8.615174220324896,-1.8995485898562543
2026-01-17 05:00:00,5,5,1.1484254055508145,2.7870782450254676,134.61051143030394,1.7226381083262217,4.1806173675382015,56.703162600043576,58.513027920505145,11.484254055508146,11.595407997553513,14.641157881629976,39.63436172258404,1014.2755563330934,49.94081713819493,229.0208631659296,0.45808815236229833,9.129855326336045,8.667728298473163,3.1150573011057303
2026-01-17 06:00:00,6,5,0.0,-1.828271230162593,149.11449979117992,0.0,-2.7424068452438894,38.17332767289066,36.75075960891155,0.0,10.104696516280578,13.975871800009902,41.80768545129631,1006.9181614116962,50.03865171297954,228.41528308678363,0.4601005210428881,10.153346629469874,10.786778238074717,-0.12604289669994295
2026-01-17 07:00:00,7,5,3.1222265159519136,-0.28341918233675223,143.09977134673736,4.68333977392787,-0.42512877350512834,44.88139421795414,46.85762137504476,31.222265159519136,10.316642004312694,20.405251931179453,45.1495976296445,1014.3051032556717,50.0347371374475,232.10269742398225,0.4634560368062481,12.86972637397158,10.383568595371692,-0.7248328623627946
2026-01-17 08:00:00,8,5,0.0,2.386277351428126,168.45189554673846,0.0,3.579416027142189,56.06713543268239,56.46627779693747,0.0,5.945087341411378,21.270295814100468,62.31047024361844,1014.6322079291951,49.91736971966087,227.6058243384717,0.4530663962045086,9.616719797732307,10.679847858743333,-1.572635034239863
2026-01-17 09:00:00,9,5,0.0,1.0199881495135525,163.04197414485364,0.0,1.529982224270329,61.60429792016918,62.32910024131704,0.0,8.713924819646767,20.60094225893856,49.53554744225603,1010.1761765124378,49.95169422364915,231.01615945063102,0.4678417168917355,11.230059367376601,8.3291034360576,-2.45002021838744
2026-01-17 10:00:00,10,5,0.0,-2.209829288143193,181.62144602289717,0.0,-3.3147439322147894,51.1709708809216,52.022397379960786,0.0,9.025563941896639,22.127147635442473,57.01159320134398,1009.64383788188,50.07159224117086,228.07335692405383,0.4552881131528145,11.994146995561495,9.01168279696917,3.8457512531096842
2026-01-17 11:00:00,11,5,0.0,2.171010892076488,176.78600948410642,0.0,3.256516338114732,59.347471041172014,58.391143960108884,0.0,8.084635192372103,25.13417918307236,60.5430185579778,1010.83903077108,50.04523306967237,230.6976069667309,0.4457088971038939,10.708468949628514,8.523650581453776,-3.335603236916958
2026-01-17 12:00:00,12,5,1.9303926224569943,3.348292736687741,192.01810458179833,2.8955889336854916,5.022439105031611,40.29428938093801,41.26303686963323,19.303926224569942,11.975574685035125,28.26215899820796,46.10365556431462,1013.3117662317064,50.066252014172896,230.1158703456633,0.45273202530438106,11.450907113701163,9.809287492105945,4.615873225540551
2026-01-17 13:00:00,13,5,7.401663452666092,3.8844034248971333,205.9660034333252,11.102495178999138,5.8266051373457,41.89366119195663,43.87384935475665,74.01663452666092,8.985012893664777,27.9797918467006,38.768472086604504,1014.4135216167916,50.02661831855301,228.71946836829076,0.4509191019119662,9.317006407779996,8.990502865932921,-5.258427838843298
2026-01-17 14:00:00,14,5,0.0,1.4849417630792727,226.90099755640816,0.0,2.227412644618909,35.375080664563775,32.763820227987,0.0,8.931713965380153,26.34400948265806,70.1514377664935,1011.3533137639533,49.987779028654316,230.4394315090533,0.45905397377002083,10.960198325810442,9.594703306288038,3.11390384461651
2026-01-17 15:00:00,15,5,1.0413158503521895,2.242261072222078,241.2777160699884,1.5619737755282843,3.3633916083331172,77.23700386447797,77.76782579949956,10.413158503521895,13.974207881340645,27.683867004170644,55.9103161990528,1002.0912790938802,50.043498249399526,231.42086014357128,0.4642798012973542,10.25062181064472,10.718102080317156,0.6449778334476021
2026-01-17 16:00:00,16,5,7.2844294052306795,7.551037447827112,266.2819280949618,10.92664410784602,11.326556171740668,41.01925492490193,38.279117066430935,72.8442940523068,11.809448983613313,31.62585714014417,65.62197024006824,1004.1826304789763,49.95163765770857,228.93319789235628,0.4575313573884499,9.206697972969062,10.98309018081182,-5.0656723208669625
2026-01-17 17:00:00,17,5,0.0,-2.8061873918576,221.9099459209728,0.0,-4.2092810877864,42.17806629344534,42.250195213479685,0.0,9.434774377422308,25.58744335219237,63.44922524780781,1009.978157436075,49.99432220879768,234.83966565886686,0.4532443477140546,11.010799223283533,8.533259474574875,4.013565775464659
2026-01-17 18:00:00,18,5,5.480170994573081,7.730650730455702,248.48559134929758,8.220256491859622,11.595976095683554,55.57656863822744,53.043411417610294,54.801709945730806,5.517437436910281,24.72411996070257,65.52643466730349,1015.2915472738324,50.01683209618838,230.2618576667101,0.4728405276830932,10.19008270747341,10.901894201197756,1.028867952979985
2026-01-17 19:00:00,19,5,0.0,-1.4034994625675468,251.8300953756798,0.0,-2.10524919385132,42.67396108893068,42.80113077186808,0.0,7.974234785845355,21.506079367403494,40.72416320837644,1007.6003316854085,50.02100028537511,232.15137198222905,0.46978573513174837,8.11873538738024,9.822319790796227,-1.4459121798394206
2026-01-17 20:00:00,20,5,0.8881578943973135,0.3246058756614054,236.96633035774428,1.3322368415959702,0.48690881349210813,70.77977251962221,73.30105728154723,8.881578943973135,11.333663304140318,17.36430083544872,48.10012885799199,1009.7502943536423,50.01727941710258,229.19802275820098,0.4817837174146336,8.541955667023455,9.14770782513918,-0.6364359553413752
2026-01-17 21:00:00,21,5,0.0,2.081984552775468,233.20108001192065,0.0,3.1229768291632016,51.33268731948698,51.21496029008705,0.0,10.758751376827721,15.943542190160475,67.44329528666096,1012.5455370006803,50.04269501655664,227.19222699175526,0.48358565621313365,11.516814578065816,10.160966854971532,2.5761266562654317
2026-01-17 22:00:00,22,5,1.7647050565505376,1.9670984944659886,226.92030439130448,2.647057584825806,2.950647741698983,43.58392262981025,46.184316691037935,17.647050565505374,10.035781370109273,15.774033729061115,59.55048876510189,1012.840485731277,50.01923294007759,232.78830481688343,0.48053095708395627,9.304348812291154,11.05415249407221,2.8181678053237995
2026-01-17 23:00:00,23,5,0.0,0.6250930260767842,214.0042293894654,0.0,0.9376395391151763,57.61444322218777,55.13307994555284,0.0,10.473651154797938,14.474408030224083,55.54928824875241,1007.5282349616883,49.94191742669215,229.0899371880231,0.47465231156555915,10.245103728158147,8.75015854319984,14.241024217142535
2026-01-18 00:00:00,0,6,0.0,-2.842089319534365,210.3198008884627,0.0,-4.263133979301547,48.03172735935612,48.2924383581542,0.0,7.974599623509564,11.345811240129708,46.72673730508912,1010.2303963346951,50.005040884976005,230.07816240811357,0.45845362529231093,10.056059704192672,9.20027175361778,-8.721948973056913
2026-01-18 01:00:00,1,6,0.0,-0.38360486456244214,181.9445810701072,0.0,-0.5754072968436632,58.786704553885045,63.03151068375404,0.0,10.45169358758265,10.891495912059145,60.32617240972516,1004.351788548055,49.95315741396769,230.76900059789241,0.4736807004030118,9.707673019354665,10.38793232289827,-1.116320078560486
2026-01-18 02:00:00,2,6,0.0,-1.6137666594752498,169.36054672267355,0.0,-2.4206499892128748,64.47965000891786,64.24379464873286,0.0,10.448624461707418,9.837626493115591,51.21285867026646,1013.3063840001424,50.02778338938041,232.04541540539395,0.48558742613409284,9.85015262146348,10.354542043605761,-0.4774117205232007
2026-01-18 03:00:00,3,6,1.8854690372112037,-1.0175981330108541,175.90903314807613,2.8282035558168057,-1.526397199516281,42.334390022267435,42.4898742234399,18.85469037211204,8.708236092685436,8.904900871811803,63.01337236542189,1020.06272769827,49.981495020498734,231.42917292462758,0.4800519463549612,9.922958110040774,7.932100466763419,0.8708553133081331
2026-01-18 04:00:00,4,6,0.0,-2.8570931860395663,143.80569366342561,0.0,-4.285639779059349,34.28021437754688,35.672704520209315,0.0,12.026243537876658,9.722540918207256,55.223735201649056,1006.6493736022868,50.04571104933152,230.66836351782894,0.4850526678625959,9.019472425766404,9.80990521215621,5.2412655268812625
2026-01-18 05:00:00,5,6,0.0,-0.7684383860928913,154.6509425353178,0.0,-1.152657579139337,46.75816598503655,47.21473217180517,0.0,10.7254540325055,15.406675000219119,44.540614917056836,1016.5278109434225,50.00222727491674,229.50228383627007,0.5030396074739777,7.905018595127755,9.15443634609325,-3.6578558921559394
2026-01-18 06:00:00,6,6,3.881071761277327,5.490083470003196,149.98533235493596,5.821607641915991,8.235125205004794,64.73347448065867,65.89844986433513,38.81071761277327,4.897785373364768,16.36311613217498,57.90266310290637,1011.0823376009337,50.0191593530161,227.13594021113664,0.48569502055705127,10.459616066396267,11.839969237566377,0.5848112434162211
2026-01-18 07:00:00,7,6,13.434822159395525,16.18722907960745,169.84665748012972,20.152233239093288,24.28084361941118,45.480346831127136,42.49416117580164,134.34822159395526,9.229452267683207,16.353335473949457,52.17051301785161,1005.7540295997235,50.02897351057341,228.50083458112056,0.4863489885430605,9.367190537132693,10.138807831025291,-3.323086219848052
2026-01-18 08:00:00,8,6,0.0,0.51825986654787,169.31282459859483,0.0,0.7773897998218051,49.315582343325154,51.06030616979759,0.0,8.63829775983853,20.31426679002547,60.96298678928464,1015.7544629863002,49.928622156535546,227.09698790474047,0.4701560979796659,9.640870413142586,9.63282858326856,-6.615124149250931
2026-01-18 09:00:00,9,6,3.628006303380814,2.3478240032258433,178.02446684642942,5.44200945507122,3.5217360048387647,37.67185562197206,39.6463999805224,36.28006303380814,9.43888616481518,17.627952667403523,25.290327663339085,1016.4662834918589,49.94726174778201,231.17792963231497,0.4693873177493574,9.897138699912592,10.914492467474822,5.393886352553743
2026-01-18 10:00:00,10,6,0.0,0.2282853083641505,169.97785888095248,0.0,0.34242796254622576,47.68810433695564,47.28300006261717,0.0,9.893118092825315,24.834879362160258,59.57704101415371,1002.7145606717759,49.98389940218429,230.11081781965035,0.47466944056238447,7.477947746350617,11.552402024751661,5.662506443806242
2026-01-18 11:00:00,11,6,0.0,0.8652768795135843,185.82539403615593,0.0,1.2979153192703765,64.2293062929495,65.95546328180146,0.0,8.577979954688402,25.54088629179469,39.35278263120111,1016.0017234944477,49.92133249049068,232.98983269910366,0.46634534984343445,10.768959376226197,10.634634413465701,-4.1183066590568425
2026-01-18 12:00:00,12,6,1.0284260299513082,3.0820137709450766,217.80246714974095,1.5426390449269622,4.623020656417615,54.88893169410672,54.75859998977646,10.284260299513083,11.154962708877862,26.748657734740604,44.640715742658216,1011.8194628029332,50.028562929418,229.14306648631083,0.46395255301640004,10.738755934065582,10.747909080642195,2.9845023266071506
2026-01-18 13:00:00,13,6,3.7144875125025707,3.39793563280446,216.84328739723105,5.571731268753856,5.09690344920669,52.56397459121772,54.26792804787609,37.144875125025706,11.300620969644703,32.14637047456691,50.156844405457946,1018.2043886154698,50.02864312992728,230.0437434094647,0.47120743552789135,9.018638015698874,10.575072637343307,-0.9807017293507105
2026-01-18 14:00:00,14,6,3.066891494609497,6.118298571955878,234.74662752916004,4.600337241914246,9.177447857933817,71.72985766051195,70.48010536024242,30.66891494609497,7.012014811414528,30.20088254353718,56.362047977294466,1018.396090063559,49.96643691876838,229.15571144067442,0.4650817159699345,9.862061566897312,8.774228941105077,1.5884483693436868
2026-01-18 15:00:00,15,6,0.0,-1.2648749647223039,239.98013738703472,0.0,-1.897312447083456,44.562113566437816,45.67610243966031,0.0,8.61396385151291,31.928831960534033,40.39169903450163,1012.5686886345582,49.96191817709027,230.18590653814223,0.4584131995347334,10.223102205995094,9.299514235084953,1.6245896370596544
2026-01-18 16:00:00,16,6,1.8812039850552469,4.3899607810013865,241.2614754735471,2.82180597758287,6.58494117150208,50.33269389953705,45.93932187472104,18.81203985055247,6.865993202829435,29.033692054245993,62.72778028772915,1023.0034362447601,50.008958458723676,230.49903909285865,0.4516619867635501,10.446138210792723,10.797011576255352,-1.3975928676902716
2026-01-18 17:00:00,17,6,8.824114576926767,9.812433386887221,245.88200678470403,13.236171865390151,14.718650080330832,56.302180952535025,58.199766338031935,88.24114576926767,8.564248838798756,29.09895268530623,56.15696819929817,1011.2478339236994,49.99047203280386,231.90679251302893,0.4550744548654226,9.097192974565091,10.087805571137674,-5.045891656537121
2026-01-18 18:00:00,18,6,0.0,-1.681204741747703,253.01852362830454,0.0,-2.5218071126215547,50.460401953638076,48.36151204509753,0.0,11.531127670094,29.318835638809,65.51921327316443,1016.6758043091708,49.911438261498816,230.86767909040674,0.46548479279074556,9.807579491943489,10.926939417511909,6.003036354452927
2026-01-18 19:00:00,19,6,2.0616131092822156,8.621604809675016,250.95391982597243,3.0924196639233235,12.932407214512525,46.02804796079865,46.4252092729601,20.616131092822158,9.14198020887198,23.838758949547337,46.450946163551706,1004.6657879488334,50.04813469437297,226.88227583377588,0.4582572991315275,9.542351777355371,9.059107798912164,-0.5952955255666635
2026-01-18 20:00:00,20,6,0.0,0.6581382173727897,256.02931887458203,0.0,0.9872073260591845,40.449173523198596,41.86188705798665,0.0,9.596916827993397,20.804904226479163,78.57815133578336,1019.8969717391979,49.966744999129006,231.2197244533785,0.4638209798851489,9.932501840473373,8.574670687909048,3.9487822859585493
2026-01-18 21:00:00,21,6,0.0,-3.352211749799295,241.20268213372717,0.0,-5.028317624698943,53.40077556114609,55.94121883998377,0.0,12.61638125974524,15.829410692097973,42.92580940101332,1012.6940386899669,49.982611959904695,230.42504136031542,0.4839896545320046,9.171230930571397,11.416042411036946,-0.7889207750313633
2026-01-18 22:00:00,22,6,0.3036428745760482,-0.8493581335416933,240.01234674081533,0.4554643118640723,-1.27403720031254,51.296229514200874,51.25703940297695,3.036428745760482,9.715633497471694,13.006776743979074,64.59469802979403,1013.6428369756,49.95657638475135,230.29749695983517,0.47410440693912803,10.960838189825463,9.79386087932794,2.3618460666475056
2026-01-18 23:00:00,23,6,2.5893061436221334,-1.709395395793531,210.2860738014585,3.8839592154332,-2.5640930936902966,57.420068732455746,59.174493882406615,25.893061436221334,11.34869145142044,11.971943199718956,49.756200041634045,1006.0396007414882,49.95633411411017,228.57345165807592,0.4622798059463316,10.184379363542517,9.909051782896677,0.04983299623350001
2026-01-19 00:00:00,0,0,0.0,-2.9658080952799764,197.16490973910504,0.0,-4.448712142919964,54.14108480556344,54.38797598450233,0.0,12.036808777250656,13.297954456514098,71.86122198306217,1014.1096924209528,50.060979981079434,231.6636593592842,0.4636745182519049,8.338152917478029,11.359527524392453,6.0635501615155585
2026-01-19 01:00:00,1,0,0.0,2.146791503562886,181.1276408059316,0.0,3.220187255344329,42.83739485403492,44.3751643602571,0.0,11.97423938929326,6.729203617476426,66.33372654987585,1013.8337661753561,50.03604950356431,228.99583450175328,0.4556919168800142,8.422971665388163,10.597814711816145,2.1776133856380646
2026-01-19 02:00:00,2,0,0.0,0.4939606924819518,164.27880401095047,0.0,0.7409410387229277,37.66609730845074,34.21640048855341,0.0,9.192272395706965,12.502040800710246,81.30499125789935,1014.0756676653124,49.95439905191855,229.2443973649647,0.44351868219011314,10.663098691487502,9.021292362503306,-1.260391029585163
2026-01-19 03:00:00,3,0,0.0,-1.2762596265264134,168.5833557582783,0.0,-1.9143894397896202,44.12734179813968,43.77932166671214,0.0,12.710286575674653,9.346318081894117,38.01616536150233,1014.5691915286078,50.01205293697958,226.68495833815217,0.4363708008230769,11.114343134629815,9.815390533596144,-5.2030713877414065
2026-01-19 04:00:00,4,0,9.990148518140568,8.525083394693795,154.22548644792025,14.985222777210852,12.787625092040692,37.90977961683977,37.587171282302506,99.90148518140569,10.799970589485454,9.557650592347084,57.075474261905484,1007.6159779451867,50.01490535271434,228.90103961950203,0.4253601053711909,11.704553494978697,7.444085902155258,-1.6529637156032428
2026-01-19 05:00:00,5,0,4.969962614064815,1.9609627828019733,154.72430355941822,7.454943921097222,2.9414441742029602,57.687037982310216,57.112930844526346,49.69962614064815,11.764126228977933,12.173584284829987,44.286316768260676,1014.863225385323,49.94232410356789,231.13935391957307,0.4344393891756939,10.099684848587259,9.596650035082806,0.7555614917800644
2026-01-19 06:00:00,6,0,2.6086757528994484,-0.2864518357975996,139.28281350404723,3.9130136293491726,-0.4296777536963994,41.10858072629573,38.53948342039803,26.086757528994482,9.230000919586677,14.099557473898853,57.645126892634444,1018.0964286684183,49.98846985717205,228.51631879586387,0.4093768231205744,9.915891246402925,9.310497745665863,2.6866726699156604
2026-01-19 07:00:00,7,0,0.12333749435014207,-1.7977872976337603,158.58489198507849,0.1850062415252131,-2.6966809464506403,43.563720423804114,44.75366077136104,1.2333749435014207,12.491144535544608,19.139881567621398,33.073811370852454,1011.5103902100036,49.96443211669794,234.4905749634511,0.4211085708417593,8.73264003136361,8.92672487673585,0.1401701082237716
2026-01-19 08:00:00,8,0,2.935380562772237,3.6303928409168438,154.6666320948689,4.403070844158355,5.445589261375265,52.55489822474038,50.13940721180013,29.353805627722373,10.14657653354748,17.165050417851365,47.82720082973687,1009.216957634725,49.98477672710793,230.44003743483972,0.4309071022221739,10.471746035263493,9.056047677017801,1.9043061823615195
2026-01-19 09:00:00,9,0,0.0,-2.2703769595655636,195.42188731261598,0.0,-3.4055654393483454,54.81756110812231,55.38311359642106,0.0,11.777909128360504,22.456417100536786,50.5121144150808,1013.6334039946523,50.05298124137299,229.87565233611778,0.43617882599035807,9.742754205419716,8.24318897938095,-4.872032369095842
2026-01-19 10:00:00,10,0,0.0,-0.30854148950221144,171.4292204517305,0.0,-0.4628122342533172,32.5232019351149,30.98290229531516,0.0,8.7684572134795,25.265655743629267,46.12338952678379,1009.6238121789904,50.039859201599135,228.2550416556553,0.440937960574673,12.056841723233896,11.359921726729342,5.098741709913641
2026-01-19 11:00:00,11,0,0.0,1.036989032633039,191.10195774956318,0.0,1.5554835489495586,58.752831326167126,58.86207693581086,0.0,9.743027038720935,24.768581367651134,48.566134068451454,1009.8984577681621,49.99844257955329,230.81919415398107,0.4376816661318804,10.737998616719755,9.408896545798047,1.0796488034605942
2026-01-19 12:00:00,12,0,0.0,-0.8738625188090301,206.1199299291962,0.0,-1.310793778213545,53.6760277073604,55.27645835177157,0.0,13.351951441471755,28.67660562473435,61.117088052512045,1006.0527309273525,49.93895253564246,230.21888086649486,0.4376121633227859,10.966631488543348,10.55542409145505,-2.4928415110686357
2026-01-19 13:00:00,13,0,1.740248734978881,5.379595079278139,222.20230456151086,2.610373102468322,8.069392618917208,49.58690233779287,54.93669161214139,17.40248734978881,11.024084513805779,31.75243642692932,40.10726785949721,1015.2650127596021,50.065138896851025,231.2285650387546,0.4387880790211564,11.487704185267384,10.25731055117503,-11.236349032768405
2026-01-19 14:00:00,14,0,0.0,-0.024211272344990206,218.8717181760401,0.0,-0.036316908517485307,60.496118561826634,61.133396338074,0.0,8.085229521215199,27.471747877850976,57.27867472412984,1004.1245797280066,50.026241781403215,229.43354890657716,0.44313218845446734,10.094047218624409,12.2841399853529,5.909586594407318
2026-01-19 15:00:00,15,0,4.238053397475285,4.376793995519391,236.0014747107991,6.357080096212928,6.565190993279086,59.65496072562276,58.94703579655628,42.38053397475285,4.626637557856944,26.534380267041247,50.25010553798466,1012.2572783622643,49.991105608186466,230.19341652072148,0.44780430057134524,10.025772632577183,10.597611869309807,-1.8981257381210535
2026-01-19 16:00:00,16,0,0.0,-2.165691852714377,232.65519164911288,0.0,-3.2485377790715657,63.7189235072913,65.04536258916866,0.0,10.556773509249032,26.78302894535608,51.50956671277329,1012.609545571221,49.97144915664014,231.8426753837907,0.4435293679352053,10.566104488387394,10.33997510225402,4.179705970748685
2026-01-19 17:00:00,17,0,7.515384626241431,7.7014679810825974,259.7888711462772,11.273076939362147,11.552201971623896,43.97618827531504,47.35581726236905,75.1538462624143,7.021999399314142,23.493772246397732,48.95262332018353,1012.7295813831176,49.98807725407584,231.9281734554586,0.4399281041370407,9.220020472463714,9.481647987030785,-2.282563085778315
2026-01-19 18:00:00,18,0,0.0,-4.145709105953818,240.39318873932223,0.0,-6.218563658930727,47.39427154458605,46.727315411623835,0.0,11.084248369695798,23.7691208585728,46.18756175183367,1011.5431808477326,50.02723471886855,225.01575864367248,0.4306075513772836,11.302414181605863,11.167460896811082,-1.239221256853061
2026-01-19 19:00:00,19,0,0.40592795776253143,-0.743440327652892,255.66709502056003,0.6088919366437971,-1.115160491479338,58.175352203266755,56.57711571446557,4.059279577625315,9.561732798292214,23.108812673833054,50.66807587558316,1021.7439763003918,50.09980329794773,232.34148179134587,0.4491072300676435,8.395375548184596,10.538197120054106,-0.6931677965337788
2026-01-19 20:00:00,20,0,0.0,0.08902420637056027,231.9012945982085,0.0,0.1335363095558404,46.42961969443417,46.30547464639463,0.0,7.047327523741499,18.57707803096239,47.04341023418719,1007.6392538558214,49.98405787898708,229.35076020145,0.4527210503480971,9.178484880382603,10.219059254525314,-5.817606982662857
2026-01-19 21:00:00,21,0,1.2240406167695266,-0.6247466052676531,226.87795563871398,1.8360609251542899,-0.9371199079014797,48.25716942813929,51.75400090484568,12.240406167695266,7.167262288075405,16.503421010973668,46.35930085331526,1013.6447178867409,50.010806527104684,230.0151662994976,0.45772750820937674,10.074250272884306,10.772884280740156,1.1840589293897392
2026-01-19 22:00:00,22,0,0.0,3.0184026068298824,239.3229250146062,0.0,4.527603910244824,44.215945856134,41.00723557178726,0.0,8.439830555669014,15.141892948622427,40.47182809450986,1014.8556380416675,50.022983839348534,230.18568143058297,0.4756578164278199,11.3421754240941,8.538956984682166,5.815390393696658
2026-01-19 23:00:00,23,0,0.0,0.3137578602793295,211.18147019018613,0.0,0.47063679041899426,29.981724503605346,26.254207328585665,0.0,9.142006859094439,13.442841765629755,49.077437619335996,1010.9060822004028,50.014361601746934,232.83881721250074,0.4728785901341681,8.401213424989544,10.344367754825846,0.2557415091854889
2026-01-20 00:00:00,0,1,3.7010990890357833,3.7573416748245174,213.24525161318815,5.551648633553675,5.636012512236777,42.79827466843666,46.18167116018355,37.01099089035783,12.598004808693318,12.248672698996335,53.904931980406985,1022.2819430558204,50.0741001302421,229.94807501225802,0.46720938702592085,10.299155375160975,9.56321950048371,-5.800152859585898
2026-01-20 01:00:00,1,1,0.0,-1.9173529440970347,186.1503006144256,0.0,-2.876029416145552,51.17712066660612,50.30765385155069,0.0,8.71883083111545,7.584272616000755,57.23502737634203,1003.8007486717632,49.980675001653296,228.52173420711915,0.47551825666215086,10.215298840757699,9.559611009500625,-1.079820278071847
2026-01-20 02:00:00,2,1,0.0,0.28153204309207835,164.5322595753982,0.0,0.42229806463811753,50.6545894122652,47.80415252673475,0.0,12.726106532974056,12.412675800865413,53.63912606225564,1011.4600855157826,49.97022404110885,232.6216692862234,0.4716305681920308,8.880942336370321,7.425246535503746,6.006949749268019
2026-01-20 03:00:00,3,1,0.0,1.6176063711864146,159.99229887740333,0.0,2.426409556779622,54.719972335131374,54.19033263159577,0.0,9.839081265198095,7.355802394769734,40.63512446315485,1001.5453492653191,49.98579928043814,226.90548925179647,0.47343391321619543,8.514657291051885,10.327361910937027,8.910039920889224
2026-01-20 04:00:00,4,1,4.947403586147076,3.3047523613533913,167.14043429044332,7.421105379220615,4.9571285420300875,52.3428326620761,54.734260859408856,49.47403586147076,10.060775735520227,8.86622390893967,54.63789898257307,1020.6722909160784,49.95732251538278,232.17958795255637,0.473169349450946,10.15509297589351,10.74271003029891,7.333767498279114
2026-01-20 05:00:00,5,1,2.4693761349257177,3.855472450499541,129.67639491808293,3.704064202388577,5.783208675749312,48.141853059272236,51.656707998258305,24.693761349257176,10.388586474115058,13.346066352377619,58.089634081963496,1009.0740984449992,49.993711415848395,231.78294745038755,0.46176170718680765,11.129140385291066,10.006893369026253,-2.338481536909434
2026-01-20 06:00:00,6,1,2.3053931188953545,5.433056345723655,162.45454258827095,3.4580896783430317,8.149584518585481,48.80126264680411,47.364463910694816,23.053931188953545,13.783934276630573,12.010533920400757,47.216126425096164,1006.8188930275223,49.975674474363196,229.8902805169566,0.46189544996694964,8.56863014430157,10.615544235458406,5.026434409095949
2026-01-20 07:00:00,7,1,0.0,0.11852963275164623,163.77924825316072,0.0,0.17779444912746933,47.256430265457695,49.24373043200874,0.0,7.6767548034535125,20.19851587157716,54.59653128663157,1007.9329913226564,49.940697150613744,232.25874305086134,0.46193823141932483,11.647050403075369,10.429996770678006,0.5248714794603664
2026-01-20 08:00:00,8,1,0.0,2.0950298784323063,157.68368624670956,0.0,3.142544817648459,41.85373912678874,42.8190987102219,0.0,10.140492459252075,20.38720808149311,51.99088936515155,1015.0555273560416,49.99399412435639,231.3878077322638,0.4701695727445643,9.83366833030088,8.825211585499037,3.236260652022869
2026-01-20 09:00:00,9,1,0.0,-1.2561387927299463,148.7972151572712,0.0,-1.8842081890949194,35.79661859489281,31.648505689846708,0.0,8.71643396714377,22.831774323175622,64.93847322252013,1007.5632354584893,49.94828312400969,230.6901952651398,0.4667943021364893,7.852648714189208,11.442299556726711,0.2906050407580349
2026-01-20 10:00:00,10,1,5.567025428140826,5.2707291345037675,170.11629179819042,8.350538142211239,7.906093701755651,54.39547972064941,51.29348368826713,55.67025428140826,9.954670072491684,21.152383418261717,55.44707009963469,1021.5922032744267,50.01709285809169,229.31576033392625,0.45891626892511744,10.636426602254407,11.285163184439073,-3.714059767751033
2026-01-20 11:00:00,11,1,3.6893718103175877,3.5948135432595376,193.7363544256899,5.534057715476381,5.392220314889307,46.83737198768408,46.8040835787427,36.89371810317588,9.856829056391714,24.52334284912726,43.77837256552052,1015.5660695197885,49.95711845314892,229.3267009830153,0.45773368878063403,9.601019168768817,10.693592944284847,-1.3585636405936832
2026-01-20 12:00:00,12,1,0.0,-0.059915145762047956,190.75590903192685,0.0,-0.08987271864307193,48.163269156575446,48.169112520411154,0.0,10.294232441757512,25.84489312226666,47.154133663751225,1013.262846815433,50.02432032946861,232.5719544610402,0.45976990726595723,9.744367596686422,9.482419943384746,5.36129037387666
2026-01-20 13:00:00,13,1,0.0,-2.2531575325764264,214.7569685268687,0.0,-3.3797362988646396,61.5790292271962,59.70339137228949,0.0,8.198343299682708,30.80464208609449,62.354811642897786,1009.3143943379789,50.03418972406472,232.21033608358363,0.4755998865454725,9.931024115029064,8.518557910427452,1.3676511302453194
2026-01-20 14:00:00,14,1,0.0,0.6230456550279219,227.40518036337127,0.0,0.9345684825418827,52.71754685714107,54.200288783735935,0.0,11.154021159927241,29.229758917058643,58.090061616232205,1017.6503141572471,49.95347023924809,226.59910905759975,0.4763496938831076,10.42107994062519,11.085516829873162,-4.795533804994271
2026-01-20 15:00:00,15,1,0.8107247503495877,-0.9932400255030039,231.75937035163798,1.2160871255243815,-1.489860038254506,36.67643338452666,34.619269252102,8.107247503495877,9.3565304597244,27.924252317419725,58.16415577804594,1015.400762589292,50.01729629219606,230.7727733402812,0.48460167469749976,9.84836623026359,11.102612008784316,0.08754833559492875
2026-01-20 16:00:00,16,1,1.659209908938787,1.5894535971425703,255.3833337926389,2.4888148634081806,2.384180395713855,37.90276764839699,42.38663480398934,16.592099089387872,10.513957208692863,27.87158375659693,56.53668891495072,1020.6749876242205,49.937421501149885,229.4279095347511,0.4876472371150001,10.267563420248688,10.857325417691493,3.3230003364637444
2026-01-20 17:00:00,17,1,0.0,-2.9016641229374676,254.12800810963955,0.0,-4.352496184406201,38.40817673416135,38.57926343454081,0.0,11.315619931570223,26.937945148097228,62.014328864170444,1015.4337463478153,49.96084568878436,225.64392003052728,0.5061640835052842,9.23298602582758,11.13799186138481,8.943406039824465
2026-01-20 18:00:00,18,1,0.0,3.0917127855336055,240.5390462038381,0.0,4.637569178300408,48.911721751788996,51.156205071113384,0.0,12.963513958079186,26.109803365000886,59.88667166178288,1007.4561954158773,49.97620502790144,229.65765098183235,0.520184935606764,9.347112259888016,10.534349205824263,-10.984057211511065
2026-01-20 19:00:00,19,1,0.0,-1.5422023784243033,246.06910895218437,0.0,-2.313303567636455,50.332091621520405,49.20348162599765,0.0,11.352250489908098,25.672333735019375,61.38889940451466,1010.1876640138308,50.000149420896484,228.68045591344352,0.4991954000412774,10.309029804814593,8.229069015238455,-4.055223370480258
2026-01-20 20:00:00,20,1,1.2170231602886958,2.5514290419510948,247.59152279739303,1.8255347404330438,3.827143562926642,59.318315949103294,61.036305101123936,12.170231602886957,5.660382003538698,19.67494057544531,60.010559971023696,1015.611769495457,50.02641283285378,229.61833089153367,0.4695663142055015,9.589931101784916,9.763204659988439,9.346698268333041
2026-01-20 21:00:00,21,1,0.0,-2.7925126927813406,244.48329245326934,0.0,-4.188769039172011,48.97039317354897,48.82717074317257,0.0,10.206565072009004,22.04243203490166,52.523681777162636,1012.7934757184963,50.000741532497784,231.4856225898477,0.48149293021709916,9.62472726973575,9.953906824096443,-6.416915131962295
2026-01-20 22:00:00,22,1,2.78108271000435,-0.3466685116531423,221.53721504685174,4.171624065006525,-0.5200027674797134,42.8756085551609,41.15285186172974,27.8108271000435,12.833314170135008,13.661198134721483,27.089792942410647,1004.7818125322491,49.939682921817436,227.923627024987,0.4754273731503269,9.393426446004648,12.822799282237291,-3.785592413380576
2026-01-20 23:00:00,23,1,0.0,-0.7493827895220153,235.929859426131,0.0,-1.1240741842830229,51.352213502325974,51.06688725062997,0.0,9.250004225069045,9.056410224090378,43.20060236349883,1022.7576206710145,49.95324319963302,229.20017112933132,0.47183682741495636,10.092815460926264,10.083087846629768,-1.7968906418055444
2026-01-21 00:00:00,0,2,0.0,2.409352197261124,190.52989316530693,0.0,3.614028295891686,40.989466706342384,43.13559323044705,0.0,10.380962863070279,13.105513665454206,72.38736889528437,1013.1565317069391,49.959716286768995,231.67047973266463,0.4819353315035021,10.35008188772612,9.512132220968677,5.72328854741393
2026-01-21 01:00:00,1,2,0.0,-3.4299446463134124,187.13168264840996,0.0,-5.144916969470119,36.30014528254215,33.273988877038676,0.0,11.208376946404998,11.340885572499214,38.874021554767246,1014.7260756727137,49.98062805497018,229.74169940762832,0.4824815547171156,9.601721343744817,9.896934313779523,3.5765343950452215
2026-01-21 02:00:00,2,2,0.0,0.8310844468648156,177.99659340901567,0.0,1.2466266702972235,57.784301748934034,61.59915178044339,0.0,9.777672904179326,7.59084117549078,39.143362290326316,1014.9145718319465,49.95128066655074,232.9507388715073,0.49642860736876143,9.50839857937845,8.411993728356608,-6.779102560432671
2026-01-21 03:00:00,3,2,0.0,-0.3765640626639382,152.36784511772746,0.0,-0.5648460939959074,55.65806393590747,53.57743622869095,0.0,7.201473221241947,8.06704082541715,35.783190881519815,1011.1768752512614,50.0331142615603,227.04696785672687,0.486999333586949,9.803424708486252,10.30637237571079,-7.650695422269499
2026-01-21 04:00:00,4,2,0.43186476299946314,0.5335963940644165,154.73389766039853,0.6477971444991947,0.8003945910966248,50.809145046119774,49.76214689234418,4.318647629994631,7.66090804326801,10.711041909706218,62.248510913852755,1014.3988160736494,50.06359218065605,230.15854002326893,0.49240183770305046,9.566348691533735,11.18548072260136,4.66340294889054
2026-01-21 05:00:00,5,2,0.0,2.625405449311358,167.47504673314998,0.0,3.938108173967037,46.59881648850243,43.09767338352422,0.0,10.939863665040791,13.03880228762766,36.84010035452262,1014.5031055133627,49.987946474679404,231.0870854657035,0.48075699340406963,10.66457476987048,10.461832398411133,2.045263716279901
2026-01-21 06:00:00,6,2,1.9990709654318028,-0.2005215881391751,157.5295068695559,2.9986064481477044,-0.30078238220876263,40.39713106562517,36.10485860821706,19.990709654318028,11.22846425416588,13.33552129584579,39.63380387808413,1017.4765218804156,49.903984902371356,230.66773320479308,0.46857841954498247,10.638267137020994,9.285883401690848,1.7162862588007002
2026-01-21 07:00:00,7,2,3.493427389794675,4.350637913980053,164.12557200926994,5.240141084692012,6.52595687097008,57.045462280071675,57.313295347876284,34.934273897946746,12.168222751521643,20.235032291377504,58.00199772944329,1012.3688298918631,49.99064236991355,229.0012247736312,0.4601668265295909,10.078903072620516,9.799492969846447,-4.993186518276758
2026-01-21 08:00:00,8,2,1.7411992059149197,0.7985853002453045,158.87725310156833,2.6117988088723796,1.1978779503679569,46.97316897148525,41.935082396500654,17.4119920591492,11.352985258127214,22.08080916649882,41.86139275302294,1013.3630298512479,50.04306840276813,235.08668082218045,0.4708624125001442,9.894115031634724,10.225277345171193,6.948092212286946
2026-01-21 09:00:00,9,2,0.0,-2.8377030987006844,161.6331016703416,0.0,-4.256554648051027,42.90794882852432,43.275197239126385,0.0,8.054846833364982,21.251081796941854,36.14996958627057,1012.8686435578579,49.96887896487461,227.9711245787302,0.458418673174808,9.888210911179398,9.863910437497637,-2.9256558690312637
2026-01-21 10:00:00,10,2,5.805760930414163,7.302613547124796,170.6844202832091,8.708641395621244,10.953920320687194,69.65574255701253,73.0885801187638,58.05760930414163,12.089672607415128,29.127196707679964,55.0118455138146,1006.3754348569187,49.97931655254317,230.17901199464131,0.4625870781853779,9.963149378331703,10.422501289119664,-2.556459198739019
2026-01-21 11:00:00,11,2,0.07651573650001908,1.539914719020939,175.03955406130197,0.11477360475002862,2.3098720785314084,54.621987091041674,55.767364993229016,0.7651573650001908,15.537167300550372,29.6957664784295,41.661597945515986,1013.1989350959111,49.93365961374852,226.6187828907362,0.4510275481630435,9.045278267070104,11.592725394533208,-1.0025104766263375
2026-01-21 12:00:00,12,2,1.9408638524936859,0.2539444566710769,204.87026333251924,2.911295778740529,0.38091668500661535,42.397631259055586,40.52748302063911,19.40863852493686,9.09913308445484,28.897774828008085,43.34663457769822,1017.0111807724346,50.06353454319001,229.09018083491415,0.45042182426764565,9.051185317001492,10.846418176533575,4.7537934538389495
2026-01-21 13:00:00,13,2,2.2260894517711387,0.41531441351563747,215.54287045792262,3.339134177656708,0.6229716202734562,43.65708719777329,47.16904628211799,22.260894517711385,11.118875179819682,28.698755555579357,55.40270305343999,1018.9265472677813,50.05341297109511,230.55324040974855,0.45091976753115,9.374990449473502,10.192207552144906,0.6471457084394612
2026-01-21 14:00:00,14,2,0.0,2.102331308872883,231.87024114526676,0.0,3.153496963309325,67.83560886334851,71.55172568703448,0.0,9.604970218077542,31.37348828630752,65.58496826636899,1018.9723825296816,49.92443132262872,229.81758255757987,0.4382967059946955,10.47332714960929,9.791062013958577,-2.344481842170765
2026-01-21 15:00:00,15,2,6.492019568709372,4.272064829919948,229.79470472790877,9.738029353064057,6.408097244879922,49.69045084147115,47.71115865128544,64.92019568709372,10.339062872728524,27.997768761985924,39.27961806782534,1014.1517692723268,50.00700645625032,232.76160596484365,0.4245891432118942,10.351594362417938,8.35574009620232,-2.0335356592045843
2026-01-21 16:00:00,16,2,0.0,-1.4897885305886585,248.96328842420016,0.0,-2.234682795882988,44.6330622581543,44.05507273762136,0.0,8.814967973608194,32.873102317958114,50.256902700687114,1007.8248566384224,49.9263288193952,230.0805558743907,0.4288497151332366,9.995374641858803,9.020554081203587,6.599298270557339
2026-01-21 17:00:00,17,2,0.0,2.2862738370817035,253.78682562534567,0.0,3.4294107556225555,40.571635775021846,40.414159979711464,0.0,10.365071151640649,31.29999523123618,20.81904374337086,1020.1806736488649,49.98743559817525,228.04042515597087,0.42591207443441964,10.389843882756292,9.812629492688448,3.0918724563081135
2026-01-21 18:00:00,18,2,0.0,-3.292522595337518,249.17881852312615,0.0,-4.938783893006277,60.19251411823256,61.210652212413486,0.0,11.131214172950147,25.87835654660091,46.87816237816832,1017.0812427454014,49.96400755257947,229.44605800369987,0.4256518017423151,10.164456105441168,10.30523487325782,6.619708399500592
2026-01-21 19:00:00,19,2,1.9574045674190765,1.261422729084571,246.0917901350941,2.936106851128615,1.8921340936268565,58.23674988883383,59.710707381382775,19.574045674190764,9.695590386390357,21.762309011548446,40.559604290843765,1011.6602441793711,49.93674854110005,227.9570484071194,0.43801994228585195,9.25849684808735,10.044444573854053,0.6954861000217047
2026-01-21 20:00:00,20,2,7.002013633444414,10.606751071487007,248.48448564575398,10.503020450166622,15.910126607230511,53.72996699197408,54.874744556277115,70.02013633444415,8.631742779285082,19.96184713161736,25.95125785232129,1012.7621528151119,49.940518650513795,231.6430016756285,0.4297880254063953,10.085513638745073,10.715884397230024,0.032588616304321034
2026-01-21 21:00:00,21,2,0.0,2.878960158674171,218.76245988738026,0.0,4.318440238011256,51.62267089549534,54.55034698015276,0.0,10.64814603873231,19.994078741632666,59.42242917241497,1012.6544207875024,50.02427225515117,229.6033354623528,0.4288085545814044,11.522783314089923,9.128252797749642,9.2069145075049
2026-01-21 22:00:00,22,2,3.0432628631605523,5.774086414878456,248.1619930048092,4.564894294740828,8.661129622317684,47.773264100195085,48.161917454619555,30.432628631605525,9.376095815940852,15.098638882707423,57.764903437859154,1012.5507092134777,49.9400041945307,229.07750301521517,0.4332433067615925,10.622903119505356,12.350307540859479,-0.019829123444385695
2026-01-21 23:00:00,23,2,0.0,0.5492294454014481,215.3942088189351,0.0,0.8238441681021722,41.24674588042512,42.83413199238811,0.0,11.216218080411585,14.86130781782049,56.321278562741696,1014.2518301067768,50.010463913507856,225.50449489219233,0.43295366008640224,10.302774544238707,9.249899575022718,1.5077072123213884
2026-01-22 00:00:00,0,3,0.0,-2.363348601180975,214.07465784020613,0.0,-3.5450229017714623,52.25635865381552,50.76602752382534,0.0,11.534185931751017,10.811304236101844,49.841886825485524,1014.8702130265015,50.0159016741238,230.47408229248853,0.41909809386949537,9.543303812720145,9.089808046326903,-0.8699391970810468
2026-01-22 01:00:00,1,3,2.023027431969835,-2.147947106451502,179.19452183913094,3.0345411479547524,-3.221920659677253,49.14638866124326,52.347487398142846,20.23027431969835,9.212953777028883,11.983581361484836,46.87018077949832,1020.4350075391408,49.99153238779287,232.80432675200987,0.42795464294807223,9.724034187889742,10.486436102594864,2.230077893101274
2026-01-22 02:00:00,2,3,1.1506875059771446,2.0210887516957494,185.86602432359484,1.726031258965717,3.031633127543624,45.07071664333448,45.58082596868514,11.506875059771446,9.10727635510297,11.873604532646821,74.75747059164533,1011.5609229222431,50.0100167291816,229.4847167692817,0.43286021314243145,9.914762301963767,9.708514004630983,-0.8506910138008754
2026-01-22 03:00:00,3,3,3.5028648319048736,3.817807256327736,159.74196856501595,5.254297247857311,5.726710884491604,52.748302980573186,54.227095191025825,35.028648319048735,9.66759836816697,12.33294208808555,48.16932079149492,1009.414004715238,49.99509343012921,229.51209594998775,0.43705453449572074,9.879360511200549,11.103553471790745,0.2712774451109935
2026-01-22 04:00:00,4,3,3.2333673793017548,6.111238969517976,162.575930348258,4.850051068952633,9.166858454276964,58.34226911349339,59.299998904908826,32.333673793017546,13.432070633484814,10.897882100929806,51.472273878938886,1015.6210374239738,49.925948851673944,229.06206679931847,0.4414128070111745,10.422797270957133,8.303987153338106,1.8876164115354486
2026-01-22 05:00:00,5,3,6.668318404213021,4.599515371229753,153.44869908374858,10.00247760631953,6.899273056844629,35.24071511487486,34.31285950996778,66.68318404213021,11.93638112551594,13.564825982750515,56.88017234125531,1019.7249793914651,49.953209296958306,231.7735604008872,0.4397769592735405,8.976074898111818,8.666438099246026,1.7082683722419185
2026-01-22 06:00:00,6,3,0.0,2.633718164251586,147.47477467143545,0.0,3.950577246377379,41.67934000754092,36.10721922804538,0.0,10.355043210204258,12.499271260988117,52.4667231577196,1021.1339290450571,50.04442988774945,230.6511814054346,0.41540996239233385,9.89684223369834,11.130574391822687,-1.1498385405989773
2026-01-22 07:00:00,7,3,8.515601155941217,10.8006226070426,141.21856134202838,12.773401733911825,16.2009339105639,46.34699943284205,42.91669086291924,85.15601155941218,10.956057789107403,14.107840522617385,47.589564959200686,1023.836811213188,49.97841751525845,229.56371684013988,0.40679311171057186,10.186009817823312,9.029657030945785,-5.084520598982815
2026-01-22 08:00:00,8,3,0.0,1.4516919826601398,143.4553506238851,0.0,2.1775379739902094,54.34958959223367,53.52778956059958,0.0,6.257517146421563,18.69293171500133,54.17431116841166,1010.2819450843375,50.06089409791273,229.1702673268467,0.4156859107384059,9.77023077929023,10.308644783958908,-4.267771746108327
2026-01-22 09:00:00,9,3,0.0,0.9927176608699153,160.81161606701207,0.0,1.489076491304873,42.39832333724088,41.09679038058731,0.0,8.739199286349775,23.59990101344185,50.31557133776562,1011.8001042448801,49.96637545271671,228.32505496804808,0.4284600870904812,8.644805488845117,10.241703219201389,-3.0686565478589296
2026-01-22 10:00:00,10,3,1.3407819107309134,0.33512513962557233,173.7764994681481,2.01117286609637,0.5026877094383585,47.397927929129814,43.717319944654704,13.407819107309134,12.160056776250098,27.03320027389305,52.252485239290415,1002.8624883836507,50.003444150050996,226.98513314048466,0.4276513014720462,12.724820706066227,9.966700650113218,5.373975739690962
2026-01-22 11:00:00,11,3,0.0,2.2174219676137983,205.93273127030164,0.0,3.326132951420697,35.531935598287845,34.64856489142462,0.0,8.38506452176647,26.586592064822693,62.097529791221724,1020.225505576276,49.98114283711478,228.90243312769812,0.4243335759738734,11.192948325261325,9.975421815454286,0.6957818734835052
2026-01-22 12:00:00,12,3,0.0,-2.442175416482189,197.35521426533165,0.0,-3.6632631247232834,59.29928095279951,61.011846056931724,0.0,8.861938542122695,29.315636280992035,53.45207412115964,1008.6730987774101,50.02475186379297,230.5001291558785,0.4188907170235753,10.262557400464273,9.362351075536735,-2.607367257276642
2026-01-22 13:00:00,13,3,2.5069890772585195,4.198604285840617,233.93571827614673,3.7604836158877792,6.2979064287609265,68.71565543626909,68.5099719889757,25.069890772585197,7.908968159832822,30.0006895432185,61.24194095199962,1017.736600946211,50.06807865975815,231.02434568967078,0.42762788315520284,9.755123877579821,8.941066854933435,-3.870459181194142
2026-01-22 14:00:00,14,3,7.235361728569454,8.657286890303794,225.45823803955915,10.85304259285418,12.985930335455691,46.082438035923936,41.987762600516035,72.35361728569454,8.813420024645392,28.66151008957311,41.21018767265221,1005.1036221518776,50.015543559902014,231.04578338812627,0.42297446026359053,10.90836630921959,9.7130344429497,-3.1690248689613885
2026-01-22 15:00:00,15,3,1.2002404329264968,3.015685005726559,240.4491591579796,1.8003606493897453,4.523527508589838,65.78903827237633,66.12671879062349,12.00240432926497,12.366173661825545,27.886116910903485,51.46555370337365,1010.8939775800377,50.04385629116712,229.3991287601075,0.4251850374844364,12.660883244613165,11.331538804839337,-5.939891910466447
2026-01-22 16:00:00,16,3,0.0,1.0132842606001875,248.19162723889409,0.0,1.5199263909002814,59.930269826832884,58.22916661978962,0.0,7.945919439017562,25.27536210860117,66.58759992207725,1024.173727421398,50.038232406282454,228.7460287377768,0.41529522374379796,9.516913120060927,10.473254543141088,-5.608262182761866
2026-01-22 17:00:00,17,3,0.0,2.496212566777819,250.28488770867318,0.0,3.744318850166729,47.94439671846537,48.78705476461195,0.0,10.574028963696216,25.43767794910032,61.07094974686947,1015.7420598130111,49.92699842776235,230.04353511217548,0.39722791131358137,10.147115929894161,9.366810675034708,-4.348076192869917
2026-01-22 18:00:00,18,3,4.375770365642163,4.751110431772019,247.70338578691218,6.563655548463244,7.126665647658028,44.75907181129545,43.42209670577053,43.757703656421626,11.301252864201604,24.537921289068713,44.200778546447786,1014.1187155244337,50.05009456685318,228.54072577569121,0.4094045127139934,9.350496196728553,10.148876481533383,-5.679955443800226
2026-01-22 19:00:00,19,3,7.1296297756167935,6.538510779758857,248.14730380820544,10.694444663425191,9.807766169638285,44.73416755268083,44.5225884648506,71.29629775616793,7.004826150799168,21.31860392077623,58.04604373013309,1021.4323907760231,50.00578228256211,232.90591069652768,0.4166199530690257,9.840839134175495,9.412135574272178,2.2663314693344487
2026-01-22 20:00:00,20,3,0.0,-0.3550376397908351,251.93698412122694,0.0,-0.5325564596862526,48.81959094643161,45.44144176041416,0.0,11.285394757414375,19.59316282969183,63.75110400045629,1003.0500742196928,49.90176884065208,228.92028901342763,0.4138461795626134,9.763637882589647,9.447958669284535,-1.112595723815338
2026-01-22 21:00:00,21,3,0.21681762961905582,1.1832196363314367,224.897531178649,0.3252264444285837,1.774829454497155,66.17107796477117,68.13835311300635,2.168176296190558,6.838335653505434,20.685366918341362,57.72553491644611,1022.620602785875,50.12465545819872,228.0076345599897,0.4240867849713842,8.752867764793724,10.411597355750905,10.590907559906192
2026-01-22 22:00:00,22,3,0.0,-0.2706440883955408,222.41904903735153,0.0,-0.40596613259331127,44.493156404038544,47.618566887990845,0.0,13.091548222278252,15.577177545740431,45.44772843640946,1015.3831722329021,49.95971516085289,225.84302785407743,0.43912492460788843,10.011398922816399,9.812618005885016,8.529723039285994
2026-01-22 23:00:00,23,3,0.0,4.338627745578967,210.4653351270003,0.0,6.50794161836845,71.10496011245073,71.86601255506356,0.0,12.23560583668885,15.866037378436266,50.43976487401041,1014.0400081020684,50.00059228720086,228.99500916469435,0.44005059578620537,10.569671606231074,10.69626880464594,-3.902666445008713
2026-01-23 00:00:00,0,4,0.0,0.8677006904234617,183.8547480589817,0.0,1.3015510356351925,42.29649349320672,43.80780755430866,0.0,7.587432706261906,10.95070002040235,40.52810353009208,1011.9270665053072,50.05879781053174,228.15215285716215,0.45677888826899826,9.931254845382675,9.357755098910497,-0.01789199908128388
2026-01-23 01:00:00,1,4,4.297571954756852,7.587499563493358,193.77144418803348,6.446357932135278,11.381249345240036,55.53460567238618,54.950531279396316,42.97571954756852,14.218134374456465,8.589156998603503,50.819825101257045,1019.5909292750093,50.0404995605187,228.808242292219,0.45186359299039547,9.544378358393194,9.238553104115754,4.886676568764265
2026-01-23 02:00:00,2,4,0.0,-1.6999282717312596,171.99467438384093,0.0,-2.5498924075968894,40.2352817032272,39.31132220306678,0.0,9.910265290158188,10.262451272714161,55.31641345200596,1008.687556601613,49.95683026977304,230.61416144892786,0.43417674034792775,11.634567661191065,10.016472714192025,-3.607353543227772
2026-01-23 03:00:00,3,4,0.0,-2.676399594535522,167.41451623299056,0.0,-4.014599391803284,63.482469678250666,61.066149370889306,0.0,10.320320931183252,12.311413044705288,39.50429633581909,1013.7937177779719,49.97114692021919,229.02266660061588,0.4346995937260647,9.621403807388798,9.022604309771657,-8.972832106628074
2026-01-23 04:00:00,4,4,0.0,2.4250424835205955,163.34710292030329,0.0,3.6375637252808932,59.37560140383724,60.80712743104994,0.0,10.162752445231341,11.626943278612346,57.028375474338915,1002.4978610551706,50.0752090538177,229.61058249386218,0.4164937903692743,9.562294364026087,10.895504664223902,6.363462617859554
2026-01-23 05:00:00,5,4,0.0,-3.672388701533924,154.5444012093412,0.0,-5.508583052300886,58.915815301942935,60.39441719135102,0.0,8.19230294108237,11.501290228914696,43.71129130243092,1014.0791320476395,50.04091301278981,231.41677614979363,0.4188434798419259,10.013537319365817,11.951619152088027,3.51992385544655
2026-01-23 06:00:00,6,4,0.0,0.6050126613607755,146.67500063800742,0.0,0.9075189920411633,43.0894208108791,42.38525046522033,0.0,10.129596603142698,17.935707844034585,46.66289172130004,1004.7317536893515,50.05662218225718,229.05129843665426,0.4099263145676402,9.04122122274378,10.738644426123015,1.6018817776995675
2026-01-23 07:00:00,7,4,0.0,3.8470585067999066,168.88868718159682,0.0,5.770587760199859,51.8256343613258,50.84745549559097,0.0,10.034287495206861,18.685324883046043,58.75355567698574,1012.9585651105967,50.021322633723756,228.47173795674797,0.4212254514787873,10.12951083915953,11.224797536859551,-5.725267321482627
2026-01-23 08:00:00,8,4,0.0,-2.1550559702446406,140.52570209200658,0.0,-3.2325839553669606,48.18106113793554,51.969577501544705,0.0,6.8766166091643655,18.147251206533486,44.85576093172894,1018.001217459766,50.06662159433581,227.3827204488058,0.4180093426644699,10.642317765415246,9.010307142890408,2.1064588205597587
2026-01-23 09:00:00,9,4,0.0,0.9377570515646326,164.78002745957838,0.0,1.406635577346949,61.42708708794355,60.43850064257248,0.0,9.754595613730732,23.957125896294475,45.89787623635473,1009.0844223082668,49.96846043745955,230.40773978825294,0.41075726472061874,9.214871070592373,9.199785771263803,1.4359612091946985
2026-01-23 10:00:00,10,4,0.0,2.9829591782869507,185.0914749399386,0.0,4.474438767430426,61.11801286186531,59.40516127158722,0.0,12.018337537643108,22.85723702204987,38.83813796625304,1010.2533414185104,49.933585476264156,232.77385833143506,0.4101525147418408,9.059166216104007,10.475578011450086,-0.1833028106099456
2026-01-23 11:00:00,11,4,0.0,0.716159065011781,195.60407997280532,0.0,1.0742385975176714,55.47214281914813,55.9576814017255,0.0,4.9238184059961885,29.29419313001897,56.67604235508714,1011.62710509174,50.12566706638161,228.48234751391362,0.419433968474245,9.547210691120572,10.3952865977163,-4.3578506536704555
2026-01-23 12:00:00,12,4,3.3745320761946584,2.5512055901097646,212.5753401438116,5.061798114291988,3.8268083851646466,50.67375414175676,49.43492848567465,33.74532076194659,8.459132371226163,31.139031733356138,48.14073078339007,1014.6513632739142,50.01869212492667,228.00066840217065,0.42934803103395053,8.976210472950708,9.627821736397989,0.29774531761498824
2026-01-23 13:00:00,13,4,0.0,-1.487467024902733,219.24142489414925,0.0,-2.2312005373540997,70.92122192923536,73.39155779210378,0.0,11.196376984316862,27.17282228179636,53.266607351240594,1023.6238060021327,49.983759181002384,232.60210567074552,0.4267864633424563,11.383514803137864,8.734350362491064,-2.020422628533544
2026-01-23 14:00:00,14,4,0.0,-2.601589562637806,233.7214854542819,0.0,-3.902384343956709,32.58889637701235,32.06676918403319,0.0,10.612188928675884,29.630627709786783,64.6567438822386,1022.3892078349503,50.011093545172756,230.13091730763858,0.43077678653265833,10.36379107501645,9.676465606700823,0.8636238389164635
2026-01-23 15:00:00,15,4,0.0,-2.5853005172529806,235.23688764116545,0.0,-3.877950775879471,40.41540372967735,37.873911589508715,0.0,9.031767867367858,29.81487718681293,32.40142440381247,1015.6194835379637,49.92588164495707,231.41950893677694,0.41972082220180884,9.663372261563959,8.293376424785347,4.843545708611077
2026-01-23 16:00:00,16,4,2.6665345264471716,6.250181687934971,222.10227213054486,3.9998017896707574,9.375272531902457,55.05208119875601,56.93895897645334,26.665345264471718,12.369878932370563,29.02681151285035,42.44213497895191,1013.8867958384878,50.03050949266729,230.833072637201,0.4235055524875344,10.99852361528262,9.72084378398404,-1.6603732089194712
2026-01-23 17:00:00,17,4,0.0,-0.4704108789116281,255.74651721276794,0.0,-0.7056163183674421,46.73110560080904,42.46682178483562,0.0,10.813773176215099,27.43693076874311,72.55236012513686,1013.7834333523275,49.96939040833749,230.84639489071864,0.4256349127410115,9.079268513891709,9.525726225823773,5.768308486269973
2026-01-23 18:00:00,18,4,0.0,1.3704691432942149,243.47969745936854,0.0,2.0557037149413224,38.24364920869636,34.591378161522805,0.0,12.071798337715938,25.331610314180555,43.01952039403676,1007.254003328521,50.03464751853997,230.62605974438944,0.4274154928510779,9.869584292961274,9.169179377294826,0.5199307595985548
2026-01-23 19:00:00,19,4,3.9926289183294905,2.183126027172044,247.46008302374523,5.988943377494236,3.2746890407580658,59.09428739324532,63.13523742312417,39.926289183294905,10.189631187369226,25.141112309706116,34.22509902643954,1015.4962623885644,49.97216418661227,227.4396103394375,0.4137843234133459,8.984400597064553,9.915217745608782,7.495772702216489
2026-01-23 20:00:00,20,4,0.0,-1.775880481359974,247.55201010012368,0.0,-2.663820722039961,59.13404543245356,60.61003565666082,0.0,11.135583610643415,13.418672753765517,45.94183920245312,1014.0420389402267,49.96705464815491,230.3400965667007,0.4128450373054404,12.249943098238058,9.250504249104944,-5.76092862496324
2026-01-23 21:00:00,21,4,0.0,-0.2423137417165343,227.68907167244697,0.0,-0.36347061257480145,55.58113270388165,60.563112363470715,0.0,5.120068318209477,17.59401109027932,28.6834703242838,1008.9908784581874,50.00592645822472,225.55699338379225,0.4240405007127651,10.683043110558158,8.725721958605579,0.930022170742517
2026-01-23 22:00:00,22,4,0.0,-0.7641889486540858,222.06144562418447,0.0,-1.1462834229811287,54.32402602600492,54.47942473836512,0.0,11.067022762261075,15.095831694908194,46.035822778237836,1018.7744439798533,50.01188809449897,231.55326863767758,0.4123503285204382,9.597097791713965,9.869008623972272,-1.018081166804098
2026-01-23 23:00:00,23,4,3.007399223859844,2.640068069855869,204.75377418414422,4.511098835789766,3.9601021047838034,50.2248520935812,52.13018973080702,30.07399223859844,10.937831273543598,11.479617396902192,52.70886445431511,1013.5427330502855,50.08171110881021,229.7162382363211,0.393597665732397,9.609819005335714,9.848015606408115,0.26608527265849546
2026-01-24 00:00:00,0,5,5.999969931365202,1.7474938372133577,199.77364631668286,8.999954897047804,2.6212407558200366,53.107264170157336,55.80810620144929,59.999699313652016,11.39888175085175,14.829637293891,50.11498121044189,1014.1614390701277,50.04732615072336,229.83159889208693,0.3835644262296485,10.518106289125804,10.706880039928388,-5.756968240082703
2026-01-24 01:00:00,1,5,0.0,2.731983728278285,187.69049325100386,0.0,4.097975592417427,55.91193037302616,51.63007406022004,0.0,10.092035795052617,13.468517682772582,59.18410079159861,1015.1996585680154,50.00097972907012,230.5745275587948,0.3814833240505413,10.848121357399808,8.334968866170016,1.8268769257323003
2026-01-24 02:00:00,2,5,6.106030869949484,4.864121390724346,169.18311600264678,9.159046304924225,7.296182086086519,62.814220438677566,63.70616506083453,61.06030869949484,10.99194555637693,9.258747155239694,56.76472921813444,1017.4706164628117,49.895268131019726,235.59730207569854,0.3777657769360984,11.407741262631628,10.864761776289338,3.547713568994639
2026-01-24 03:00:00,3,5,0.0,1.2756584552275965,167.73859418192612,0.0,1.9134876828413947,54.644130634967205,54.639323291509356,0.0,12.517952442814217,8.261017004074587,54.91474789809764,1018.6737387209029,49.98800094120598,230.6174512795807,0.3678420019502028,10.338637154781194,9.690002368872175,0.5515201913303204
2026-01-24 04:00:00,4,5,1.4239694970411363,1.3513657593292423,147.07762608461147,2.135954245561704,2.0270486389938633,65.56896111435941,66.3018171354405,14.239694970411364,12.541343799423721,12.415646360064784,46.68890598169639,1022.8901920644814,50.06638291926267,231.12890451977995,0.35226284877678105,10.088748728046223,10.321425827700402,-0.6265733555193386
2026-01-24 05:00:00,5,5,7.2580784787813215,8.38770911411854,134.05895097008633,10.887117718171982,12.58156367117781,43.92451110205051,43.97414790164233,72.58078478781322,9.763673853230413,11.866839208504963,40.30667507230475,1007.4931443396558,50.03992468073855,228.985421372889,0.3491569317828901,8.984007897007777,9.027924497304243,-7.891732356028235
2026-01-24 06:00:00,6,5,3.166242923592976,-0.11785206689419292,154.42881187047294,4.749364385389464,-0.17677810034128938,43.30097723827372,40.594112621825865,31.662429235929757,8.55793232867011,15.338719181454014,37.81292563680538,1019.6737863871716,49.9506513345587,230.03705721896742,0.356440954547272,10.069722460191551,9.696257028546098,1.7545256333317396
2026-01-24 07:00:00,7,5,4.1305981014439235,4.113834973622428,151.751250555314,6.195897152165886,6.170752460433642,67.51742733173504,67.95538112075926,41.30598101443923,10.002292141356682,14.668929750460071,48.42954947448664,1012.1750667774814,50.052604485630646,231.51012828243933,0.35788486510209416,9.890996944713189,8.888344284050653,6.481326580151542
2026-01-24 08:00:00,8,5,0.0,-1.8750196529284482,158.31593833759874,0.0,-2.8125294793926723,49.27442088229055,47.91018100537664,0.0,7.112947856602702,17.818916198186766,54.51205904505565,1009.979378792415,49.96688869278994,232.87628315094474,0.3519440146800093,9.887516780001766,11.231135996666977,-0.33696335294491997
2026-01-24 09:00:00,9,5,2.6200450816455603,2.4587909843599034,165.05502427075982,3.93006762246834,3.688186476539855,51.802181498617045,54.37653064711882,26.200450816455604,12.248737956588943,26.103797925208163,53.542318682159255,1013.6925628165656,50.05843508153831,228.29473129536746,0.34307301458405937,10.304006673892461,9.958714854638227,-6.269466021381981
2026-01-24 10:00:00,10,5,0.0,-0.17537552341154797,180.7626130008722,0.0,-0.26306328511732197,63.97803596587567,63.492267301962954,0.0,9.390182200828626,24.60180935622099,54.54530344690522,1009.5887872411179,50.02214244509788,232.13611133859249,0.3503495221734649,10.290170754868319,10.818954133225764,-4.880436543184339
2026-01-24 11:00:00,11,5,0.0,0.5990915111210957,185.71264604389108,0.0,0.8986372666816436,58.110448493637556,57.66173790200221,0.0,9.231647632320971,25.52603407563043,62.89637857011536,1013.3485143300736,49.98559120725728,231.42054675596,0.33159406594475793,9.629568884612427,8.282967343061895,-3.4107303181330355
2026-01-24 12:00:00,12,5,2.519287335052728,1.573452547217519,191.95660986648556,3.778931002579092,2.3601788208262784,49.780875317067945,48.613224945968426,25.19287335052728,9.430027787726132,29.205562819276942,54.610152307741544,1005.6895664549111,49.94780156947096,232.07829810091778,0.32449310436666334,8.570521327892967,8.890126574530058,-0.7784983743352882
2026-01-24 13:00:00,13,5,3.0479002595037703,4.832308678383341,213.7773177082076,4.571850389255656,7.248463017575011,61.528386347945364,61.55418472501256,30.479002595037702,10.158653897722752,31.107117198586266,61.86677252441052,1007.9388680667099,50.079453252333316,228.02502013074354,0.334660870417545,11.838501085919132,8.760659736357258,6.480730502014494
2026-01-24 14:00:00,14,5,0.0,2.7112693962614993,245.8852052691216,0.0,4.066904094392249,34.899277466656926,33.28679344661321,0.0,7.764761399998758,29.0847574898332,58.73392849295492,1011.2150059453561,50.06935128492035,228.98576901021167,0.314666326607524,9.316081308933429,11.140286647616142,3.2179303429328385
2026-01-24 15:00:00,15,5,1.4096478290857473,0.9430682644418207,237.10709660412397,2.114471743628621,1.414602396662731,30.424638565430254,28.769491987298938,14.096478290857473,8.509005739620207,28.492170137587664,43.25549568469495,1022.167386126796,49.94920683916454,230.83410673129788,0.3190786232052616,9.381822069453042,11.432291480740489,1.3594215911684946
2026-01-24 16:00:00,16,5,0.0,-0.994869329739507,235.85639982405687,0.0,-1.4923039946092604,53.548198457766794,50.90138026813135,0.0,13.107988081850227,28.693147774735728,61.06465557619673,1013.8212622690207,49.98337261846263,231.76556997704748,0.3193249762016773,9.476939497521634,10.36668916729881,3.6201254888237697
2026-01-24 17:00:00,17,5,5.26731684931873,5.943489215495005,253.68793007185937,7.900975273978095,8.915233823242508,61.39733976885408,61.806802073032195,52.673168493187305,9.99675760508022,24.325457106882876,41.19290422167563,1016.388752427094,49.95349714391581,226.30720992551517,0.31100593913682034,9.817259866686372,11.13305646294011,0.6454290561591789
2026-01-24 18:00:00,18,5,0.0,3.6382950741549487,250.6817076526659,0.0,5.457442611232423,34.06020735946369,31.47787188795244,0.0,9.442381351101227,29.569120396530064,44.60886650906188,1007.7217555941679,50.010151480137566,231.0122325802275,0.31350791360123753,10.090287744200477,11.869235469805123,6.692598715140176
2026-01-24 19:00:00,19,5,0.0,-0.5396592188867638,233.76962288597315,0.0,-0.8094888283301458,63.90749332583762,67.00621996586962,0.0,10.442499405896527,24.135864211367906,51.72112285220199,1010.6207230504028,49.915600462351,228.87719995500387,0.3093419662582907,9.31507583172338,10.686698803003372,-1.6851484282298914
2026-01-24 20:00:00,20,5,0.0,1.9507187553974354,248.35231469733674,0.0,2.926078133096153,43.99141727426718,42.053825521844544,0.0,9.133962379584425,19.26656491631249,64.66401877239812,1010.3925639328754,50.09518302769791,230.4774166927878,0.30056151238218587,8.978931711901547,9.461606520007326,-1.1357783421025494
2026-01-24 21:00:00,21,5,3.5049084396019765,6.696724801787951,231.2622768357609,5.257362659402965,10.045087202681927,51.35529916575865,51.716241360262835,35.049084396019765,13.925491315858741,19.32285420835367,52.276699578005335,1005.3103133702047,50.02691437173689,231.42456715657443,0.3092469482944137,10.912881787339424,9.280336705104679,-6.018454363142075
2026-01-24 22:00:00,22,5,0.0,1.3739518161517243,229.84666555980579,0.0,2.0609277242275867,38.966193987625886,40.57088109911717,0.0,10.350036747952542,14.378726609536413,68.85550389808895,1017.0386599798271,49.987691304641636,230.15504111792592,0.31842477091060817,10.308292463592716,11.840202538359883,-10.166645374603346
2026-01-24 23:00:00,23,5,0.0,0.40235137484000766,217.81020482986014,0.0,0.6035270622600115,35.42660472034086,32.036482186498056,0.0,5.982481366711638,13.379760810892304,56.74628856587508,1019.5372143572162,50.01432828322339,231.27107699065436,0.31236969746954724,13.361833893819561,9.799193019609595,0.4628959937687347
2026-01-25 00:00:00,0,6,0.0,2.290131444951214,205.51509389654197,0.0,3.4351971674268205,58.40991144168717,56.135335126628746,0.0,9.110374659312553,14.437173043388936,47.6511508173581,1019.0185003098574,50.01098331015262,229.98556814456848,0.3177891183642952,10.033662967615555,9.051591312849363,-1.4631119797311523
2026-01-25 01:00:00,1,6,0.0,-0.013308290853132794,198.42095711380858,0.0,-0.01996243627969919,52.93677879959941,53.36353037948307,0.0,7.907743159426561,10.833798934164802,47.66730465615299,1019.5126526227958,49.94790386586653,229.67722282591302,0.3259587920520519,10.798201515622003,9.02756363177521,-2.698790010412498
2026-01-25 02:00:00,2,6,0.0,2.2832999328439967,177.66322398324797,0.0,3.424949899265995,47.759188299258554,48.60968010747531,0.0,12.423969738613403,11.862928846356684,30.500922244154914,1014.5468804608399,50.04850525439082,229.59947384231882,0.3383207896059266,9.558088328279068,9.505809593061084,-5.052469704840935
2026-01-25 03:00:00,3,6,0.0,2.796766062826371,152.21474893692638,0.0,4.195149094239556,39.24613729917818,43.87738198352614,0.0,9.53418173077308,12.532342431346432,54.7943314242498,1010.4954691177878,50.01820409392166,230.21945757957448,0.34070070267664065,9.971553898859515,10.78042261079046,2.8271873375896224
2026-01-25 04:00:00,4,6,0.0,-4.616899469399806,150.1441368681584,0.0,-6.925349204099709,64.70051013946917,66.28824637451862,0.0,10.943008010883982,11.920127639702667,39.64528540872463,1023.3436697257804,50.07265032170583,225.79042977572593,0.3525722113245895,8.503959963966514,8.961674523682802,5.250652715416773
2026-01-25 05:00:00,5,6,10.588314573441602,13.114627602400873,152.43689929792717,15.882471860162404,19.67194140360131,50.15106067765918,52.18438935906136,105.88314573441602,9.239834825912991,14.050977554223557,31.5363264027457,1009.0398350521291,49.9747844508658,231.06854455943852,0.34178013390533374,10.026817933217828,10.685817297301085,3.3703492084319064
2026-01-25 06:00:00,6,6,1.6134066160935427,-2.0244417517836717,161.69987322248457,2.420109924140314,-3.0366626276755078,58.61384251233484,57.85381163962642,16.134066160935426,10.935706003526626,15.157372385458144,47.693551688315914,1015.4639431777889,49.97055350178261,229.7776639307262,0.3333518819775199,11.711407358816366,8.567593495598198,2.1707038012682407
2026-01-25 07:00:00,7,6,0.0,1.6385780643934156,152.69685216324484,0.0,2.4578670965901233,52.909880583383455,56.50074758210735,0.0,15.50837408323871,15.3564750997549,51.549309988407494,1011.3019629699314,49.97839122565798,232.17109390274598,0.3340231396165255,11.062055043909982,10.293950998031109,3.6801510985213293
2026-01-25 08:00:00,8,6,0.0,-0.8206576584419798,146.4657715230469,0.0,-1.2309864876629697,37.10538988770826,37.44939226023939,0.0,10.108131018130234,16.792584380124396,38.00855179070955,1012.5513194713554,50.064358819048515,232.1378785852247,0.33985039730011013,9.80500582924257,10.325982608203418,0.706914311344983
2026-01-25 09:00:00,9,6,0.6064482761075591,0.9547672315128122,153.7296220087961,0.9096724141613387,1.4321508472692184,48.21756429641637,47.223608936302206,6.064482761075592,11.081308584664031,23.561362721351266,57.19150090705156,1013.6520040972189,50.09268688116099,230.5677039251939,0.34022243114355133,9.562572498530654,9.323838094382861,1.1162518281669631
2026-01-25 10:00:00,10,6,5.976520347605769,6.51522934283976,184.5016793071993,8.964780521408652,9.77284401425964,46.928872147144176,47.78357565139155,59.76520347605769,11.847943864917928,25.455660021577163,47.6474505081167,1013.3583066986629,50.07850966616613,229.52913412131804,0.35645873466296174,9.63863043628658,9.091747087700712,-10.716777520519331
2026-01-25 11:00:00,11,6,1.9344153325763571,0.20564323297517917,178.01484673507179,2.9016229988645357,0.30846484946276875,51.49247943672597,52.65038431268504,19.34415332576357,9.389080266399635,31.05867792855722,44.32394439969795,1012.0912617420994,50.05106792388657,227.82292265492592,0.3713751140620054,8.301657106878656,9.87357383167365,-6.005085011232465
2026-01-25 12:00:00,12,6,2.008467976479017,1.0349625623111718,211.91911260565487,3.012701964718526,1.5524438434667576,54.439726741541946,58.163074584498716,20.084679764790174,12.02280322445372,28.529835781786982,42.84299173015285,1018.3153902018882,49.935375800096494,230.7222203158709,0.38223750954212377,10.240973743517271,9.50325763382819,4.586607844830024
2026-01-25 13:00:00,13,6,0.0,-0.6112628973328761,211.5153487292395,0.0,-0.9168943459993142,52.931048678242945,52.38050222961936,0.0,10.6761172537415,28.849862986562915,57.33946435052261,1017.4664759308785,50.06604458637752,231.57023138538295,0.3974385851805478,11.246636444137623,10.987221459676492,2.605176621269696
2026-01-25 14:00:00,14,6,3.7265047753119074,2.1973417865124922,222.28158123805247,5.589757162967861,3.2960126797687384,51.06119558323638,50.40349399409563,37.26504775311908,10.178328195417606,31.93446253543947,32.23536794411761,1013.8545729756623,50.034334806095565,228.10768199961217,0.3783430920971669,9.493747050328462,9.383990871027487,0.03156014472052858
2026-01-25 15:00:00,15,6,0.0,-1.507564925561019,236.73410134358252,0.0,-2.2613473883415285,63.19846101037014,63.58604450683519,0.0,13.964518014820664,26.507515445692615,44.20234558856665,1014.5015203132331,49.958220853660436,231.17023942500822,0.37538742385448,9.879138337939164,10.466740718193888,-1.569690821105862
2026-01-25 16:00:00,16,6,0.0,1.0029231429482133,220.90203768141862,0.0,1.50438471442232,39.25299036297179,38.48330392224657,0.0,7.987697157874459,31.534046709289356,40.022451862965646,1019.6905865640024,49.99084237444127,231.24332702566647,0.3804383584889483,10.162570778264849,9.591915786642453,0.9007633004118802
2026-01-25 17:00:00,17,6,0.0,-1.2604771398692278,244.64565633257766,0.0,-1.8907157098038416,39.312754066885375,40.40936391276908,0.0,8.943622754369617,29.380110927108003,49.22038719775197,1006.907376120822,50.08413684043739,229.78439966477546,0.3780462786284407,9.942319112131456,7.477502269727573,-4.885422545486243
2026-01-25 18:00:00,18,6,12.129871433905718,11.482761694704084,263.56159335968664,18.194807150858576,17.22414254205613,60.448270600110995,62.305048479845325,121.29871433905718,11.148300452955228,22.185736510494742,54.61376178416613,1015.1619724192375,49.970909255389536,228.1289784256093,0.37364854550089754,10.654644661820145,10.788604893987443,5.471332220964227
2026-01-25 19:00:00,19,6,0.0,-1.1905406041131186,240.68820967216686,0.0,-1.7858109061696779,44.0779260201338,41.22244022307881,0.0,11.226710986839462,25.41491842216824,66.7008963961265,1006.4947706790601,49.994396892276605,230.21544200948304,0.3711983797729076,8.537043950923337,8.967355641175208,2.560593162877425
2026-01-25 20:00:00,20,6,0.0,2.4876509165788936,242.93890328718646,0.0,3.7314763748683406,44.744271574160535,46.5322772272735,0.0,9.090108000659042,19.033650255066867,48.86585057111642,1013.3191116062698,50.02454842591167,224.14363360161298,0.3653808652873851,10.877621340659605,10.535322810220112,-5.549789272739907
2026-01-25 21:00:00,21,6,2.058904499253221,1.3609361842596757,240.78723986075144,3.0883567488798316,2.0414042763895135,59.724587770257216,59.91512745793005,20.58904499253221,9.951814524628814,13.948803484454931,47.157205846707214,1011.8304310614807,49.9458479176279,232.51675500754732,0.3779089368879372,10.593224524079027,10.038371870151382,-11.642910459600541
2026-01-25 22:00:00,22,6,0.0,0.5341282465456558,224.76136473387484,0.0,0.8011923698184837,42.937655140597045,40.08786132453475,0.0,13.758073330602194,14.585160133320057,56.2618761019275,1013.5542266673834,50.0370943922865,234.19323401806102,0.36130561713449827,9.59783321824856,9.80751018010172,-4.4378655389443376
2026-01-25 23:00:00,23,6,3.1086664042780594,1.1680116830744578,235.00259654731516,4.662999606417089,1.7520175246116867,62.52141034497305,61.57935970646331,31.086664042780594,12.360065868452505,8.718742120080165,57.39221493620756,1015.9805183455527,50.07174144358882,227.86734957852025,0.36484479698935723,10.9811563724814,10.360497362608843,-4.274311992827503
2026-01-26 00:00:00,0,0,4.701161409194821,8.103074856050124,218.4362916083164,7.051742113792232,12.154612284075187,52.1775992154433,52.115629700565776,47.01161409194821,11.423964603559952,10.403216697674452,60.65618436671396,1010.6986681876105,49.93393140064892,229.54670259835024,0.3602928523703859,9.665395726905794,10.678714726900463,0.6440495672524567
2026-01-26 01:00:00,1,0,4.713538560615805,5.7547517069924865,207.0856067198071,7.070307840923707,8.63212756048873,48.441924244269806,50.50963857122995,47.13538560615805,8.726997910837612,10.962804672517317,47.04125771581353,1020.2437411339554,50.00877129821271,227.12975103377076,0.34248498763103863,11.099876139805692,8.741438345583122,-1.7624950451457113
2026-01-26 02:00:00,2,0,0.0,0.6110144616643349,171.548144796565,0.0,0.9165216924965024,57.82148854603609,58.81929821324176,0.0,11.838530083202315,9.042466608225086,50.274478828432336,1015.4971469988735,49.955061660208365,233.7454294821276,0.3571904074256472,10.286101266012599,9.773917351473026,-7.144174309318649
2026-01-26 03:00:00,3,0,4.3341858170869765,0.4225371117113812,163.07240727841878,6.501278725630465,0.6338056675670718,54.94499108211745,53.688467447925575,43.34185817086976,10.80906009423861,7.671226265192603,38.18458254216175,1008.2216485722045,50.0686470555122,228.6772445441931,0.3677966859008661,11.081211334518663,11.083827571031621,-3.182920420712221
2026-01-26 04:00:00,4,0,0.2623962692545567,-0.11329315378478683,143.5415388569175,0.3935944038818351,-0.16993973067718024,51.28958562529876,51.63456333340542,2.6239626925455672,7.886142954232801,12.876989504109693,59.63549306599113,1016.6797348864723,49.917520084360646,229.34636333324676,0.3566733442076804,9.527530978490896,8.955445050472681,2.04661564256586
2026-01-26 05:00:00,5,0,0.0,0.6260291405557679,148.54861269623333,0.0,0.9390437108336518,53.160343161392966,52.36874793821264,0.0,10.058614409457006,14.77233916502124,60.98951825419731,1015.7553279331877,50.047422591580734,232.94148915947312,0.36701270231255234,11.07708615526228,10.283025738019797,1.232167175106934
2026-01-26 06:00:00,6,0,0.0,-0.13040748556816653,141.05218368025984,0.0,-0.1956112283522498,49.69669622414063,48.57112010538241,0.0,10.005040396622112,12.926123355047611,36.367438843872705,1010.8213057630851,50.01309991496212,228.70165734530974,0.36227593699625693,11.061513503500274,11.287640258975513,4.286443090091666
2026-01-26 07:00:00,7,0,0.0,-1.3562681922892168,134.3730358326681,0.0,-2.0344022884338253,46.3461887737499,45.67225608363251,0.0,6.785023208854637,14.980228172857146,47.22420801932771,1011.9003489038719,50.09337392579972,226.15906938172535,0.37052115679919795,11.6159487890232,9.876038175795633,3.0262645972617013
2026-01-26 08:00:00,8,0,5.745441733631398,5.91198557576843,151.11422348282792,8.618162600447096,8.867978363652645,52.63831933409454,49.5251192352135,57.45441733631398,9.509897662010967,22.426825402034694,53.034289425576794,1004.0554811787446,49.94364798293034,228.75783352837465,0.3621203594138864,12.925317780225182,10.719333856501096,-3.4548553167850127
2026-01-26 09:00:00,9,0,2.585098002714057,2.967420324218071,152.83455761662356,3.8776470040710853,4.451130486327106,56.43374403706733,58.86612731241514,25.85098002714057,10.256382695408677,20.460090383309183,38.01467142697497,1009.622950501262,49.9935395645704,228.16390480423848,0.3728814879549658,10.975715174855114,9.98255160100802,-3.8346191525358013
2026-01-26 10:00:00,10,0,2.4204021369922124,-1.5666280723253556,168.62225064318133,3.6306032054883186,-2.349942108488033,65.7289088815433,66.51077052465352,24.204021369922124,11.231859723577028,23.844390293367564,61.46720241803646,1016.6715155201111,50.01750455210753,229.99544767218194,0.36885716730714335,9.492112778447545,8.974044696100293,-0.7711545416194063
2026-01-26 11:00:00,11,0,3.7222644729412036,4.31994848417193,187.68458627122766,5.583396709411805,6.479922726257895,48.81205021104222,46.2003278008134,37.22264472941204,10.084458794265975,28.89515057871187,44.013016932622456,1009.4650735540408,49.89023230719999,227.27200316777686,0.37096699805027256,10.022733030202266,8.949718856883475,5.548923158779586
2026-01-26 12:00:00,12,0,0.0,-0.814231688060571,211.98604804700432,0.0,-1.2213475320908564,43.37914668280939,42.96979427896411,0.0,6.431344628435487,25.203022541088426,46.535968633536115,1013.1181034145106,50.03964922771271,228.05639542394462,0.36377084194688136,11.334686724941276,10.114589824547934,0.5996339757263288
2026-01-26 13:00:00,13,0,0.0,-2.6658574739090595,208.22621108219926,0.0,-3.998786210863589,42.41671594714042,42.29853234699436,0.0,10.22302805814772,30.036174887617708,46.953768597186865,1022.8732148548164,50.073028969166295,234.38449889372495,0.35391716964474784,9.68249062088746,8.843620206802147,5.947496502957053
2026-01-26 14:00:00,14,0,5.239706367683869,5.0070934896261905,217.16010038531024,7.859559551525804,7.510640234439286,45.544099206508804,45.375154251168375,52.39706367683869,10.797723601807244,28.721081029098958,59.159472135087455,1010.2744003206285,49.940759244228225,227.22364847540044,0.3423742509893337,11.342603824240431,10.531086808269128,-10.973803628775872
2026-01-26 15:00:00,15,0,2.576772386295686,5.168608428344131,236.5571003991921,3.8651585794435293,7.752912642516196,57.984176313612494,57.83408130165182,25.767723862956863,11.180336267980524,26.093338097087205,52.14169100261499,1007.949169712488,50.046112711148496,228.55350961368367,0.344743325390391,10.921887824700118,7.705298478114388,-4.733908321907965
2026-01-26 16:00:00,16,0,4.855252342733256,3.372304806473732,231.34024341840703,7.282878514099885,5.058457209710598,49.560449638371146,51.16890934215084,48.55252342733256,11.282113745928342,28.088521353776066,56.06660928838363,1005.77598332096,50.07122390357394,232.7237893458555,0.33468264295587546,10.314436926437144,8.407933250358251,-8.41136941976375
2026-01-26 17:00:00,17,0,0.0,4.170649588572837,252.47734178236558,0.0,6.2559743828592556,66.13497833597361,62.805042783970634,0.0,7.054514835162382,26.133839457887326,42.38997637393109,1009.4967745648702,50.0343777584292,226.8157299519202,0.3347298772121032,8.678074774221463,11.874902711360352,-2.848031344697964
2026-01-26 18:00:00,18,0,0.0,-0.6914608115686592,240.51843822275657,0.0,-1.037191217352989,42.82883979519532,42.94374633489119,0.0,10.660115136761839,26.446945813519708,43.48405045682324,1022.0071636178012,50.1337006707033,233.23568127820602,0.3276133205533152,10.329985961586647,9.639146410966637,3.0450487210200015
2026-01-26 19:00:00,19,0,1.2539908823210653,1.141447808284989,259.9586297220722,1.880986323481598,1.7121717124274836,57.13671651363025,61.031792393345675,12.539908823210652,7.438464385477462,25.570872643822103,39.00395289201174,1025.289121873678,50.0193775647388,228.69106166106369,0.3557817788944476,9.967090993735965,8.983588025304588,-2.703263559303108
2026-01-26 20:00:00,20,0,5.86275417863312,9.687194058379866,240.03769342209907,8.79413126794968,14.5307910875698,54.54339828120989,58.04256734155341,58.62754178633119,12.531516873701761,21.44163117537613,49.518009517080095,1010.3109962496175,49.99154120303203,230.3644214432065,0.3648995399521472,9.42422425528783,10.066336654019189,3.9972454771490225
2026-01-26 21:00:00,21,0,0.0,0.6088427717979569,257.37536334360465,0.0,0.9132641576969354,47.46149719388201,49.162915879153665,0.0,9.080093650556744,20.49188267357649,52.84466184833552,1004.6576966050502,50.01314399744833,229.44998449157194,0.3710433682054586,10.621294254110593,11.173346070047245,0.7454408298125721
2026-01-26 22:00:00,22,0,4.585152806023159,5.055263094623208,210.97130583466304,6.877729209034738,7.582894641934812,60.21363573575006,59.5463222188339,45.851528060231594,6.932803286429548,14.963448308143652,44.7308600344964,998.7999157468095,50.06718103458006,227.7193678752181,0.3809175603345351,10.50924332570084,10.6818415588602,3.166474399476844
2026-01-26 23:00:00,23,0,0.6485674571583515,-1.2680378978965385,218.8757649785199,0.9728511857375273,-1.9020568468448078,52.047255187093114,52.3448919270632,6.485674571583515,12.1573728830796,13.81451907599416,54.779238373870854,1006.8392565698796,50.035932034193316,230.42924455834492,0.35979690487462723,10.120499442633257,10.394977468777341,-1.6832455688234629
2026-01-27 00:00:00,0,1,0.0,0.223064178083538,180.14668701918953,0.0,0.334596267125307,53.94058444451085,52.95402984346509,0.0,11.277717400846974,8.208951719949072,34.70210093317483,1016.398265279944,49.97938372804545,229.46388784592753,0.3821119050603783,12.143288630863719,10.950887647960753,5.563684738537413
2026-01-27 01:00:00,1,1,0.0,-0.46228446304268744,185.03748480747998,0.0,-0.6934266945640312,33.10565652839841,36.919370821376916,0.0,8.715346903629133,8.93324924820299,38.23918129145462,1009.9115402175634,50.00924986590974,229.0503368254358,0.36381115705720213,9.487871161396546,10.578669805474272,1.8535410253429014
2026-01-27 02:00:00,2,1,1.7023337184966452,-0.5853146794764723,161.51887779320808,2.553500577744968,-0.8779720192147085,44.279067079019114,44.69503373648219,17.02333718496645,12.46960248260838,5.577690418764028,64.63427425371295,1011.4279384074232,49.93368057435259,229.83329852360652,0.3603286884230813,10.786627255701859,8.341759594229519,1.5189705413962558
2026-01-27 03:00:00,3,1,0.0,0.16022325327670234,172.6370201837369,0.0,0.2403348799150535,43.60115809777271,44.352132990457555,0.0,6.433972644123437,9.269269633601027,54.39924734863581,1012.0256024106748,49.993599612043276,228.98781652820566,0.3471514342788648,11.903660388553554,9.18856113440066,-3.4987414268772525
2026-01-27 04:00:00,4,1,0.0,1.8093010757694719,165.2612697722539,0.0,2.7139516136542077,65.67489994379186,63.86781299769448,0.0,12.834100339113471,9.434740643604936,50.17762874546309,1017.4311487035415,49.98468860106265,231.86351561455413,0.3645159803605834,10.48206484483082,10.262531488631497,-8.488388755089236
2026-01-27 05:00:00,5,1,0.9627803343978356,2.020313881464328,155.04496048966595,1.4441705015967534,3.030470822196492,55.10244852483624,55.211937140004096,9.627803343978357,9.672471291734277,13.085625397483689,52.55743092572026,1012.3325205021142,49.91908110796911,228.46754612300234,0.3567041272499326,11.209690510408704,9.678671636156373,-7.5230394734773345
2026-01-27 06:00:00,6,1,0.09052812507742516,-0.28887703812296806,151.82688429249288,0.13579218761613776,-0.4333155571844521,50.95919320348993,48.79509279110141,0.9052812507742516,10.469925372996801,11.619836439091653,46.55413702625901,1014.7708688663797,50.06733746493728,232.275594430424,0.3515544879402554,11.195631691313588,11.934261902154917,5.8408006462012985
2026-01-27 07:00:00,7,1,4.40930480401609,1.6964334768480684,125.98288273975729,6.613957206024135,2.5446502152721027,39.52787000172638,39.46410194593838,44.093048040160895,7.63104048642165,17.023905592031454,44.50228099697885,1013.9660712898337,49.976454734125696,232.81387399439816,0.3506501916254554,8.858316169795557,8.49907984259979,10.682922961420456
2026-01-27 08:00:00,8,1,0.0,-4.1906643239637935,143.0921499113309,0.0,-6.28599648594569,47.46839868688511,49.8895807239891,0.0,10.516595379988077,18.688407910953764,54.23369718406465,1019.384776683374,50.08667629898566,229.79869637226366,0.35814089312599506,11.084860329057765,11.382339607677817,-1.247407801398122
2026-01-27 09:00:00,9,1,1.224777875232603,2.3277787509407215,158.73279304263312,1.8371668128489045,3.4916681264110823,50.878406024560064,51.82382278681658,12.247778752326031,8.76898672428179,22.712592802397253,37.834153629119754,1005.8644628119384,50.009433660759754,230.45932994670832,0.3484150064567003,12.028773326876289,11.166700426422487,2.664743193689305
2026-01-27 10:00:00,10,1,2.0322247003335354,0.6817418228924637,171.24321425655833,3.048337050500303,1.0226127343386955,54.76855046193836,59.278676412489794,20.322247003335356,8.161744861291314,21.962037444227906,56.19098312658118,1003.9232349288798,49.94640896057086,232.8900838311888,0.35082554251822007,8.970618871453652,10.491175339645677,0.32902775424926334
2026-01-27 11:00:00,11,1,0.7601198975267502,2.55834364643889,205.5584083089492,1.1401798462901254,3.8375154696583347,46.89006116775136,44.3411750152655,7.601198975267502,11.02793362850577,29.761693082360022,48.793816429317175,1017.2706152493375,50.04631633178706,231.44330325894796,0.34967960357795735,10.048941286949743,8.6329593844982,4.485465618419567
2026-01-27 12:00:00,12,1,2.563802552325399,5.21438372988575,211.17193304683857,3.845703828488099,7.821575594828625,66.34716865162405,65.07002132961824,25.63802552325399,10.14184401026109,28.687584278534995,47.44577432876514,1018.0358294612045,49.96450454373732,226.79355250845137,0.3492464721031991,9.416749169626074,11.371502095860283,5.471513506332269
2026-01-27 13:00:00,13,1,0.0,3.275634295168398,224.49954459291067,0.0,4.913451442752597,43.07990165531149,41.75602378193433,0.0,9.766715771279275,26.1395916375125,40.046909216802796,1014.7208016056189,49.982838882056136,225.17274279500865,0.33737938588752825,8.478217864522072,9.920493381403046,-1.9626764078648757
2026-01-27 14:00:00,14,1,5.144412021420135,7.553434907002989,227.10750462724937,7.716618032130203,11.330152360504485,31.066101477146336,31.482071429016106,51.44412021420135,10.453277631751376,29.14249869791671,37.892914989053466,1014.4987757954163,49.90969873710221,229.65332971596555,0.32418259555190954,9.500465290035804,8.948922288065294,2.1223555036448642
2026-01-27 15:00:00,15,1,4.582908266968245,5.090338938372857,234.22899395570136,6.874362400452367,7.635508407559286,67.43204747913316,66.77406142225766,45.82908266968245,8.781875509800987,31.247037074072903,66.50029445657503,1014.107642713842,50.05885821751209,226.86957914634672,0.32826320991590974,10.554953259767126,9.94405730833882,3.75395937623313
2026-01-27 16:00:00,16,1,6.282342643702863,7.749991308414668,261.06338329492826,9.423513965554296,11.624986962622001,55.36055220954694,58.771974262314565,62.82342643702863,8.382056487038978,31.154898920003863,55.68420755979387,1018.5585643912813,49.99559560815481,231.7296911754009,0.32802376213231776,8.25028765594243,9.049483780043547,1.6040497402505243
2026-01-27 17:00:00,17,1,6.11766573298392,5.063502520580115,235.3000261109952,9.176498599475881,7.595253780870172,43.18383774411524,42.18944503922262,61.1766573298392,10.375828608143067,28.98192020824234,42.95977640962899,1023.2778296758197,50.028729711378766,231.35984573995057,0.3027677601295123,11.077233104362309,11.573318215133055,6.618645710538496
2026-01-27 18:00:00,18,1,0.0,-0.4101041350463856,245.79025995131474,0.0,-0.6151562025695784,57.04840739322906,55.7542619595134,0.0,10.342307649519881,26.04636488017857,49.1243538381209,1018.450634488056,50.02945847076972,228.44038313206138,0.31788092797392964,8.399751675691075,10.263584437245866,1.916098159453018
2026-01-27 19:00:00,19,1,2.744169192469981,4.196745772591893,241.5803280947326,4.116253788704972,6.295118658887839,33.834678066212305,30.40870546091535,27.44169192469981,8.526538298495542,23.632302144758025,66.82665161153214,1015.9378790216881,50.01482246694155,228.6344759693004,0.3367308746957004,10.477703392430213,10.151661043003921,0.2140511918126889
2026-01-27 20:00:00,20,1,8.573892247967041,5.670845904325075,238.99104216100403,12.860838371950562,8.506268856487612,46.57406140033172,45.647896721144434,85.7389224796704,10.471711816339345,17.829854235205573,30.203915813937968,1012.032577276851,50.01507503620621,225.657269891594,0.3324499188503838,9.882023611494816,10.097246214117982,-3.9200550815672273
2026-01-27 21:00:00,21,1,0.034384337759726616,-0.46976141844893016,231.54680741395418,0.051576506639589924,-0.7046421276733952,53.522292114106904,56.34498159707734,0.34384337759726613,13.265634659448754,16.98538853829467,53.69913332371247,1014.5068418003717,50.01254744999716,227.0735192079825,0.32722052357293685,10.947250439930318,10.317502951888464,3.429537992023299
2026-01-27 22:00:00,22,1,2.205766715347737,-0.829409658558415,227.33565166277938,3.3086500730216057,-1.2441144878376225,45.16350802895283,42.93485919723735,22.05766715347737,8.505323521574507,15.403772266295658,56.09269819429642,1009.0676701275848,50.03888780567125,231.3185253806912,0.31476194757788944,11.786602545223245,10.890580543690467,2.387393705259833
2026-01-27 23:00:00,23,1,1.1465695206389939,4.28585926844101,215.79231678638547,1.719854280958491,6.428788902661515,45.44592462617645,46.33828319345927,11.465695206389938,13.365704815487591,12.717187326437868,56.482055038546534,1015.742840939152,49.99052780479487,234.29132918683484,0.32315800849020826,9.848225342987485,9.280868447707219,12.928957856597716
2026-01-28 00:00:00,0,2,0.0,0.47714633843921045,206.47533427318626,0.0,0.7157195076588156,50.619003032761164,48.44381817479962,0.0,6.9007487572962525,12.480216633522577,36.591918339758045,1015.9047007069044,50.04732168415893,229.42612189010683,0.331116582838867,9.209001114471862,9.659291973062158,4.91152882582285
2026-01-28 01:00:00,1,2,3.2152553073363146,2.4494475182234936,195.15748435276032,4.822882961004472,3.6741712773352404,53.15617816011355,57.03822055254996,32.152553073363144,7.61852714803203,6.198781090838484,45.46871387477694,1008.1444851358478,50.07517607016551,227.90571552126363,0.31929988104878065,9.585980944570395,11.983598340748287,0.5338965897393811
2026-01-28 02:00:00,2,2,0.0,-0.8156576907346245,173.62074221029283,0.0,-1.2234865361019367,73.00547389958793,73.86281520939507,0.0,8.18120104033741,10.278848439414222,55.81926239699013,1023.2083205364552,49.970549671724264,232.10309358599883,0.3287208165012864,9.492505709062733,10.47124234314041,1.5604413102427448
2026-01-28 03:00:00,3,2,0.0,2.527146738567424,155.73697509051502,0.0,3.7907201078511354,46.97080154011579,48.97442465865456,0.0,10.386531165045852,8.074755404875178,46.43077123463341,1011.463619842572,50.04427038291698,230.57436926622535,0.32239316715107424,10.309664014382507,9.523143500197461,4.373121095438689
2026-01-28 04:00:00,4,2,0.0,-2.1020891196097167,144.09295219123769,0.0,-3.153133679414575,55.121051452921066,58.05239462420878,0.0,12.114795219387304,14.98220587274208,50.442337864692746,1017.7061077151975,50.00876793119866,226.67587382280948,0.3225505065199602,10.421652114641315,10.774841503205597,-12.661377504527703
2026-01-28 05:00:00,5,2,0.0,1.117316858605278,151.63748518705702,0.0,1.6759752879079168,45.95254327803564,45.0945341149104,0.0,11.5667168204022,10.844826380511691,45.94642990924563,1005.6247058185737,49.94918399236858,228.91042869678554,0.3198584413905674,8.98877966563821,9.55345182021737,5.210931114553233
2026-01-28 06:00:00,6,2,2.587691702844968,4.319131527065881,146.0672600301198,3.881537554267452,6.478697290598822,52.47184500430199,52.18560935989871,25.87691702844968,10.520886903639287,14.51760653336637,52.70602702583759,1007.707397443326,50.02230690012567,229.82029297100453,0.3104117299082076,9.904903269381201,10.823417678140142,12.50808076589594
2026-01-28 07:00:00,7,2,3.919355677760935,4.15432348944376,156.54054346138378,5.879033516641402,6.23148523416564,47.538392246222,49.78281620122206,39.193556777609345,8.025543335580467,15.203842504003049,36.128192192869406,1015.4589806301074,49.92104183148344,233.2935327441973,0.2996314376874104,11.793229682730596,9.851987788541637,0.44635610285369504
2026-01-28 08:00:00,8,2,0.0,0.6093524418002028,152.00153693268592,0.0,0.9140286627003041,45.209160716587505,46.627822040335495,0.0,11.767305247790446,18.54347072350424,48.624463517236386,1014.5344298226199,50.01226678374235,230.3743030089677,0.28831624327256083,8.038582539198684,8.993152935711892,1.7172542739590457
2026-01-28 09:00:00,9,2,0.0,-2.3251011325426916,173.00151177111587,0.0,-3.4876516988140374,40.206115026900214,43.467122882778,0.0,11.432413430506779,23.29463073964112,52.25376808431697,1006.8867176582677,50.007586435477336,233.40653418739365,0.273707638384454,9.924621490588175,8.95469512558421,11.108150948645443
2026-01-28 10:00:00,10,2,7.735990041826582,6.627298154037719,161.4242124204168,11.603985062739874,9.94094723105658,48.778055877746816,49.00524812537061,77.35990041826582,9.276091585786782,26.84983028796276,44.184545416130746,1008.3377684762632,49.945509239307235,228.80591986173903,0.2697476857112779,10.063291019302355,11.250907659895697,-5.080627241873269
2026-01-28 11:00:00,11,2,9.79682548240695,8.752482563698718,202.18245282372916,14.695238223610424,13.128723845548077,51.937584139282585,50.67706353016623,97.9682548240695,9.39070444672506,25.126866915378017,55.43946905100298,1013.9594797649476,49.96030174927351,234.53521383201186,0.25709175920261473,9.67927950960856,9.275921676903492,12.321346897269557
2026-01-28 12:00:00,12,2,1.8072383205070048,0.70124136661374,212.73864885495792,2.7108574807605073,1.0518620499206102,49.29994363947389,53.208004443554245,18.072383205070047,13.045509548863743,28.068720180103732,58.6161194141392,1010.8257077444023,50.02409983602477,226.10381653506923,0.2406886920022569,8.740060677705891,12.670086953967392,-4.019462906350957
2026-01-28 13:00:00,13,2,0.0,1.241044278503932,219.75056301538245,0.0,1.861566417755898,43.77905051248169,44.705653300780504,0.0,13.78442424525594,30.203087194831294,44.765929294827444,1017.9546181393092,50.056518503066684,233.91048420558877,0.23633458283453684,8.915154694309356,11.340060448109394,6.0463892027134944
2026-01-28 14:00:00,14,2,0.0,-1.5363974849032738,225.06199675257713,0.0,-2.3045962273549105,50.71368365001485,49.89485101854966,0.0,10.51699298788478,33.69563569042708,60.789750986156896,1006.423325200149,49.944433247484056,226.40885586354682,0.23818859258645436,10.264032564729083,9.152829987474973,4.518451411743547
2026-01-28 15:00:00,15,2,8.804785210672401,8.026650336915548,221.31919575783158,13.207177816008603,12.039975505373322,46.94768734830863,46.29649425414307,88.04785210672401,10.067975871752308,28.066919531642377,56.19938609317441,1005.3690159656849,49.94951475856014,228.41275362246768,0.237984642510848,9.211198100927833,11.590842603596561,-4.887253561468067
2026-01-28 16:00:00,16,2,9.937911871440061,7.720890685563939,259.8470174418649,14.906867807160092,11.581336028345909,59.23108217661126,58.35278655822976,99.37911871440062,11.451757967123413,28.243789820943075,60.678323838043966,1021.6067848846649,50.02704754922104,230.99627180860804,0.2326644434041279,8.331970594179245,10.085890306888848,-1.6105377611406468
2026-01-28 17:00:00,17,2,2.81499470565198,1.8371055535800282,238.71375263316966,4.22249205847797,2.7556583303700424,43.37703435152176,41.02216564914266,28.1499470565198,11.922372752713885,22.67190165467992,40.01689852606649,1016.7212662524174,49.95920037736263,229.99838846299994,0.22536749700234215,10.715473493697473,9.688171595443489,0.8132136463022286
2026-01-28 18:00:00,18,2,3.701532286835306,3.897854829022457,252.6063933458137,5.552298430252959,5.846782243533686,62.32551740360054,56.44511953144228,37.01532286835306,10.18014061689725,23.297220386087243,48.385162658381994,1007.4756028348523,50.017817595797574,230.03040958254053,0.22828110618761027,9.18614707150676,8.738402671787217,-2.707753032946077
2026-01-28 19:00:00,19,2,0.0,-2.6411214686070803,238.8569837808765,0.0,-3.9616822029106205,55.56363375858323,57.10629648015526,0.0,8.81628199342248,18.967934823805667,49.978775894588374,1006.3585509310868,49.99469923998121,226.63468200257054,0.21664647743239912,10.584879107085166,8.445528674217336,2.7265701817935994
2026-01-28 20:00:00,20,2,0.0,-4.374748039012911,246.35296371764107,0.0,-6.562122058519368,45.515919581167225,45.479996195572674,0.0,8.729438187759376,20.14872913182935,57.21570757864667,1005.5418299086839,49.933605871168304,231.23219584817699,0.22582739828361686,10.575319038971774,8.849584282166049,-0.6966780974489871
2026-01-28 21:00:00,21,2,0.9337601691847296,-0.6923594868810591,228.12241735922453,1.4006402537770943,-1.0385392303215886,48.41217267617302,46.19263081587898,9.337601691847295,5.825126757880997,16.476670645835764,57.397415608129585,1025.063861999332,49.979594316223356,229.41667973024065,0.23345693507142312,10.075357104760357,9.985589784464397,15.761189347105217
2026-01-28 22:00:00,22,2,2.1540691200129474,-0.6058736108080667,239.22266219472004,3.2311036800194213,-0.9088104162121,63.70113866277219,63.567823634462414,21.540691200129473,7.481580704250519,19.302070312769665,42.44342614991343,1017.8501522803666,50.01351090482915,231.48095875402169,0.23631597707433166,8.774100255801853,11.611955117616164,-7.902173675807589
2026-01-28 23:00:00,23,2,0.0,-0.35870563218921914,223.44650424421562,0.0,-0.5380584482838286,55.09598226937763,57.15952073359251,0.0,9.484617353229858,11.099653650642468,55.1224589213054,1015.2293714227186,49.97000297298057,229.42542641160034,0.23188471335183652,9.69447036916097,11.115016691123964,10.761281820602765
2026-01-29 00:00:00,0,3,0.0,0.69003289407419,181.79917599604343,0.0,1.0350493411112849,64.55400496313158,65.90372093452505,0.0,7.163487513028068,11.225080888535086,66.17771057018318,1011.6046082490064,49.94202548327574,229.20886858059401,0.2419919451841993,9.566525124836645,11.721561220789987,-3.000306233792701
2026-01-29 01:00:00,1,3,7.016964547752949,5.639560075158258,174.9471032941937,10.525446821629425,8.459340112737387,41.756903911370806,43.76526248267855,70.1696454775295,9.202818226523814,9.786932684937275,43.54320967786811,1010.7040797762404,49.90594164162415,229.57987647155127,0.23678700764496402,9.90581034235514,10.619516057538931,0.6963419822400897
2026-01-29 02:00:00,2,3,0.0,-2.716991238811482,170.2547500540786,0.0,-4.075486858217223,26.63106096379247,25.06320129866164,0.0,11.394749417142359,9.017087500868103,60.065458071553245,1011.2488301437878,50.02630625695769,229.87969707545676,0.24255125628860436,8.046651189827733,10.191953666519119,-2.5907371492295663
2026-01-29 03:00:00,3,3,0.0,4.031427769715938,166.307936244813,0.0,6.047141654573907,50.67957901919232,50.17933338838682,0.0,10.992045667306455,8.677465038127442,49.90509517086808,1019.8270770104273,50.0545967241853,230.35259346684606,0.26596998056703725,9.783575726601386,11.499624949635315,4.310975025177614
2026-01-29 04:00:00,4,3,0.0,1.6212265190848378,139.42003940766347,0.0,2.431839778627257,41.92658743164294,40.45949804585429,0.0,6.277957225046462,12.465644817116468,49.54763324951723,1010.0395404180734,50.018321624161636,231.10553876546746,0.2619227674328196,10.443420260382137,11.126247438187445,0.1996348916096769
2026-01-29 05:00:00,5,3,0.0,1.5648914896224804,174.68708489255448,0.0,2.3473372344337204,43.002791403727684,41.28551445436474,0.0,11.809486219985821,10.381871055966307,31.536759310007632,1008.6772343303189,49.96822114217452,227.9231112820078,0.27090176865130433,9.934690039804385,10.327345953903011,3.6444075054632674
2026-01-29 06:00:00,6,3,3.534859797922957,-0.8226117688026484,161.75164486724822,5.3022896968844355,-1.2339176532039726,49.93277374476915,50.853322309983206,35.34859797922957,5.867783490262916,17.943024870154183,48.30820451604783,1017.276699896707,49.98128915149613,228.4905430987207,0.26859674024862756,9.861968562393761,10.36248273738844,-8.872577409452573
2026-01-29 07:00:00,7,3,5.5917318313433615,7.227935533504305,136.14491265772452,8.387597747015043,10.841903300256458,57.90896017574861,56.64894767044698,55.91731831343361,10.331852029149116,18.050530554490628,57.03975749684016,1013.3143982936435,50.001558770278145,231.55131073989833,0.2746326711994747,9.939548590343424,9.85649964884023,-2.306143553764745
2026-01-29 08:00:00,8,3,0.0,-2.0173029420304553,159.90158772248364,0.0,-3.025954413045683,38.68156051237004,39.499178488691825,0.0,7.689205364863339,25.115819958692217,52.546732336560524,1015.375503764102,50.10224207280254,231.5862777533481,0.26471933169833756,10.165500147357685,11.407521627821714,-8.887451532140691
2026-01-29 09:00:00,9,3,0.0,1.1706796272621016,168.2808927071135,0.0,1.7560194408931524,56.10613922697434,56.157746192244836,0.0,8.85435090444161,20.437302415659765,44.51111116923435,1012.9507301974005,49.910598697827496,230.8491371202988,0.26061152443877805,10.844364357030491,9.771902765815922,6.584117495248625
2026-01-29 10:00:00,10,3,8.668687325532577,6.917972868081424,165.19304955426446,13.003030988298866,10.376959302122136,36.95993005419632,35.13237636063928,86.68687325532576,9.56978843115477,27.298897231930745,48.27311390915669,1012.7484790532288,50.05826832550535,230.67439604796158,0.2673915394743138,10.75126253559473,10.677063555834158,-5.69386160712834
2026-01-29 11:00:00,11,3,2.464952623404942,3.874437163068418,170.61490630316945,3.697428935107413,5.811655744602627,44.578570589279195,45.838507697083415,24.64952623404942,9.392715911156595,24.492867381217668,63.76108189589133,1016.9002250339984,50.06568570629076,230.82716084085038,0.2707870668179533,8.196661978544373,9.321492814340658,-5.950816372256583
2026-01-29 12:00:00,12,3,5.996852716090288,7.280680597124365,217.05333748172367,8.995279074135432,10.921020895686548,53.03218711701136,54.21291570226678,59.96852716090288,6.663561891802901,27.626204249498723,59.04128365483842,1009.839868852714,49.97038501812386,232.4203753511584,0.2628343749996952,10.190876623003085,9.552736373272685,4.308417470493595
2026-01-29 13:00:00,13,3,0.0,-1.093283882179565,220.88981714210658,0.0,-1.6399258232693474,59.42682180822919,57.3798776892133,0.0,5.820513406342085,27.842078283862385,41.52682109355848,1014.0507706286764,49.94774720895338,226.8230996502466,0.26443442606714535,11.35620165160424,8.691867292292498,-0.9737178373180311
2026-01-29 14:00:00,14,3,0.0,0.6804417977945276,239.0128333336498,0.0,1.0206626966917915,43.80203101703741,44.63140592744892,0.0,7.431540296258197,27.32150821925387,32.817735443514906,1022.6156396623567,49.928094488956674,232.7509262214343,0.2685051723508515,8.40741344386971,11.89181576576263,-3.811532738463765
2026-01-29 15:00:00,15,3,2.221141707259794,5.012880193450167,224.6875274865019,3.331712560889691,7.5193202901752505,62.69440409695821,62.962753053875666,22.21141707259794,9.654546908482414,30.104824745030523,53.917679870552966,1004.8717160011282,49.966790236408805,228.68150776447888,0.27596767469587247,10.304674855474172,9.647145747037474,4.396923049211586
2026-01-29 16:00:00,16,3,1.356450376526873,-1.2693850320415208,230.3628040753141,2.0346755647903096,-1.9040775480622811,45.91467013989625,43.036605392535925,13.564503765268729,10.099466748961124,26.315284406501515,46.19406403022398,1011.4493774348402,50.00581999204323,230.9461406232745,0.28676395321474935,10.504609974304714,10.875348923575784,-3.669867530193411
2026-01-29 17:00:00,17,3,0.9145095627428073,5.066986017730546,261.17648336088234,1.3717643441142109,7.600479026595819,56.23943500344918,59.51855797098317,9.145095627428073,10.728307119038313,28.039390520511226,54.7165966893837,1010.0189734175858,50.03144609303625,228.04250958581446,0.3060780863947134,10.421764464204545,10.686159547957901,-6.009248016006039
2026-01-29 18:00:00,18,3,6.680049091351426,0.33500699254728783,257.3980603470392,10.020073637027139,0.5025104888209317,29.739562647552034,30.166867254196653,66.80049091351427,11.796168019645343,24.737815107242515,60.935687461464404,1017.2962042217104,49.91018125028735,226.90305592431423,0.3165961634639094,8.497558078989332,10.578105291801478,-11.57908443357747
2026-01-29 19:00:00,19,3,13.43888826563556,12.92441588938491,257.156381070162,20.15833239845334,19.386623834077366,53.54414063502477,51.00714946057387,134.3888826563556,10.269689598027787,24.759890397301593,30.867534689811286,1008.5643708257655,50.03987172645416,232.47168432791392,0.31589275625470803,11.131738548329611,10.089873929588924,2.9886213676534252
2026-01-29 20:00:00,20,3,0.0,-0.9786045765261651,252.23073469637703,0.0,-1.4679068647892475,50.97319832548599,52.23613530267584,0.0,8.939666220976319,20.56361311605887,32.21739226147142,1011.8607755942937,49.97447923883105,228.715682638652,0.32800878690889407,10.29771774677902,10.471337177155345,-2.2263510187957625
2026-01-29 21:00:00,21,3,0.0,-3.0082994597475032,251.39554980577446,0.0,-4.512449189621255,53.716151766655486,54.200367682875125,0.0,12.798730490585662,19.29470387211856,59.16929880016364,1010.1966677213322,49.975366912651424,230.54934363251954,0.3415568307145596,9.035161764896154,9.318376452774054,3.6030952402659464
2026-01-29 22:00:00,22,3,0.0,-1.1351592544090607,235.12369109362575,0.0,-1.702738881613591,48.206366799956385,50.34852136923202,0.0,12.56967641233293,18.196176535467803,45.85436886352833,1011.9253879851567,50.03019146355886,232.84623424471278,0.3265976025219088,10.018503250033291,11.738941905189868,-7.44765445316276
2026-01-29 23:00:00,23,3,2.179946367523668,2.582805423207798,203.04705672114852,3.2699195512855024,3.8742081348116972,41.508878350968224,42.48886433816684,21.79946367523668,7.370780666334705,9.544843608402193,53.21598523999421,1021.2122416165269,49.96146167249191,228.83562813469473,0.335537363725371,8.262187151913212,9.469146728444395,2.816011648911314
2026-01-30 00:00:00,0,4,3.084139394072981,3.463387063078809,207.2308417546569,4.626209091109471,5.195080594618213,58.003007052411185,58.3102678697055,30.84139394072981,10.345549117438539,8.84719870143763,47.0527533381278,1009.9250264641826,50.11069880600088,233.06675837468083,0.32476545033733645,8.90860912128264,10.622220921929538,-0.7108168806055921
2026-01-30 01:00:00,1,4,3.6355371016461064,3.26451516309329,166.52017157508809,5.45330565246916,4.896772744639935,50.08132193391346,48.048335585821086,36.35537101646106,10.213246629677478,9.310911038474579,55.843299642275696,1013.6330688515609,50.000063575246294,228.13170325029367,0.31872391801626815,10.547234604844325,9.11798162461348,9.072717246250598
2026-01-30 02:00:00,2,4,0.0,0.6765294250347962,152.40017870121224,0.0,1.0147941375521943,50.383921394036065,50.573656003239215,0.0,9.337833577625334,9.390069921446438,56.37134074512831,1019.1796410819952,50.058543194733325,229.0441014516279,0.32964404658575724,9.459608354371964,10.842650875085033,-2.126913205782224
2026-01-30 03:00:00,3,4,0.0,2.76094535132621,161.07754834850607,0.0,4.141418026989315,58.19474980094164,60.32206593149226,0.0,10.191056768889798,10.539142482084518,70.88950330575616,1008.1701548316594,49.99464017977289,229.72222941150974,0.3167735939869246,9.761988368220052,11.315808992275333,-1.0098635027451275
2026-01-30 04:00:00,4,4,0.0,-4.90189309265866,138.44941472890076,0.0,-7.352839638987989,65.68539935222955,64.6455578207292,0.0,13.428130488829737,12.451382913629386,49.25251801516232,1007.848416984955,50.005901782631035,228.53634822908597,0.31447168236221357,9.252729459977624,8.94838405042896,-4.407126495982906
2026-01-30 05:00:00,5,4,4.1477134683111085,2.9828727779858335,145.7127689557919,6.221570202466663,4.474309166978751,57.27619132614618,57.17814096775547,41.47713468311109,8.989147263940358,14.30236460778287,49.559203917525664,1011.7227646811689,50.00541420006475,229.76103487551288,0.31508628093585317,8.86726766726275,9.429081710755181,9.180317058120265
2026-01-30 06:00:00,6,4,0.0,0.8671357999098459,171.76418700755949,0.0,1.3007036998647687,56.016090137207044,58.06801960096132,0.0,10.019443774214743,15.4177096039353,45.458035538751716,1010.5569153338431,49.9550040696802,229.2572776048457,0.32188265621111384,10.23073215870693,9.861644691130017,6.026431532513951
2026-01-30 07:00:00,7,4,0.0,-2.463434693059847,163.1263190437203,0.0,-3.695152039589771,36.91043443258529,40.1677096400697,0.0,11.136546970310683,16.896075105762357,45.90141538072271,1013.7420219781003,49.917619098023145,230.26791939695386,0.32393329685613903,8.061858508829177,10.325124968151751,-3.231731971620511
2026-01-30 08:00:00,8,4,0.0,2.18344146516509,147.49241789064993,0.0,3.275162197747635,45.64790939961267,42.851639989068204,0.0,10.397250098379091,16.34449506559619,48.79607986999419,1013.5284160568618,50.02860789807568,230.07350019407338,0.315387921627729,10.637393516036262,9.697734165011138,-2.8817953370377047
2026-01-30 09:00:00,9,4,0.8442259549453982,3.3692886081705966,172.2530189027928,1.2663389324180974,5.053932912255895,48.767085330709506,49.277450711581636,8.442259549453983,8.088246549953961,19.984852390578073,54.2433740640827,1024.8021021326135,50.022489480861864,234.70177249718526,0.3247186518420674,8.595945401639906,9.41805359198031,4.021130906725928
2026-01-30 10:00:00,10,4,0.0,-0.24702212253291564,165.10473648921445,0.0,-0.37053318379937344,51.616543591158276,56.556198217510385,0.0,13.112976142719594,27.321880539347266,40.092681934562975,1016.9323718741504,49.99331760061582,229.37191806366974,0.31617724529524655,10.311905366087336,8.628113513110922,5.44508329169272
2026-01-30 11:00:00,11,4,5.485270235868627,7.999578631949394,189.63864893413842,8.22790535380294,11.99936794792409,52.92619850299191,55.23903580388961,54.852702358686265,6.933528238915937,25.893771215019232,51.30365983896364,1020.4739738847433,49.96502779560861,229.10388645724592,0.32744550000902706,10.548462993819195,8.188999966380758,1.3873613119789374
2026-01-30 12:00:00,12,4,3.978213879654732,4.984472569985812,196.62823367488156,5.967320819482098,7.4767088549787175,52.38322510654461,54.445020323132155,39.78213879654732,10.282743729876195,32.11226994249877,46.62062781291228,1014.7952877205227,50.007194980893736,230.06108133002226,0.3377040794946241,9.535534666557517,9.762083716637378,-3.44805392940911
2026-01-30 13:00:00,13,4,0.45571719744799577,-3.02104748308585,200.565361690148,0.6835757961719937,-4.531571224628775,42.92780216719243,45.06208213405859,4.5571719744799575,11.165428361926867,27.595099602946913,36.23534149746414,1013.7565993910006,50.00653349369301,229.87237323049973,0.32754694893390346,9.98874062918828,8.348738029463055,-3.883532244480346
2026-01-30 14:00:00,14,4,0.1982447325887473,-0.5658570941305805,240.7363433523745,0.29736709888312096,-0.8487856411958707,49.07224128816794,47.46362844790321,1.982447325887473,7.384410982750797,30.572157614007416,57.07562816252411,1014.155036995377,49.95549681032375,232.9435365315047,0.33489200210501424,8.131434703739208,9.058993325637196,1.958574996097403
2026-01-30 15:00:00,15,4,0.681252154478122,0.054305859490942354,218.87935602865502,1.021878231717183,0.08145878923641353,72.41425718517313,73.16420214818964,6.81252154478122,11.185780138696675,33.37747135810232,39.884387508568494,1015.7230722546794,49.93415399711926,226.26690527384855,0.3518679748390095,10.658525976151878,10.06244117266626,4.958437715972971
2026-01-30 16:00:00,16,4,2.9720849973942167,1.1010683514918655,260.66627172755193,4.4581274960913255,1.6516025272377983,48.936735302572146,48.66251175502952,29.720849973942165,11.120040861807022,28.646295918592074,50.99715286237127,1015.2135628325624,50.04885532158966,227.50346663280393,0.3360790314922143,9.771761182131831,10.842654292588016,7.083191765373717
2026-01-30 17:00:00,17,4,7.216063215626786,6.213733639942877,258.3824765970271,10.824094823440179,9.320600459914315,53.107356792491764,50.37243060446194,72.16063215626787,10.819392307263797,29.214214229378804,46.82353246630467,1017.9219122792658,50.038821752118984,231.98548799131123,0.33591331759815896,10.90015227768461,11.059889760194046,-1.9068176911394041
2026-01-30 18:00:00,18,4,1.823239610581135,3.7928282727601177,238.9143932731756,2.7348594158717026,5.689242409140176,45.82018294393256,46.41872181801822,18.23239610581135,7.657397759687593,26.48987800341199,62.71291751040476,1010.8223772690836,50.00411258587079,230.17042702135035,0.34558236846211454,11.232193812618524,10.975832251461679,-6.6264746795139935
2026-01-30 19:00:00,19,4,0.0,0.6398126526216146,260.8456725384299,0.0,0.9597189789324219,47.8743707330181,49.325693891207315,0.0,13.366272198041962,19.48529231265587,40.8478474183165,1000.3003134210535,50.01659431767045,227.44057490239237,0.34329009521981174,8.227965017962461,8.967884090713925,-0.681471349171153
2026-01-30 20:00:00,20,4,2.249480707166614,-3.20590412693312,230.99945951407258,3.374221060749921,-4.80885619039968,56.46739508755052,51.650928385430184,22.494807071666138,9.451023321545101,16.126728612847362,53.236337863859596,1010.1427096944615,49.994723707230634,230.4663470026801,0.34009794218979844,10.940827781406192,10.022908432461273,-0.7448501746079401
2026-01-30 21:00:00,21,4,0.0,-2.4061771137788264,232.41338120782981,0.0,-3.60926567066824,61.19914194444962,61.01987138977638,0.0,9.58568772307716,15.199719711664393,40.67200767261017,1015.0974221619194,50.044089115828555,232.10816616386646,0.34413222641334684,9.93577909585775,8.505085515187702,-3.8618532624144803
2026-01-30 22:00:00,22,4,2.8407347348141125,1.7595777991621642,228.3596229236616,4.261102102221169,2.6393666987432463,55.27562920345608,59.25587779722455,28.407347348141126,11.834026721411142,16.51652410554723,60.70647551722107,1015.3751154889227,49.93352233046964,228.5593127664922,0.32877678875019367,9.591523558569857,8.00464408642571,-5.4370913921602435
2026-01-30 23:00:00,23,4,0.9694416846739212,-2.6230271743133713,191.7679976673907,1.4541625270108818,-3.934540761470057,49.35148325068884,52.4613584903689,9.694416846739212,13.944080695675597,13.833467937830088,51.43650968915669,1012.7854139541023,50.037155966556575,231.64437989632887,0.307046185297927,11.047435611355352,11.678532126025273,-5.5088824642199805
2026-01-31 00:00:00,0,5,0.08846492936570681,-1.4823006156798513,212.83938958431455,0.1326973940485602,-2.223450923519777,52.92281649201779,52.25280897418497,0.8846492936570681,8.737512339032602,9.597232808063287,53.290340798080024,1013.7159628579014,49.95382135251526,228.8702329359341,0.31330292019628664,11.146128372474541,9.523270850554171,-0.7401646039439718
2026-01-31 01:00:00,1,5,1.982374602896383,2.09960008691998,182.76020203925745,2.9735619043445745,3.14940013037997,45.58714360107218,47.2989259029346,19.82374602896383,9.968763339933373,9.7086838576869,42.17525098827695,1013.7790810947954,49.99402892591397,231.78853727294884,0.30763942923194343,10.510421945537907,8.767038059288781,-0.9059009126067394
2026-01-31 02:00:00,2,5,2.2148050519800755,-0.3465925074556364,184.37270187695464,3.3222075779701132,-0.5198887611834546,37.48413438118596,38.1000236387678,22.148050519800755,7.623836664894244,9.369880147048107,61.04300729154815,1012.9219038584991,49.98217536451512,229.63331129848632,0.3098894560222444,10.150800410907918,10.454089307995387,-5.473081219149213
2026-01-31 03:00:00,3,5,0.0,-2.7571563864118462,165.50059495849428,0.0,-4.135734579617769,41.99284922349982,42.90290945101372,0.0,6.9106660245942315,7.857483397007808,31.515409251892976,1019.9218355810464,50.007036388878284,230.71569543873827,0.30514581616039776,10.861714334324958,9.29245949172004,2.1844968160802143
2026-01-31 04:00:00,4,5,0.9848621112748078,-0.1518072957562021,148.41267107648306,1.4772931669122118,-0.22771094363430316,38.425086987657124,40.76142784949933,9.848621112748079,12.85560873237549,10.004088293188277,42.35337755674004,999.3698237455999,49.97724728040811,229.8738898602397,0.329077923312625,9.714821663413636,8.575620185793332,-2.652571610371937
2026-01-31 05:00:00,5,5,0.0,-3.7150518028382975,129.63691876261413,0.0,-5.572577704257446,70.18129552287522,73.22337339793575,0.0,10.15647601460984,15.078731137428106,49.32796268268958,1010.5557243740051,49.97029081203544,230.27827716999573,0.32920208012621366,9.757268831181115,9.525691489291518,-7.855486851688478
2026-01-31 06:00:00,6,5,0.3520453991742251,1.2372931033158634,155.9379931928512,0.5280680987613376,1.855939654973795,56.83991751083935,56.065083361766234,3.5204539917422513,11.79660427776713,14.57648704023735,45.50086170267302,1013.3423869181671,50.00165831396249,231.2171081931982,0.3295788902282096,9.520932751429411,9.222534509277331,0.3534118754354193
2026-01-31 07:00:00,7,5,6.920823847818102,8.002645978312433,162.12488603837258,10.381235771727154,12.00396896746865,57.362030723811735,56.1092080614604,69.20823847818102,10.243208204302592,21.62309421099178,50.420193395194474,1016.4292738958869,50.06130981704029,228.43436575450724,0.3338046195118759,9.543494741828198,10.15478045219591,1.3766566160740954
2026-01-31 08:00:00,8,5,0.0,-1.7977814447841323,164.38555902187179,0.0,-2.6966721671761986,35.47856973765763,34.993632500915,0.0,7.08195614141489,17.89166685816317,32.84697079466581,1017.9908522953876,49.94820676596953,233.35714453672765,0.33822384568749375,10.080341065125968,9.569211149382982,5.443031829481027
2026-01-31 09:00:00,9,5,0.0,3.1925256334975933,160.87681146307196,0.0,4.78878845024639,44.153987288743515,44.34514473781719,0.0,11.723128861961026,25.596377765977937,50.7224881570734,1007.9382046214816,49.97366459557979,231.78799488651336,0.33011029592276003,9.983956240092999,9.648281679104235,-6.6309239518694065
2026-01-31 10:00:00,10,5,5.746593034187059,5.825605593794748,185.82805405180773,8.61988955128059,8.738408390692122,54.6163983902251,57.82140928407503,57.46593034187059,10.502110342466302,23.917304200037698,46.33176322533192,1016.8760026847191,50.0460594375528,227.0004716456195,0.3361616011528054,9.79367550269535,9.976814988349352,16.100043465349437
2026-01-31 11:00:00,11,5,0.6946937532782322,3.1006315750677746,199.9842882303687,1.0420406299173484,4.650947362601662,34.45073870090206,32.73922268486113,6.946937532782322,11.3678933732866,25.755709639737308,58.35101219269673,1001.6862375617164,50.04245907855723,230.06857720979227,0.3406175384124777,11.142443374831647,10.64391642378773,6.344988643776946
2026-01-31 12:00:00,12,5,0.0,-2.1563385829747133,189.95856181316904,0.0,-3.2345078744620697,43.45092120205176,40.95264259488027,0.0,11.222663432447348,26.53883311708567,60.00336140269734,1007.7258034152594,50.02140201543795,231.8485951088604,0.3335346974086806,8.76024919789497,10.23426138657119,7.945798942270967
2026-01-31 13:00:00,13,5,0.4340734130823516,-2.425127333051013,225.4958651191029,0.6511101196235274,-3.6376909995765194,50.42039068345437,49.61477739766471,4.340734130823516,9.197289296435818,27.939624306688415,43.02508687529244,1003.9353491777822,50.02475897617613,228.0775499361737,0.3489160129166087,9.25644081296382,9.52529471496627,-3.612626567242978
2026-01-31 14:00:00,14,5,5.9213911887109605,6.5210134245718665,226.52139910441713,8.882086783066441,9.7815201368578,47.23924235471993,50.523302594140375,59.2139118871096,11.56307349781359,29.638288661559685,45.81444363360738,1015.6707989537737,49.95426125012643,231.69843489032417,0.3435381177724516,12.900704689621637,10.68223644708779,0.8936607248105446
2026-01-31 15:00:00,15,5,2.2657887201869986,0.02494800435022082,225.55974342869544,3.398683080280498,0.03742200652533123,53.42055089967675,54.20166906124844,22.657887201869986,9.087721306717222,28.925117657576518,41.42593942234619,1015.0896487486817,50.038360238950496,228.31077817723357,0.3567650996532785,8.087522888540295,10.13923766226701,-4.107612920435953
2026-01-31 16:00:00,16,5,0.0,1.7562350117985435,246.51161879179162,0.0,2.634352517697815,53.278126943468195,51.988639104983726,0.0,5.310565274394423,25.056827404403702,64.2087001068054,1019.7843213884983,50.004205963428085,229.17989168168785,0.3540485564223393,10.130637629682484,10.650350875053196,-3.28413820513882
2026-01-31 17:00:00,17,5,9.063657796834278,8.0011513249733,269.97631994423983,13.595486695251417,12.00172698745995,55.96802755241316,55.01427704002015,90.63657796834278,9.205236146841328,23.045980080468212,39.16056749952278,1012.7952143245701,50.00514981965331,229.30441843093573,0.33086018503289016,11.592463295442077,8.331492613591669,2.612553296448109
2026-01-31 18:00:00,18,5,6.785996445341289,9.257851504623794,257.8393383887932,10.178994668011933,13.88677725693569,43.97558533267778,41.356008476519875,67.85996445341289,11.49937977761676,24.37062713780404,46.99352599481284,1012.5851577211117,49.934613519887655,229.86606263860546,0.3216700277229876,10.14591419240138,8.774569507664637,-0.33684404820405683
2026-01-31 19:00:00,19,5,0.0,-0.9333725301074811,245.3897110801563,0.0,-1.4000587951612218,70.22039837970902,69.3605471637146,0.0,8.401533846280776,20.977575155150905,55.23800662114996,1010.7368980921267,49.98460746144583,232.0760295131026,0.310576542835858,10.17214312238896,10.735705852017146,-0.15893401953493141
2026-01-31 20:00:00,20,5,0.0,0.016425474581658477,235.53016505503507,0.0,0.024638211872487714,54.45319490808944,54.28323091554607,0.0,9.773181397646661,23.78669641939621,40.366929942083374,1007.6737018700584,50.01877131060549,228.1269355263936,0.3081324783397356,9.581517248219676,9.617182934814378,2.066230059615045
2026-01-31 21:00:00,21,5,0.0,4.20698978775493,242.58029824213165,0.0,6.310484681632395,44.90702065304862,47.85224773220213,0.0,9.867562657883171,17.530196303548127,54.13620032108665,1012.1768164286183,50.0287529630845,231.48784393474475,0.3225846362904706,10.114948458587053,9.336669495338969,-1.7008035285342504
2026-01-31 22:00:00,22,5,3.642291586913162,4.084019114657058,210.7379948397336,5.463437380369743,6.126028671985587,52.87243743151094,53.88264669405651,36.422915869131614,13.57679487857409,13.633968431973864,59.43160491336891,1015.8156660168968,49.99523863786388,227.1847821822933,0.3396945981206512,11.656176859445983,10.31515714644055,-1.1643643508448442
2026-01-31 23:00:00,23,5,2.6550327193015826,1.4709655249263704,228.7585227776858,3.982549078952374,2.2064482873895557,62.20997816557635,61.762237625862575,26.550327193015825,9.359757208915068,12.036039619577055,43.36632108553835,1012.5981382500502,49.98344734665577,228.95431534564986,0.3483061984271494,9.935562146818839,9.634008324664773,-0.20351880441855458
2026-02-01 00:00:00,0,6,0.0,0.44987189500499725,207.17231973442378,0.0,0.6748078425074959,55.132886864757154,52.954943504057894,0.0,11.092975763171722,9.910823054263616,49.76836724801809,1017.8409337231966,50.04636095432379,229.89763200463392,0.3517745103511305,9.668777120788743,9.532270875847889,-8.615194268246475
2026-02-01 01:00:00,1,6,0.0,0.6993733517389843,179.70887548706392,0.0,1.0490600276084765,30.791033365454542,32.38055753312117,0.0,8.36452624036659,12.810460207575836,37.38602708072793,1006.9917380561347,50.07561975759006,230.77619192753633,0.3579725094346493,10.386672244904064,11.888495710481534,-4.514512091537869
2026-02-01 02:00:00,2,6,0.0,1.0242898612900566,188.23859717522603,0.0,1.536434791935085,50.972442282195985,54.519694567013126,0.0,13.19655401353354,11.083482643296266,44.04114147323662,1006.6781194661687,49.99545521043558,231.99775695813372,0.36510975407501245,10.278945701329691,8.61167700818854,-10.319807076964345
2026-02-01 03:00:00,3,6,0.0,2.1072132421731964,163.45617458478418,0.0,3.1608198632597944,72.01207656905625,73.25716234659643,0.0,11.943771895233025,7.359914959193619,38.09862697928092,1008.4904322469523,50.00090362029206,230.2109218814579,0.3716709446528049,9.644642499768349,9.858594564851884,4.37051100595048
2026-02-01 04:00:00,4,6,0.0,-2.5756750766655623,158.61686805221956,0.0,-3.8635126149983434,33.45863525784948,33.42031827755473,0.0,11.889908648630424,10.89514271232716,42.857385651437376,1015.7642820683009,50.02033969609722,229.88383971839139,0.3951945065106035,9.266047073727991,10.449064347470912,-3.489412965999522
2026-02-01 05:00:00,5,6,4.084512726437,5.8956758221191965,164.42323502376496,6.126769089655499,8.843513733178796,62.66290802077805,63.50664776683775,40.84512726436999,8.171519835679158,11.87403743726625,53.621934375235256,1009.9179815584131,50.050808997433904,231.56120916220826,0.39250632842235256,12.0692726764676,10.693957938484266,2.6999979663982385
2026-02-01 06:00:00,6,6,5.562297094596326,1.8514035903256758,137.1128587884075,8.34344564189449,2.7771053854885137,52.243877233268904,51.001478027568126,55.62297094596326,10.946265118308027,16.939792994003547,47.571329777930856,1011.8794845522829,49.93943426501817,226.78336026173764,0.4007961253811527,9.069315730643273,12.278797815619294,2.943018106659508
2026-02-01 07:00:00,7,6,0.0,-3.6753225517620214,145.9843550097953,0.0,-5.512983827643032,65.76373609583344,67.74380958552987,0.0,11.976163345451258,18.92923333116118,50.12343518749401,1016.6750545782508,49.9781519212262,226.96981802908866,0.41865122195167487,10.662771202223222,12.604690822646822,0.7564537557218729
2026-02-01 08:00:00,8,6,3.3912999511020816,7.217542744129395,168.66498616031828,5.086949926653123,10.826314116194093,55.87342227506837,54.34591287333069,33.912999511020814,7.568475593192517,22.149397505136946,42.79532029087671,1009.6129450250511,49.967748107795785,228.8017708288843,0.4139991087799394,9.781935880688856,11.270515186876256,-1.8723186012229809
2026-02-01 09:00:00,9,6,0.0,2.3914346421346844,168.13095625694214,0.0,3.5871519632020266,60.081735170288496,60.31075853564122,0.0,8.261075134432696,20.521872071774393,35.40717422856348,1018.6045656456216,50.03797700047278,227.41755099564588,0.40057081390691224,11.23106000090751,10.825778997570325,0.8200226824886756
2026-02-01 10:00:00,10,6,2.2218593738967107,2.4033045180689796,178.69362236657386,3.332789060845066,3.604956777103469,50.57001564662274,50.00394672143207,22.218593738967108,9.780268571194023,28.801453598143855,72.64522974590152,1000.21301971653,49.930107792614194,228.96873496534494,0.40652295694549356,10.403556423331732,10.164053072213749,3.083224557347877
2026-02-01 11:00:00,11,6,3.8027675334711692,5.873875593973707,185.92111732530566,5.704151300206754,8.81081339096056,50.553244568648,48.32270780841798,38.027675334711695,12.942847662409392,31.55089391937543,66.37183003130724,1012.7517328312263,50.04527861959034,230.96261797880922,0.38974850901059105,7.664832680810468,9.688879836845132,7.60592579958415
2026-02-01 12:00:00,12,6,6.404816275155744,6.495655831816266,185.47991147990524,9.607224412733615,9.7434837477244,47.35437820315061,49.30842328944969,64.04816275155744,7.503553117280189,28.672345476040306,57.45918783137353,1001.9659939927793,49.98568792513473,230.79260463630757,0.39102153539871964,10.991206817938414,10.114173309687395,-0.23588465266680916
2026-02-01 13:00:00,13,6,0.0,3.6292075221903533,211.38234147227223,0.0,5.44381128328553,20.811508820132257,20.85541415939531,0.0,8.46398464595094,30.228328995984647,53.69993383989406,1016.1240976426944,50.030953328586115,228.47905692932116,0.3763331293272197,10.930129228894858,11.845747848761055,-5.039001372044973
2026-02-01 14:00:00,14,6,0.0,-2.140110237043348,219.76188842883266,0.0,-3.210165355565022,67.79312099478517,65.65044424757701,0.0,11.044250540216176,28.168416354448162,42.62535519833118,1014.7364398924313,50.05745321153638,231.47813891009744,0.3714225971255247,10.672262542196657,9.746259538414266,4.0139776488849765
2026-02-01 15:00:00,15,6,0.0,-0.47235375129805274,241.78921301895326,0.0,-0.7085306269470791,71.33969601530433,72.75373763187382,0.0,8.299971061366294,27.96703716970277,53.13264166435931,1016.6644416888716,49.983892866050304,233.57257252296682,0.36979114963132864,9.336913000198184,11.278542223256718,-0.6478873719621786
2026-02-01 16:00:00,16,6,0.0,-1.4606458363841386,249.10452181057363,0.0,-2.190968754576208,43.57836495062613,40.94063365677346,0.0,7.342897152093107,28.243346523972605,43.07237179057577,1013.1896842891643,50.007662023039444,231.3432057109908,0.36713433465407663,10.510729840118913,8.528885933906597,4.1269705859076415
2026-02-01 17:00:00,17,6,6.681572100352065,6.078911810956125,269.6154446388436,10.022358150528099,9.118367716434188,57.51183686957497,59.34297955377721,66.81572100352065,8.37989628439034,22.49365400381376,56.083401224906986,1015.5253237170361,50.055709808850274,228.14977220731885,0.37847295419288995,10.061813858052705,9.44049753007293,-9.755168517975207
2026-02-01 18:00:00,18,6,0.0,-2.2877848407064847,257.4007118184804,0.0,-3.4316772610597273,61.97229106558346,65.8307848804305,0.0,9.02413965151013,25.865205185730563,27.71676200928535,1021.1720137692737,49.971578267061325,228.0647139644973,0.37430319907008797,10.497265003746605,9.895825358579911,2.05607846150976
2026-02-01 19:00:00,19,6,3.5232798721195273,7.631189427682532,226.2781739205246,5.284919808179291,11.446784141523798,56.843771114215016,56.64156012290262,35.23279872119527,13.00390440349321,24.77975602936793,60.50235935134192,1011.0034695104841,50.11118155487101,226.75058519061992,0.3818976552582352,9.337754653304948,10.771760706170415,-6.876513851236664
2026-02-01 20:00:00,20,6,0.0,-0.3225906918668357,247.80895516473154,0.0,-0.4838860378002535,56.119730247756145,52.69336245467731,0.0,8.922141908476686,20.460006137312366,39.92008582938476,1018.1723533318103,50.05233965925188,229.91662868926517,0.3557237434562082,10.302753327549137,10.502003253673282,0.5797370741932594
2026-02-01 21:00:00,21,6,0.0,-2.262325290031222,230.535781675872,0.0,-3.3934879350468328,42.57053842399993,39.883219312015214,0.0,8.283404480272056,17.335766035993412,43.399075594019195,1008.0595380365852,49.96600728177398,233.58688571958615,0.35380585513165247,8.131041334909415,10.37236654910674,-2.7682399123678927
2026-02-01 22:00:00,22,6,5.151875109355448,0.519002086395207,211.16768239364083,7.727812664033172,0.7785031295928104,75.1529525592436,77.06074898062323,51.51875109355448,11.027201188781039,16.7090708036902,55.34332965069291,1017.6396785869092,50.04682329687844,227.36211187056787,0.3680864032471577,10.000399516618005,9.891542409713427,-0.5133413000083874
2026-02-01 23:00:00,23,6,2.2300971069266837,1.9803698349058296,227.06457160276474,3.345145660390026,2.9705547523587446,48.1997729231877,43.785687556784644,22.300971069266836,9.779364906522522,11.671910310630992,46.91192625884097,1014.4377247889632,50.05037347093731,227.5604279112846,0.3658937563469489,10.855862168028727,12.049950914245656,3.5088404372425486
2026-02-02 00:00:00,0,0,0.0,-0.9179952205592136,190.20823061614865,0.0,-1.3769928308388204,56.346750658092596,56.418605211730686,0.0,11.631913864724467,9.780203436327557,52.40490087205163,1015.3250054775463,50.021638967941634,231.38908610487076,0.37420004547212743,9.354335891839499,11.03164978756773,5.68431103995162
2026-02-02 01:00:00,1,0,3.734473761915113,4.513619832889252,193.0955286043967,5.6017106428726695,6.7704297493338785,55.76533421196683,56.74232551452189,37.34473761915113,14.306114072516866,12.550877335115855,38.94407579960298,1018.7307116017001,50.0261159885029,229.09000105745756,0.38480606028148895,10.436364931615694,10.813238081140707,-5.223073731667304
2026-02-02 02:00:00,2,0,7.363784131900985,6.625550535878,177.99551507171302,11.045676197851478,9.938325803817001,44.63695382651569,45.24195062267295,73.63784131900985,8.971263048104547,7.6526241198335185,45.50071337036289,1025.113488676722,49.96951329948861,225.87063390623018,0.3731903935842077,10.103766645003773,7.64592114521476,-3.215078872657719
2026-02-02 03:00:00,3,0,0.0,-0.15226968341414268,164.29313148405112,0.0,-0.228404525121214,36.71438461635674,36.81115094233141,0.0,13.176349649600098,12.415936002725733,47.88328110436459,1006.3119691965969,49.98511082624884,229.36915049740514,0.3736321767920328,10.531762525956902,9.676138143348762,1.228346555939365
2026-02-02 04:00:00,4,0,4.2390624205819085,1.7247888899721575,174.49064116013807,6.358593630872862,2.5871833349582363,58.543512184546806,63.81453833546884,42.39062420581909,10.511545912768765,11.141007908404022,34.105771960714264,1009.4993537088538,49.94758125568721,228.7191298744899,0.3675762282236271,9.916382347551549,9.738391046535748,1.1070546596080464
2026-02-02 05:00:00,5,0,2.9895224841094725,1.489219425387119,146.60659549035555,4.484283726164209,2.2338291380806785,56.17102021508268,59.13927995116566,29.895224841094723,13.800624898664836,11.313083453394569,44.28504069110306,1004.3905054769018,49.99728674422161,230.79249797128006,0.34797016779906126,9.699343600846676,9.375059253275955,4.36455480115013
2026-02-02 06:00:00,6,0,11.672040107633428,10.906596652659418,132.90256130731314,17.508060161450143,16.35989497898913,36.850122332539215,35.957421830020415,116.72040107633428,9.491163123539199,13.750502733848213,48.50669923002471,1016.8756782609076,49.97602880710024,229.7968970982293,0.3466294870479304,9.651416753331972,10.41871111404102,-1.4191606807766768
2026-02-02 07:00:00,7,0,0.0,-2.040295581826037,152.94597856658132,0.0,-3.060443372739056,56.70794392780444,58.36351129537037,0.0,13.688032003567823,17.72737535182814,52.315187952857954,1017.229048017077,49.869526595192916,228.39673028869558,0.34960238008364314,9.797264789807231,10.31960853473074,-10.244648335577185
2026-02-02 08:00:00,8,0,0.0,-0.10757590329193331,154.61862817038025,0.0,-0.16136385493789995,47.885905718211525,52.30046063271825,0.0,8.126311266663873,22.405989925223583,52.098480508680645,1014.434663938117,49.98707844204477,230.63375876367013,0.36071492378831416,10.754385123282383,8.81706549994644,-3.3905002998505185
2026-02-02 09:00:00,9,0,1.7370530971479095,1.3866840649761252,149.47352766972125,2.605579645721864,2.080026097464188,34.778056800800016,35.22545038126784,17.370530971479095,7.858790920472195,24.058103693033893,53.34966713256037,1011.6222404022708,49.99358882027763,233.5622389070786,0.35139285020286415,10.00895938790859,8.273674419599633,5.545390951593213
2026-02-02 10:00:00,10,0,2.510559771315497,3.447301539742395,180.55575880428444,3.7658396569732453,5.170952309613593,41.06698963010341,43.461706572665385,25.10559771315497,10.899033289907411,26.181177360899845,45.889155832365596,1012.991596274991,50.017466558511444,230.23859965168575,0.3520515559335221,9.950773333093757,9.131870660881084,0.6936348972882105
2026-02-02 11:00:00,11,0,0.0,-0.892711431209357,189.2019257826638,0.0,-1.3390671468140356,57.257931163920894,54.560954095554166,0.0,12.903216349199603,27.986058182835947,45.029765478092365,1023.1743342986299,50.02232313874974,228.29748479757072,0.35374647541562526,8.949682593557494,8.221946313629536,-1.374310476188969
2026-02-02 12:00:00,12,0,1.7595201389098771,3.40326341505448,186.91460823069787,2.6392802083648155,5.10489512258172,39.218597606094505,39.750355952455315,17.595201389098772,8.625547348768789,28.290689760119704,61.162033277367485,1011.5707814147022,50.00596042989656,226.90310441936776,0.33152760565460043,9.830560991086399,8.88228164490753,14.702577488496214
2026-02-02 13:00:00,13,0,12.125992897114042,14.03729898393157,224.84912410153785,18.18898934567106,21.055948475897356,37.08061900064432,38.0835295381852,121.25992897114043,10.11834604563314,28.29193737525442,62.37708340144845,1014.5470579290144,50.00670983828341,230.45694884278436,0.34310333915175345,9.967285144764567,8.746471479818808,4.893239432253292
2026-02-02 14:00:00,14,0,0.0,3.6159182250594797,207.96844078115677,0.0,5.42387733758922,40.0663769446315,42.44204963715786,0.0,11.99658012351143,31.45360967122747,53.75449238102651,1010.3872922295603,50.05997283489904,228.1870216854379,0.34107940686183547,10.429930588707172,9.264072352817536,-5.295736435312008
2026-02-02 15:00:00,15,0,10.796250378304864,12.006214148606158,251.53927630765423,16.194375567457296,18.009321222909236,53.949055750225355,55.26196845546428,107.96250378304863,10.608010931617942,31.19804451171763,43.420874039065225,1005.5844481068802,49.95073145416567,225.30508975556955,0.33491656984292484,9.619693944123204,10.934510596717482,-0.8525596960014079
2026-02-02 16:00:00,16,0,11.923018535951659,12.619249050664417,256.345568633145,17.88452780392749,18.928873575996626,57.38082163450512,56.25912458275942,119.23018535951658,8.6255637437304,26.794842455985425,41.90427071756346,1018.6505008996494,49.882288669224415,236.54565299008948,0.3195145633038958,10.05031039006784,10.414359047705396,-3.1450256689911265
2026-02-02 17:00:00,17,0,6.163742120194263,6.379673893050809,247.66614602646007,9.245613180291393,9.569510839576214,61.28205579704252,60.46021670499324,61.63742120194263,11.078895198197479,25.15408719198905,35.91819599892572,1021.2550611954548,50.06430123084955,231.07961666527598,0.3100143500012286,9.164497834763406,10.897201912067585,-6.574358145567997
2026-02-02 18:00:00,18,0,1.385593560942107,5.669817843735079,248.79566418532627,2.0783903414131606,8.50472676560262,57.831785985065125,54.71758968598462,13.85593560942107,8.43176046088855,24.291527260482543,51.590355024591666,1009.5622741692006,49.982893532288806,230.8170951730288,0.3086752723493967,10.608993825853076,7.798445844276408,8.13228756084792
2026-02-02 19:00:00,19,0,0.0,-0.8356466595088536,250.00660836515573,0.0,-1.2534699892632806,48.98691713877222,48.51106815396613,0.0,9.105839921280591,21.599956442932264,26.912573996868595,1018.5540666683463,50.042526085011026,231.41116650046226,0.295309812377859,10.29276624516885,9.436262797528583,-0.4822947209298936
2026-02-02 20:00:00,20,0,0.0,0.00746893184842708,243.3057118956936,0.0,0.01120339777264062,67.45258549587524,64.69663202362219,0.0,6.102796020844821,21.58269568070213,38.529662500470295,1011.1667363511474,50.010940638324755,230.98171460694414,0.312013982004245,11.079649804018988,10.81384526312696,-8.619172826064753
2026-02-02 21:00:00,21,0,0.24359826969994103,-1.3016674885135924,240.73047868389182,0.36539740454991154,-1.9525012327703886,59.01618188708261,59.101655078730786,2.4359826969994103,8.17170188091178,19.426349270762806,22.842428651641974,1004.8909551313444,50.010233115309994,233.33410353338087,0.3044784484916985,10.927588571937088,10.434906033351126,-3.2779220275682084
2026-02-02 22:00:00,22,0,0.0,0.8487246417065758,210.66341374778025,0.0,1.2730869625598638,40.506312065850445,41.53670395156031,0.0,12.966211071014332,19.346199115483383,59.366277915550356,1008.6341220035472,49.93832892718917,229.98091926099997,0.28128306574869,9.818716876879929,9.207982946449734,-5.260116616159234
2026-02-02 23:00:00,23,0,3.1348091319272413,2.404064606610305,204.12600374884053,4.702213697890862,3.6060969099154576,41.60656855976095,41.23955737775473,31.348091319272413,8.281615044415814,9.10570322208221,23.931835448051135,1017.3198069136322,49.96354073339077,231.0923342606088,0.2807655762743554,9.366717478811248,9.992515179711722,-2.890331090934255
2026-02-03 00:00:00,0,1,0.0,-0.7700572433816353,213.68737483162423,0.0,-1.155085865072453,56.15042178510599,54.78502775167837,0.0,7.62139385983814,12.021273643123683,50.26581533808304,1009.1811744425851,50.027250846686464,229.62827966991867,0.2803173058392077,11.341702366980945,9.392881248161974,3.3640360514286503
2026-02-03 01:00:00,1,1,1.8980947616797326,2.979638786253705,185.59997549190243,2.8471421425195986,4.469458179380557,49.15390957129594,50.86647397685341,18.980947616797327,11.450368753459665,11.428429146324431,32.23991590608172,1009.9907397821246,50.10097638010274,229.10335902553595,0.2711662340731084,8.81591936553492,9.98948718147599,0.47420165205672227
2026-02-03 02:00:00,2,1,5.657818280435411,5.9230826039217686,183.6834778148837,8.486727420653116,8.884623905882652,48.307367751190014,48.33065322867245,56.57818280435411,8.460876493268437,12.178333924180288,58.12132023969582,1005.6362804503697,50.083348851805354,229.39367058073205,0.29678083379778825,8.864473009630794,10.299659755973362,-5.639123241009052
2026-02-03 03:00:00,3,1,0.0,2.287120769360142,156.70850784160436,0.0,3.4306811540402133,51.52726183331712,54.57056711224975,0.0,11.447614066332191,11.860436629629385,44.24433817703201,1023.077162894418,50.00299953395115,230.87930556071998,0.3088616609108945,10.003561579617195,8.604959909586086,5.171716197049254
2026-02-03 04:00:00,4,1,0.0,-0.8559138970941383,159.53545822510986,0.0,-1.2838708456412076,56.7292254287941,55.967469518256536,0.0,9.706916063434681,12.844982942381517,44.37657666800686,1018.0808071632133,50.089330292816825,231.85869802910378,0.31808080614192585,11.621995405011774,8.000999032801637,-4.225518663055495
2026-02-03 05:00:00,5,1,1.5432836703952373,-0.1352521256804844,141.09538536446811,2.314925505592856,-0.2028781885207266,49.70907547211003,47.0364597517896,15.432836703952372,12.160012759694853,14.036669194313173,45.83586207691397,1017.8600340531925,50.04865377812335,227.54383761928054,0.31856648971484747,9.265073020412865,9.86904325555975,-2.345437512032256
2026-02-03 06:00:00,6,1,0.0,-0.5971579932202943,147.91727303589485,0.0,-0.8957369898304415,45.143747706010764,46.51597052990087,0.0,11.065366694515161,13.913739974292321,51.0940005062418,1013.6666332677354,49.962197134915456,228.02840169622962,0.33373894439139695,10.841335663677613,11.386035841142009,-3.664461502920185
2026-02-03 07:00:00,7,1,0.0,-1.444313889262023,161.54837490633867,0.0,-2.1664708338930345,70.22738442665711,72.17616322435832,0.0,8.716919838813556,19.554921873339662,55.214567389762145,1017.3583985627996,49.96478122356621,229.55165184447935,0.3412377453778769,9.78845036563235,11.870798106444937,0.46460847344981654
2026-02-03 08:00:00,8,1,5.353051771416831,5.620418799178835,161.73512448938732,8.029577657125246,8.430628198768252,43.545151925230506,43.79100055036299,53.530517714168305,11.574041465433462,21.589105185911677,50.67297468011475,1011.1052641876275,50.0069503173901,230.844223734237,0.3552835962266332,12.115333913727614,9.58398993241816,-2.4364333925686172
2026-02-03 09:00:00,9,1,0.0,2.7392729258348965,167.89820931161336,0.0,4.108909388752345,51.012345171075474,51.746598594691534,0.0,12.615303483377774,25.116310874540776,48.7617357926429,1015.7015499713132,50.0389577365447,227.48194212907788,0.3639730045266441,9.828871156723615,10.272453191083661,10.184653644165515
2026-02-03 10:00:00,10,1,0.0,0.518631546271599,179.40240551696087,0.0,0.7779473194073985,59.16791192075209,61.633141282632,0.0,12.60980980406737,25.579722402863123,54.9660284290111,1015.9962949057085,49.999803846480376,232.8119795480962,0.37754594526771185,10.56181558808459,10.498478303867715,4.0561803642098235
2026-02-03 11:00:00,11,1,0.0,-0.7047741738962175,191.5447906012596,0.0,-1.0571612608443264,47.8419593555356,50.17041993386782,0.0,9.067690228381808,26.559965717234963,49.18070203100467,1006.4053473955762,50.01121509570881,230.1869328944927,0.3859430950063005,10.639269064593513,10.644403037802395,3.1038982668621307
2026-02-03 12:00:00,12,1,5.561831335864058,5.327716247197977,204.61063043136818,8.342747003796088,7.991574370796966,40.20433017152985,40.09232949637873,55.61831335864058,7.9181553662654345,29.80056490748094,62.43256760726733,1008.4287656462005,49.93003734732576,229.9108665346697,0.4029600177216853,9.740347495422073,9.820584782033594,-0.8058291372768489
2026-02-03 13:00:00,13,1,1.8692100678249566,6.523949605858222,212.8286491718169,2.8038151017374346,9.785924408787334,52.02721331640581,52.330496561435396,18.692100678249567,12.111615001156597,28.110275837589136,45.821214058704705,1013.8783523624597,50.053000064174825,232.14344849582218,0.396846819785395,9.864962592909468,10.029382461837406,-7.948460153693425
2026-02-03 14:00:00,14,1,0.40541270084872494,-1.1289020909194396,220.32821976254212,0.6081190512730874,-1.6933531363791594,40.56481859883465,40.89836468594608,4.054127008487249,10.498439259271507,30.165170187907503,47.44004028303231,1012.1464225422416,50.042531887865415,232.03884499620173,0.39964926804834533,8.974284744361485,11.010245661817212,11.465331750578994
2026-02-03 15:00:00,15,1,4.263637081388345,5.429315380425006,252.15885156039104,6.395455622082517,8.143973070637509,45.69474272846951,49.38105113660834,42.63637081388345,10.281582059107327,30.792092042798696,44.20538769138961,1019.7451951542953,49.94465891266472,226.91003549320016,0.39996313576559395,10.743869308619129,10.687178924703238,5.631758573830467
2026-02-03 16:00:00,16,1,7.323668706317296,9.360453737335732,259.08678324540745,10.985503059475944,14.040680606003598,36.22666393164052,37.70531060320651,73.23668706317295,8.31568521203953,31.26194575289829,48.5079244659423,1009.9750071646348,50.00430926032039,228.6143726295048,0.4123038481450129,9.566238857059217,7.918566147060107,6.518631434751409
2026-02-03 17:00:00,17,1,0.05428876099208435,3.027101358607247,230.54502393833437,0.08143314148812653,4.540652037910871,59.5231842646361,60.51943605298217,0.5428876099208435,7.970086375179394,28.007916049910158,67.69376242594961,1010.6879948928923,50.009653675143,227.86320649494195,0.4108678505103317,8.545255478467954,11.38664892071424,3.2710207130567817
2026-02-03 18:00:00,18,1,0.0,1.005470884640747,248.5370571953672,0.0,1.5082063269611203,38.89293945184413,38.9903789194474,0.0,13.35864350991235,27.55009678185509,54.71067968952944,1006.3624988841791,49.99018049957548,229.32161949969293,0.4107796240097451,9.882493834974902,11.102587197604658,6.091522248860796
2026-02-03 19:00:00,19,1,0.0,2.84844050939884,244.26952705184533,0.0,4.27266076409826,41.83448741561248,44.996122748452485,0.0,5.889058630127647,21.139576338005728,63.14628558714572,1010.7455100092777,50.038999705986775,233.65837530622724,0.4156067092881545,11.181527491375235,10.61117540172213,-7.560435296230368
2026-02-03 20:00:00,20,1,2.278891298855886,2.4824442237155857,240.5973002440225,3.4183369482838293,3.7236663355733786,60.97449213173596,62.37331010009172,22.78891298855886,13.392001320942043,20.271959388334423,46.46039750944461,1011.5905139348149,49.98017354613642,234.17878585659528,0.40729280982147054,9.604809504099721,9.882273019508176,7.599713885970372
2026-02-03 21:00:00,21,1,3.446451651565481,3.646650348712361,230.09556268261085,5.1696774773482215,5.469975523068541,30.06632849051911,27.81099584779844,34.46451651565481,12.794338172317275,17.65519622924711,51.140924621435865,1014.4848822827545,50.092289181264135,228.34137451771306,0.4118309866709174,10.221905965386263,12.315538588820797,1.2889355913400764
2026-02-03 22:00:00,22,1,0.0,1.9058808601233812,215.03833892398805,0.0,2.858821290185072,40.65655434746938,41.17195956029982,0.0,9.313695905513491,18.508272283168516,50.76373012080834,1007.874329744207,50.066136260636064,227.7647072023706,0.42178979374375675,8.860887212074088,10.455062248690826,0.2034633044628646
2026-02-03 23:00:00,23,1,0.14590674764760792,3.5419312152806017,209.9861426333689,0.21886012147141187,5.312896822920902,52.159269415283624,52.49189667658566,1.4590674764760792,11.247491715174654,9.980678284362025,40.48977291463604,1015.5866995758015,50.11062758839292,229.3820958563555,0.4145511583796685,10.279223993052822,10.028997763391326,-4.3814926010886825
2026-02-04 00:00:00,0,2,0.0,-1.171104431558985,197.33685556720292,0.0,-1.7566566473384775,43.02581670287763,44.89633003567923,0.0,10.421463898739022,12.522891489197132,58.62508244444095,1023.5323219922674,50.029284846643094,232.6751433602445,0.41413018684051817,9.291741462816665,10.763059071104458,13.418706049279143
2026-02-04 01:00:00,1,2,3.5093846498921053,1.771177609531179,196.15782233903406,5.264076974838158,2.6567664142967686,47.5165539398385,45.970602558799584,35.09384649892105,11.730006871967513,11.5267687179107,46.16905916452906,1011.8426243188974,50.048669471151655,231.9980574743531,0.3984433951749508,10.788684079314066,9.830741695375135,3.780329540318443
2026-02-04 02:00:00,2,2,6.623086467636369,7.272828913127832,152.51723636158,9.934629701454554,10.909243369691747,54.1832514395293,53.25169189744185,66.2308646763637,17.250479254809832,10.91020692400772,47.44879282676074,1011.7989090475385,50.01337529092606,229.20902080698497,0.37322801042849707,7.482227808320798,8.451885991628021,-0.47275462621214714
2026-02-04 03:00:00,3,2,0.6972497187452843,1.446134289790539,160.3145676650089,1.0458745781179264,2.1692014346858084,45.10230151960684,43.15382320602214,6.972497187452843,7.402799589574968,8.239207163712681,79.26465991694272,1021.5547545846381,50.05890785316604,233.3013100201901,0.38260777983514754,8.61373421922714,10.23427651090403,-1.296532465961541
2026-02-04 04:00:00,4,2,1.2514498757874668,-1.9769282072661116,159.59015420382133,1.8771748136812003,-2.9653923108991673,65.20658600375185,66.83595869216569,12.514498757874668,8.949756157971311,11.427458086563773,49.29506540298393,1011.0730770934883,49.93751324041997,229.2981722307333,0.371433550579505,8.299408834861007,11.55977335093107,-4.795573488944241
2026-02-04 05:00:00,5,2,0.0,-0.6985303596946909,152.7407286951157,0.0,-1.0477955395420364,64.29215734702024,65.75546994644822,0.0,7.9974399342441505,10.80366160109601,58.66419342112363,1011.030249819376,50.05229780386802,228.332859899506,0.35861437637740784,9.74398288246478,9.623803773562178,8.658586669239488
2026-02-04 06:00:00,6,2,0.0,0.3045567768668414,151.9345100049267,0.0,0.45683516530026214,38.74223439777088,38.602512525855545,0.0,12.97576835483168,12.677815681992522,65.0882510828911,1014.5199851895053,50.01631846073267,231.91060982108337,0.3590091729788716,9.949023128170447,8.787237024917713,0.9873608922107564
2026-02-04 07:00:00,7,2,12.66380153007838,9.956140844482427,129.78411405868678,18.99570229511757,14.93421126672364,42.64972292208978,42.865409407624234,126.6380153007838,10.24424792480058,19.32099751606077,41.09666111135313,1013.4444993805682,50.09252821122335,231.08581948966653,0.3596912383993607,9.086895155251277,8.215752341849125,2.1953101513319835
2026-02-04 08:00:00,8,2,1.4958350418019175,2.5973507752088727,155.65401741594115,2.243752562702876,3.896026162813309,58.217419562540414,59.89529288885588,14.958350418019176,10.035476330018229,20.567232931534736,38.99719530689909,1012.8457453717563,50.07708172359439,227.06306812226157,0.34450108369374904,8.746224128036332,7.891654969440333,-1.070958744110274
2026-02-04 09:00:00,9,2,0.1635411183312866,-3.4685286931014616,145.4503882592712,0.2453116774969299,-5.202793039652192,59.51075502090828,59.41652899014776,1.635411183312866,7.088954045799857,25.461273839007347,43.235225519959386,1014.3824624386382,50.09453716411202,229.46148423142964,0.3567122712742765,8.683770414032065,9.571597901802583,-4.634933897334468
2026-02-04 10:00:00,10,2,0.0,-0.0678726226006423,182.42013019409387,0.0,-0.10180893390096343,62.388070252657656,61.615400668130896,0.0,9.976726319055357,27.210279550982737,50.904886121758125,1023.8267389189419,49.985821010523125,231.36721442472862,0.36028717389388454,9.355937866986558,8.99420588466501,-2.67777483335548
2026-02-04 11:00:00,11,2,6.7584180437711785,7.233134763458969,185.75389764073233,10.137627065656767,10.849702145188452,37.50912227082006,34.41522461012624,67.58418043771178,6.828670502365743,29.47953715479847,58.5959969885114,1019.6041902006122,50.10661343153796,228.82539772071075,0.36672715628692565,9.557496392278134,9.169328274924395,6.275717806680205
2026-02-04 12:00:00,12,2,4.910380939647098,9.108317504255542,213.32962046501146,7.365571409470647,13.662476256383313,42.90023047624008,44.39566557844786,49.10380939647098,5.0733163097542535,28.551680296043234,69.34691742272747,1004.8959334323304,49.96883149588944,226.44914156120538,0.36499899170624095,11.635902232010118,10.406225468407078,-4.904557431664852
2026-02-04 13:00:00,13,2,0.0,-2.4150481812785665,216.80181417766119,0.0,-3.62257227191785,53.748927602588466,54.947401285922524,0.0,7.696741507636636,31.497917325335266,57.516629340603146,1018.7601065653214,49.97752695250654,231.2366616094508,0.3794640766306842,10.897196539179022,9.475465144885408,-6.087259588153805
2026-02-04 14:00:00,14,2,9.847685091104143,10.487378994220446,234.66974925946644,14.771527636656215,15.731068491330669,71.37017737933434,73.70882056092769,98.47685091104142,9.096435395690014,29.678299809356215,37.206414929778454,1011.4823428968242,50.045630151810684,228.0034144856382,0.392132649938203,10.19919671345026,11.00858235577559,-4.910883636074746
2026-02-04 15:00:00,15,2,2.8382752020242323,5.172328578044075,228.664436346879,4.257412803036349,7.758492867066113,46.94399850061126,51.303342707750744,28.38275202024232,10.346120742277776,29.980286910650264,66.396057864378,1018.7000966943426,50.10530735266251,227.11011487317518,0.4090950011685526,10.522270721584233,9.419181438191655,4.5374655902306404
2026-02-04 16:00:00,16,2,8.93936039271209,8.259727665995847,251.5624795499011,13.409040589068134,12.38959149899377,29.031670053167513,29.25573634575687,89.39360392712089,11.417619577519194,29.849071779622154,62.720617640757965,1017.0407976649451,49.98757094296673,229.65766522993601,0.4029151138133006,10.403650764102629,9.676872650861789,-3.9079730780374327
2026-02-04 17:00:00,17,2,2.9665996975142788,2.837633979441523,243.9256987495854,4.449899546271418,4.256450969162284,73.58720558856506,72.96798056697429,29.66599697514279,11.176230409397519,24.967012799467938,48.15681292480075,1020.2255259432895,50.059837735597135,229.3207597994456,0.40479607461976835,9.170936891235096,9.554622016723016,0.6788042695017927
2026-02-04 18:00:00,18,2,0.0,1.0109487569438476,234.3021319108126,0.0,1.5164231354157713,46.60718445646068,45.88165060400566,0.0,14.246600288452179,22.731208338211204,45.186491964675184,1017.7367475257435,50.0462286509796,228.48430759442874,0.4074663834868682,9.794216429587404,9.989653353020453,0.9829027229845169
2026-02-04 19:00:00,19,2,0.0,-1.0304394364432958,256.55504549872677,0.0,-1.5456591546649436,63.74018783437632,63.06781405018354,0.0,10.31094487841008,22.899337589858824,34.84549661445766,1019.4917593836986,49.97175333337836,228.90170511100771,0.4059933235697143,8.534720910194341,12.02591931107041,2.021543558472399
2026-02-04 20:00:00,20,2,3.5846248544220236,3.579667961664196,260.1576650186561,5.376937281633035,5.369501942496294,50.15346554937893,49.058900778043096,35.84624854422024,10.884664439162647,21.13303106187626,42.902948617994156,1010.9986551709126,50.06348027095403,227.4402259400592,0.42954908347591303,9.808631734028673,9.519414852368513,-2.3218099038049025
2026-02-04 21:00:00,21,2,0.450827567150359,1.0090779363894047,228.19452571084017,0.6762413507255385,1.513616904584107,44.01521914076574,47.53639916123489,4.50827567150359,12.0755313151807,15.589173809895703,42.601370529536005,1009.2326052803061,50.00238906267542,228.97948384572962,0.4120274534926225,8.341574508217317,10.429612387748872,-8.174330510523346
2026-02-04 22:00:00,22,2,14.412695169337164,14.159469519558533,234.14543743903965,21.619042754005747,21.239204279337798,44.50677441819812,47.693549254828774,144.12695169337164,13.179380674064468,13.199038255910057,29.218808625672494,1013.4832157249939,49.99324095930465,234.65059941991333,0.387626164227023,9.36647224495216,11.21213155312886,2.6863611377355134
2026-02-04 23:00:00,23,2,0.0,-0.02313237928611337,220.38556058678992,0.0,-0.03469856892917006,57.11413001486579,57.095284760248944,0.0,10.641420122835445,13.295025587372281,56.71101241258883,1014.553365020815,49.949228455607724,230.120825458416,0.39427509352181367,10.125366046311678,8.868841729054983,-2.8760007432056085
2026-02-05 00:00:00,0,3,4.952283221333829,1.8989636398357477,190.9997887695983,7.4284248320007435,2.8484454597536217,48.53151148005663,52.50592612166269,49.52283221333829,8.141510832856026,5.990684392919059,51.474815220605144,1008.8557406161564,49.974124042526554,228.4381055649164,0.3817823379606809,10.354669372302107,10.878618223209184,4.940547519288709
2026-02-05 01:00:00,1,3,7.164132435810304,5.6380607597128956,160.13312989974906,10.746198653715457,8.457091139569343,58.01546705992493,59.99604758730949,71.64132435810303,7.525263509086937,8.67444818132039,34.37051243129878,1011.7213909163744,50.03541759991544,232.23663377378614,0.36994053613135824,10.721417344403008,10.48618226510019,-1.4015280491271582
2026-02-05 02:00:00,2,3,0.0,-0.06277604586011915,162.1112869351531,0.0,-0.09416406879017872,45.68176017949214,47.27058390103967,0.0,9.896864973951049,8.995728242240773,30.601871826889035,1020.327331502227,49.97873445631472,229.88866390279472,0.3656828576360221,10.431301690461103,10.221836322548285,-10.734361277657152
2026-02-05 03:00:00,3,3,0.0,-2.3467185992293134,163.0153210223867,0.0,-3.52007789884397,62.591317250851034,61.940456694923824,0.0,10.000934265463512,10.947496640499693,41.008983456757996,1017.785491487381,50.012298036005674,230.5722628374852,0.369698546202884,10.911098251344752,8.542447565683577,2.4695628413692647
2026-02-05 04:00:00,4,3,0.0,1.174646685688851,141.0094587381065,0.0,1.7619700285332767,33.49083587839799,32.441842977115115,0.0,11.30998281990113,13.499896996888069,58.14729352009044,1010.4897478263609,49.93745254463011,230.31377985433753,0.3682766091521718,10.003131097954336,10.532573340855867,-1.5182466995661856
2026-02-05 05:00:00,5,3,0.0,0.2796849028232577,167.50269865333303,0.0,0.4195273542348865,53.59343571814515,54.95623113318935,0.0,15.417078008094688,12.229007364521257,50.109786148062625,1010.3246230240726,49.99550443289811,229.41471854418694,0.3778248123307443,7.870670144930138,9.330659985661919,8.221179879224817
2026-02-05 06:00:00,6,3,5.684592101884539,1.3419464249277366,140.4733347427248,8.526888152826809,2.012919637391605,54.71097832881376,57.41918802289757,56.845921018845395,10.887310580204339,15.571755630319146,41.72780705058095,1021.5521465343026,49.96738434662773,228.40551085750886,0.37359543678566287,10.660864977207813,10.752331621440046,-0.5569392450853748
2026-02-05 07:00:00,7,3,3.5213597506385197,4.247657954531813,141.00649900179226,5.282039625957779,6.371486931797719,60.81094133289089,61.277625107686994,35.2135975063852,10.444703357734165,17.101474763181642,58.23184880773021,1009.6466265719274,50.024144127134434,231.06675879393103,0.36404829249227744,8.740877751782435,10.367072343286042,-2.123333265602777
2026-02-05 08:00:00,8,3,4.512110904603,4.381243983471258,142.81250172497326,6.7681663569045005,6.571865975206887,59.4249372293465,57.48764469056284,45.12110904603,12.429598109302052,20.82829780966673,38.89806509067955,1022.0156522119876,49.90703677135847,227.66139054220469,0.35762792503645746,10.668416650931508,10.12102434198182,6.5581899388772955
2026-02-05 09:00:00,9,3,0.0,-3.4349007792465085,144.3857377558486,0.0,-5.152351168869763,49.65037024449636,54.874800639041844,0.0,8.104843106676212,24.48210605216506,45.93540030316885,1006.6368194925882,50.01705359088799,227.8913790525631,0.3514904700431749,8.763672245819874,10.385624321704501,7.302027005665589
2026-02-05 10:00:00,10,3,0.0,2.943768111845262,185.32111159297222,0.0,4.415652167767893,45.494896236811684,47.24062805874915,0.0,7.31965123791929,21.817674662755344,64.52142209448063,1016.5979670045535,50.031139579821534,233.77249262824517,0.3547018569880327,10.183301944799538,10.1312570259349,4.953103921654608
2026-02-05 11:00:00,11,3,0.0,-3.3094073680212377,177.2229849584523,0.0,-4.964111052031857,50.15119533194553,46.421704658480266,0.0,10.073701111430937,26.27962945025839,38.94618887368584,1016.6447730860865,49.929283736153955,229.72051431973426,0.3714389921820547,9.259876233863405,9.168848042930716,5.524349145939535
2026-02-05 12:00:00,12,3,0.9077161314714872,3.03612527589451,194.96827775785454,1.3615741972072308,4.554187913841766,60.603985626182464,60.204008183820534,9.077161314714871,8.414032903143983,29.612409926950733,57.32691178501944,1020.2755906136996,50.07475181571113,230.96194405674055,0.3859439461655173,10.331578875913586,9.467594888764642,8.896962452390847
2026-02-05 13:00:00,13,3,7.610284701947498,7.827767333972354,213.0835645600927,11.415427052921247,11.741651000958532,50.916714746520206,48.38786424620181,76.10284701947498,9.364458674156499,33.18680563606168,52.21946194665365,1016.2068236299464,49.98944683256025,227.40834268378558,0.3839201004020838,10.131925265830017,10.302666982591111,2.785841114969856
2026-02-05 14:00:00,14,3,2.797701283954522,6.381897320156476,225.37455088950296,4.196551925931783,9.572845980234714,56.65496064515077,56.757415415088865,27.97701283954522,8.33465072157882,32.97477729097384,56.100651860279086,1013.9123336594656,50.01220445538514,229.6372190351756,0.40176218861415497,11.157965973500659,7.921660527405656,-4.182851789008357
2026-02-05 15:00:00,15,3,0.0,0.4640381641872215,247.7152489179336,0.0,0.6960572462808322,43.470970871959345,42.36191801436004,0.0,6.239270937953824,31.4189494107284,42.314300445188266,1009.864480178812,50.077916529129894,229.01551260019488,0.40550403969593174,10.100231988630833,11.19815792092564,-7.149512172164592
2026-02-05 16:00:00,16,3,1.2697738015998399,-0.6768216191386647,233.45890103170646,1.90466070239976,-1.015232428707997,50.454312385803384,51.11556083211461,12.697738015998398,9.576467605830189,32.57613678815742,47.76509550336911,1013.1047655814906,50.02852430742165,230.0861327060026,0.4141191123105237,8.999435113529493,10.25644424878755,-1.8868280303243188
2026-02-05 17:00:00,17,3,6.505872004925192,6.385896017608979,234.87211436164213,9.758808007387788,9.578844026413469,51.02420332946612,51.606893925350974,65.05872004925192,11.67815113151951,26.920250610251063,47.742697592193984,1009.6207779903096,50.07010676412844,232.69618015449626,0.40292046715880736,10.910623931101325,11.33880651483615,-3.207450557730835
2026-02-05 18:00:00,18,3,3.4237247856922273,2.9353190987218682,244.81787297821893,5.135587178538341,4.402978648082803,46.9298594761528,43.69893121758126,34.237247856922274,11.447211350782915,26.69176473201708,43.66659682649673,1011.053363255586,50.03146580942966,226.35115215001278,0.39136235439923023,10.696226355974282,10.83479494958775,0.952876573755955
2026-02-05 19:00:00,19,3,0.0,1.5009109381715344,262.63500713926817,0.0,2.2513664072573016,63.09099852450991,68.36024349695845,0.0,8.452755383219039,25.72658612981873,38.82519676712052,1012.0021660339982,49.92299412938938,232.47714079821725,0.40655663041710766,9.845788991029918,9.820640268840211,4.234498662730289
2026-02-05 20:00:00,20,3,0.8307823507516877,0.2540221523643368,237.09480768021953,1.2461735261275315,0.3810332285465052,36.74949621107246,39.72022943185418,8.307823507516877,11.765363187933469,17.277555839452823,58.433199564146406,1014.3082009853171,50.058147399802266,229.53880452428191,0.41663559446077403,10.01157637363139,11.161903967965683,6.357423495588125
2026-02-05 21:00:00,21,3,0.0,0.616348377182603,244.087566412374,0.0,0.9245225657739046,53.18204906104742,52.61596901755433,0.0,8.60802058610966,20.079219047897208,38.9003915845274,1013.6009365651579,50.02973943891586,228.18981398483487,0.4194264240320533,10.727973592368027,7.867565110203703,-2.026741724644648
2026-02-05 22:00:00,22,3,3.6808725572922474,5.105357413970982,230.95294994194734,5.521308835938371,7.6580361209564725,47.358567184216255,48.0816437016218,36.80872557292248,8.14153252016849,15.429810978226604,66.22598685046992,1006.320184123183,49.966758644312634,230.08710740371654,0.42083958237064273,10.770111852212054,9.427274245463973,-4.452585460698942
2026-02-05 23:00:00,23,3,3.9414786257976298,3.3110400466565952,226.82995240226947,5.912217938696445,4.966560069984893,42.365993216835925,45.18688856280508,39.414786257976296,11.37276580539013,16.599694950750287,49.18091000788437,1010.3841184494672,50.01738801336714,228.4916418232447,0.40967142166076265,10.495336039582108,8.240166285066332,0.6163704728263188
2026-02-06 00:00:00,0,4,0.0,-0.7027396021715351,194.70396869222125,0.0,-1.0541094032573026,61.751193253365955,61.61223385751454,0.0,8.323758925121512,14.313805842373945,48.123139362917776,1014.8862806762634,49.94711926218827,231.66838739971524,0.425537219541665,10.158685220964562,9.280964382575009,-1.2186731133682358
2026-02-06 01:00:00,1,4,10.018740863197916,13.131579439193807,190.8296552286831,15.028111294796874,19.69736915879071,61.96667918899291,61.49927963520145,100.18740863197917,9.574152217100314,9.90670398262613,43.87314641886636,1011.7154929038716,49.97534419164284,230.8844828895095,0.4371863971278285,9.643606370173536,8.855535488156349,-0.4594143865037281
2026-02-06 02:00:00,2,4,1.214576268330541,3.114253861730557,179.31600571164117,1.8218644024958115,4.671380792595835,47.07924738340991,46.640429156081645,12.14576268330541,10.774296833727828,11.741728456224358,47.47504415760729,1017.1571575087205,50.06140101170695,229.87027642256896,0.4490784009404712,8.61938339718213,10.991618354573824,-4.54836187428231
2026-02-06 03:00:00,3,4,5.580858841402101,5.736251923322332,164.1591213329292,8.371288262103151,8.604377884983498,55.36675577514181,57.962822242831706,55.80858841402101,10.30014123575128,12.604815488586366,43.5819775331845,1003.5241517388448,49.9633639619074,229.8713382313446,0.44945471701896245,10.368208902069552,10.836153142517198,6.684958797234188
2026-02-06 04:00:00,4,4,5.8626278582850695,5.796554312188856,163.14826281729174,8.793941787427604,8.694831468283283,57.60848686599904,57.98484371024357,58.626278582850695,10.217610952106822,11.936039931131429,31.931583809573286,1021.1040698901326,50.00862725990044,228.5989795758104,0.4438176695175703,10.679389146196078,10.90241706110048,-0.20028271147738524
2026-02-06 05:00:00,5,4,0.0,-0.5814284088645398,160.5465501260192,0.0,-0.8721426132968098,41.265477516563806,40.0091496175075,0.0,7.470406443374385,12.709022860129624,38.54409165444943,1007.5915656966778,49.891383200053816,232.75405876632388,0.4378823993785492,9.42076260745595,8.886563579577766,9.426641764172901
2026-02-06 06:00:00,6,4,0.0,-2.124018600720797,156.3732693102362,0.0,-3.1860279010811956,51.508116096312946,49.858760533745354,0.0,9.96609788667881,17.384008650916755,45.82963035855421,1008.2648091038327,50.035375122566826,229.76823785196862,0.43722413495633106,10.966208771433788,10.119673078265853,-2.0872414433168243
2026-02-06 07:00:00,7,4,4.081060795672652,-1.1807085959567472,171.11435123131756,6.121591193508978,-1.7710628939351207,51.994889907392,52.07865643976886,40.81060795672652,12.47968174065343,15.214151866261211,60.65496030453376,1008.309330711067,50.03775502165945,226.45975361654575,0.4193146161425745,8.554297249175061,10.204956499679264,6.206758294807994
2026-02-06 08:00:00,8,4,0.0,3.5384232314092174,175.3575191592139,0.0,5.307634847113826,47.19192208298263,44.82033944201794,0.0,9.57848103622246,16.726415740938382,51.54875549150759,1020.4070908640309,49.967436315812634,228.04935667430337,0.42726652252186476,9.989730323527468,8.681188227255976,6.3998920785178495
2026-02-06 09:00:00,9,4,2.153065847057016,2.0894701859567784,169.31136122826172,3.2295987705855236,3.1342052789351675,63.544468503622575,65.32505501118492,21.53065847057016,9.794334211408461,23.534918961088874,49.585524384188766,1012.0947585586334,49.924667098988095,227.34234094573924,0.4288247539259117,10.67723786097005,9.053474025139582,2.6939160310165207
2026-02-06 10:00:00,10,4,5.323576320833363,5.582262982993536,176.80003181568148,7.985364481250044,8.373394474490304,60.040051434971865,60.82673229231645,53.23576320833362,11.900555867282756,26.462579298671685,49.65287343548926,1016.5426910497487,50.03434739088779,232.63635384858955,0.4352068750326998,10.257986289477515,9.001758826957152,3.3768731021193865
2026-02-06 11:00:00,11,4,2.4893481117692797,4.163155817580448,176.39776179911732,3.7340221676539196,6.244733726370672,35.51400682686951,35.410361682770954,24.893481117692797,13.116347667172123,26.06353131761397,35.53923082685023,1009.5614177763476,49.99173250631387,231.5054390861533,0.4292315726368588,10.540617416258495,10.581842585234853,-8.699423617238148
2026-02-06 12:00:00,12,4,8.827412076458874,9.358817688433348,203.56617110081095,13.24111811468831,14.038226532650022,40.91655271243126,41.59053708028058,88.27412076458873,8.948676750243749,27.17625267422659,76.27588158483601,1013.1353494354091,50.02612003667552,228.0893683147165,0.4012131797736721,9.918896822347133,10.124588175403188,9.597490431471268
2026-02-06 13:00:00,13,4,4.203836534404575,5.923365815303194,215.93084783133293,6.305754801606862,8.885048722954792,59.03805005424668,60.403365820012574,42.038365344045744,9.602332447122372,28.154063684847905,51.887147146090484,1014.2674845297101,50.038168406491636,228.5308980222595,0.38999715729993795,9.555149859708138,9.161388739963932,-5.639336516927054
2026-02-06 14:00:00,14,4,0.0,-1.5979986535786017,224.04967852327275,0.0,-2.3969979803679027,50.072452585940326,49.55650176703033,0.0,9.161247136202245,29.46872575578457,61.95762387288116,1019.725761675632,50.01077076801977,231.3916180993814,0.3831009761391362,11.19887036120051,10.198648383198629,-2.9221388426766968
2026-02-06 15:00:00,15,4,0.0,1.6296248376376063,245.23652759271403,0.0,2.4444372564564096,57.24858416713772,55.661938434627466,0.0,11.86177296917976,28.886412858009894,36.49625422991874,1011.950510243455,49.933526259340944,228.8657055635623,0.3951121094747789,8.826576895556132,10.019960510957183,-3.4295884345384082
2026-02-06 16:00:00,16,4,6.72141255658897,5.56490963824383,247.9344499317584,10.082118834883456,8.347364457365746,46.3471806330386,44.426346152210094,67.2141255658897,9.237153175136067,24.88955386458628,42.410219903881774,1007.5263998510795,49.95967303834908,228.35395267296988,0.39078138762030173,7.585938403010202,8.063129188042705,7.500229777039662
2026-02-06 17:00:00,17,4,0.0,3.246478239933219,239.30417235515898,0.0,4.869717359899829,54.311065573835805,57.062715571377154,0.0,11.918238703242443,26.018238895607947,59.26746835278891,1010.1037758759483,50.0174863050996,221.39006477565175,0.4031104718743845,8.255542619738913,9.366632638520105,-4.094680349066865
2026-02-06 18:00:00,18,4,0.0,-1.4704092645261244,245.41794240847904,0.0,-2.2056138967891865,45.09334346571543,42.051043623945546,0.0,7.266490184576528,23.89926177947063,50.10989932738995,1020.6254906028255,49.9203176311181,233.27688963306932,0.3968366925274519,8.630074452556938,11.388354638581877,3.290210975483219
2026-02-06 19:00:00,19,4,0.0,1.3552978332805072,239.38917355176574,0.0,2.032946749920761,51.180389074091536,50.362168448150676,0.0,8.196229045166337,19.377659065258108,41.739790584010336,1017.0327229352248,50.044862235435616,233.59504871088478,0.39450447290513924,9.129538870125067,10.645698564159538,4.147299109142116
2026-02-06 20:00:00,20,4,0.0,-0.4784187369740018,235.69935486833862,0.0,-0.7176281054610026,58.68676276269367,58.412602373823624,0.0,8.422219844397324,19.937705086237333,38.01079791500261,1008.4047171837224,50.038933871443234,233.25627553002934,0.39287681641697636,9.352577195846969,11.261947876277073,1.6335751588047573
2026-02-06 21:00:00,21,4,0.0,1.2877755179648043,240.06734645366873,0.0,1.9316632769472064,33.649596814841516,33.99933953049671,0.0,10.41867794838155,15.414734691232066,60.10252622974661,1009.9071819211586,50.00731484708657,229.9416556765483,0.3673665021659208,9.382169357993234,9.685822537653397,-3.979525212278045
2026-02-06 22:00:00,22,4,8.603349461613824,7.99744404159671,217.5727087939328,12.905024192420736,11.996166062395066,49.63753227610458,47.56986164468224,86.03349461613824,9.28424126879417,14.922910409733536,44.66282621242281,1020.0774143736539,50.01986510203631,232.4658703827271,0.34967270595406696,9.734867434205484,10.148729217744648,2.257121101052726
2026-02-06 23:00:00,23,4,7.344122699332074,1.8819593646149828,215.85659050802715,11.01618404899811,2.822939046922474,61.439674986447685,61.16051338472578,73.44122699332074,11.233943776444773,8.687655169324513,52.029791823492275,1014.022679180751,50.072720259625434,230.58976036199124,0.35327644737681385,11.210663755506808,9.237593743902002,2.5928873404674886
2026-02-07 00:00:00,0,5,0.0,1.047703851590612,211.32020744838727,0.0,1.5715557773859181,48.02077074046029,48.76409697617069,0.0,8.474100733598576,13.464324125222694,27.343800251510405,1011.0203453059589,49.990301763624004,229.8163803079124,0.34059072506706944,10.532505490285539,9.067397407678913,-4.743213546443364
2026-02-07 01:00:00,1,5,3.072554411612961,1.971772154693031,183.68537068721977,4.608831617419441,2.957658232039546,41.59521057971094,41.05272834186644,30.72554411612961,11.842644379206458,9.31806307049334,33.625953747162185,1018.4167452077663,50.09916055389396,232.80308424326364,0.34299444528427303,10.926158982862935,10.242843569181188,11.097238919640002
2026-02-07 02:00:00,2,5,4.495705775319722,3.5984765462644837,183.98194762828007,6.743558662979583,5.397714819396725,30.072477085103174,30.88591202725078,44.95705775319722,16.208674575306265,10.222619294635988,35.469237874750874,1012.9302600909429,49.95033200743114,228.2463688983845,0.3438166324169072,8.993880290594054,10.683031156180949,-2.327952647615352
2026-02-07 03:00:00,3,5,0.26848406856041807,1.2031122020106353,167.93842096967694,0.4027261028406271,1.804668303015953,46.017229243155015,49.541267408742904,2.684840685604181,9.523240260332386,10.824999298215598,39.09231975538959,1020.6586007301039,49.92767802079082,231.62607894084164,0.3298899058723551,9.48066856128926,7.78252816551176,12.852583942569156
2026-02-07 04:00:00,4,5,0.0,2.3176815199502925,164.0418262609258,0.0,3.4765222799254385,43.51913984712634,42.22088348058335,0.0,8.55098320919745,13.352005834989837,68.478374553521,1010.9513978945107,49.9760908341099,229.47726978772621,0.33711916811174597,9.739411611220055,10.151713968587323,1.1602392123557983
2026-02-07 05:00:00,5,5,0.0,1.8146525080456408,144.02247560562367,0.0,2.7219787620684612,48.63145308796829,47.47412000481697,0.0,9.092397170536634,13.55683585413777,68.20671176036673,1011.3776529237865,50.06632834740739,228.40062889883052,0.3270418176841794,11.168632371387355,10.591719898433611,4.381162275893332
2026-02-07 06:00:00,6,5,3.0652555514050706,1.9004512850352384,159.81245763339092,4.597883327107606,2.8506769275528576,39.89501598032966,43.27178047140668,30.652555514050704,9.937432796615413,17.35171818608812,58.13701775765601,1010.0189657938191,50.06770450610762,227.136675488625,0.33705319116947857,9.61516289720217,10.298598911666575,6.216052528894823
2026-02-07 07:00:00,7,5,1.8012899540535798,3.3828710009380156,152.55929016434297,2.7019349310803698,5.074306501407023,62.03977531724423,64.87844390114282,18.0128995405358,11.312749661276184,16.09592392816529,65.47134408033531,1011.3589737264159,50.042371588933705,233.12986032733798,0.34776042932305096,9.839459099445486,9.661437440944958,0.6157649144906134
2026-02-07 08:00:00,8,5,0.0,1.944303488141078,158.1867758616258,0.0,2.916455232211617,46.32477539747119,42.77772521978429,0.0,11.105364518770573,16.655587212043837,48.15144636191727,1012.3607167886394,49.99355239262933,233.36502050751577,0.35140670272040914,10.854754934885337,8.687789292122758,-1.915710168403909
2026-02-07 09:00:00,9,5,0.0,-1.396267260663152,176.7367278425101,0.0,-2.094400890994728,51.176678760840524,52.88088809448876,0.0,9.795370657909526,24.685245002670275,48.98095758148505,1016.7132927886092,50.02986771761544,230.43039975130785,0.3375875221454669,11.574684378150229,11.805929823190036,-3.5172152604704654
2026-02-07 10:00:00,10,5,0.251490041410648,0.39134710092831926,165.60220774596942,0.377235062115972,0.5870206513924789,53.762239533202965,53.72610241359441,2.51490041410648,8.568102450072452,26.0066346617711,50.96258451567786,1014.0260216233116,50.04910282188044,229.17038468681957,0.324206252360992,9.531815878452301,9.084880482825561,-4.141372813412396
2026-02-07 11:00:00,11,5,0.0,0.16601645517974273,179.2451608461612,0.0,0.2490246827696141,40.89326440953295,41.33900409938983,0.0,9.898930783086387,23.385696035125775,62.71267520589997,1017.4188738389176,50.05547072717565,230.05484173121496,0.3177090683982903,12.153822233671,10.121972968210324,-0.20010868889647246
2026-02-07 12:00:00,12,5,5.475059277296271,6.199663368543635,210.92799751578505,8.212588915944407,9.299495052815452,55.7510299122378,55.91947212676424,54.75059277296271,6.554690234670775,29.17963573286536,55.732959761893085,1016.9068693510883,49.99053120037722,233.76073537589795,0.29919950914753857,8.087041433851926,10.25391214422336,5.095877172851596
2026-02-07 13:00:00,13,5,5.717950906175858,6.983338254964218,206.5991552748685,8.576926359263787,10.475007382446327,49.595418569975756,48.25485020479881,57.17950906175858,7.008251816095404,27.85287768146711,41.741856712996906,1009.9570381867459,49.95854092564875,232.1930847651911,0.2787931525840245,10.957463965137238,10.318019433029752,4.061834838585235
2026-02-07 14:00:00,14,5,12.756234220497959,11.184667985908742,232.0438484374507,19.134351330746938,16.77700197886311,48.06631543936133,48.90657288559366,127.56234220497959,10.909764468783765,27.974565719192135,49.13165539223109,1008.4246355501398,49.88460909064493,230.53698279530323,0.2882744282973669,11.1509568868422,9.039891775354516,2.071019637468232
2026-02-07 15:00:00,15,5,5.609038276170564,5.764992586980074,235.86134909958665,8.413557414255845,8.64748888047011,32.87156019059243,32.71069439139972,56.09038276170564,9.501888523853992,27.84790141588195,53.560337817305104,1009.331288941707,50.04264688967202,229.9779142850307,0.2932867731492561,11.019641164860998,8.90280776546392,1.959926675167949
2026-02-07 16:00:00,16,5,0.0,0.5791173285589812,239.16795720481244,0.0,0.8686759928384719,39.573612033354706,37.10437613744332,0.0,11.69033011543107,28.595338049633366,25.570237885560317,1008.6666888085631,50.01191327749182,229.45557933835792,0.2818921339014012,9.361278019001434,9.451667198840738,1.7780909913417409
2026-02-07 17:00:00,17,5,1.9190452075425273,3.652872681658139,223.9203480226581,2.8785678113137907,5.479309022487209,54.553826534965786,55.10021948837364,19.190452075425274,12.958267413681723,29.40974733280454,57.337453731056556,1010.5476296019361,49.97594560855856,229.78321818153782,0.2893482835822647,9.779737671312516,9.015087651006407,-0.9347459452158209
2026-02-07 18:00:00,18,5,3.6386016767120934,4.058534370327162,239.52210478142308,5.45790251506814,6.087801555490742,56.774638436254776,60.646175758481284,36.386016767120935,8.852250864328774,26.154948441939748,68.06853309749495,1012.5746262082894,49.98823121654802,229.9824109812379,0.29245388113645776,10.68767143028731,9.778191459526116,-0.0044227150986754695
2026-02-07 19:00:00,19,5,0.0,2.984659126817996,248.31441079162454,0.0,4.476988690226994,41.98462673938101,42.43642477044526,0.0,9.39572687532752,24.309743419994035,43.94445148999651,1012.0121034364147,49.97038688748586,229.39990666541107,0.2906431872055091,9.455424670491317,11.817678873567608,-2.8787884940973236
2026-02-07 20:00:00,20,5,0.0,-0.23907350911817427,240.1782667052387,0.0,-0.3586102636772614,62.81099224104981,63.12776414625731,0.0,12.15131206429773,19.612210991559945,47.45435085871976,1007.0722223293124,49.94954668257459,232.92745245689332,0.29401151023425,9.076243177060729,10.151525105402783,-5.947499031790285
2026-02-07 21:00:00,21,5,0.0,-1.6960190338429273,227.73098500687166,0.0,-2.544028550764391,42.85195602026194,44.938802505129324,0.0,11.760690915305991,18.406513763332796,49.19568922166761,1019.2651651296794,50.00767483127112,228.67640382923673,0.2957021544114481,9.912135102915718,9.441052838044854,-7.043007522607234
2026-02-07 22:00:00,22,5,0.0,2.4982949273651145,237.98102512567755,0.0,3.747442391047672,42.363261685317795,42.371178974831636,0.0,6.234196359451241,13.724487383203028,48.89009073556054,1011.9756104615714,49.95873644966073,229.83843799151614,0.31675089265057155,8.743783362139697,9.701390528778383,-5.001564597354537
2026-02-07 23:00:00,23,5,0.17023078354850524,-2.2453043588318664,212.60148373198012,0.25534617532275783,-3.3679565382477996,72.8797738664554,72.24104248955503,1.7023078354850525,10.6450927253734,13.86956972486578,37.4031264606559,1026.5647608421468,50.04617143470623,228.46109408284138,0.31834330058630467,8.523888677698228,11.29527229144583,7.0029726163069235
2026-02-08 00:00:00,0,6,8.564460829215587,7.456117372916999,196.920977684529,12.846691243823381,11.184176059375499,34.80271597826215,37.12638803340564,85.64460829215588,12.654098799101567,11.288808811894032,56.13898299205491,1013.5668181023169,49.98118874866771,233.9387589886269,0.327165128281176,10.632081769934473,11.906776276338121,-6.324363129197864
2026-02-08 01:00:00,1,6,6.482783541692314,6.50638402717338,179.11654642755485,9.72417531253847,9.75957604076007,39.01783159601215,40.14045240018232,64.82783541692314,7.086727152232483,11.825353248118454,47.295394553677156,1011.5815570290282,49.98530031449284,226.14421879114468,0.3281311340199882,10.36935504944158,10.361027588440898,5.727988469131017
2026-02-08 02:00:00,2,6,0.1830214938987299,-1.5191653200072723,158.57091199363867,0.27453224084809486,-2.2787479800109085,37.299346603164636,38.295013800022744,1.830214938987299,12.023071980672352,7.644808262159439,43.16060817085093,1007.8072287880677,50.07039270295963,228.04754299696597,0.31948005381341826,9.949479715382443,11.477401686094797,6.416799315053526
2026-02-08 03:00:00,3,6,0.0,-1.7278193720779298,162.50601664642866,0.0,-2.591729058116895,39.49571160994344,39.5454511496639,0.0,9.06588484597416,10.022359502764372,61.46660328225429,1012.7388305361885,50.036446497096264,229.7419067913413,0.32189272863414853,11.164910364758772,9.640374287486493,3.818234606109364
2026-02-08 04:00:00,4,6,0.0,-1.5084957111407817,145.14884165707105,0.0,-2.2627435667111726,58.739305142692295,61.051120517463694,0.0,4.01023436699665,11.170350238932553,50.97167286254802,1017.4895236631896,50.011160317158705,229.6970308403627,0.3273107091010562,10.044463687189326,9.694869441610127,5.8623477431014575
2026-02-08 05:00:00,5,6,7.182152178315898,8.332485413628579,142.20096677003954,10.773228267473847,12.498728120442868,39.490215760755845,37.18368820647247,71.82152178315899,13.139461634652301,9.682488007484768,24.047126599816142,1014.8358731239133,49.98876322575743,228.77706666364267,0.3284890855641418,11.787518133655944,9.12641252685901,-0.8054286937730006
2026-02-08 06:00:00,6,6,0.0,-3.2783436429871777,151.3829637989944,0.0,-4.917515464480767,59.189452635170746,57.45456377284752,0.0,10.745076966429934,14.515297213443558,57.59934040575291,1020.7511191983816,49.908176484225784,231.80288527393796,0.3242183429998565,9.806937858448201,10.130494971800875,2.6772405608133143
2026-02-08 07:00:00,7,6,3.0305578345960424,-0.5995006122553863,154.2656470828129,4.545836751894064,-0.8992509183830795,35.31488641889234,34.392798128999075,30.305578345960424,11.385550510041863,17.624523958698415,59.93647664990162,1023.6180710802612,49.91037555138096,226.76937502992675,0.3521723793525926,8.92520221374713,9.242721927655952,8.595514178599583
2026-02-08 08:00:00,8,6,0.9238659282037127,1.819703933645858,142.67985453536807,1.385798892305569,2.729555900468787,39.041357985976035,37.76970730465018,9.238659282037126,8.400190064171621,21.535571436854067,50.32275142360043,1011.8366287267808,49.99992984044058,229.10600099001692,0.36431743753178925,10.667540580611359,11.55749163807874,-3.0304740904262193
2026-02-08 09:00:00,9,6,8.935079939704123,9.252883530272493,170.8867179785415,13.402619909556183,13.87932529540874,45.88073617919208,45.53327053403191,89.35079939704123,13.59172019858155,21.25752607668195,54.28042094958184,1012.1212906488134,49.94214012071264,230.51150902351972,0.35511793240494705,10.259911377861638,11.344312697705005,-1.6209955250636578
2026-02-08 10:00:00,10,6,0.0,-4.372868024047096,168.69769459932257,0.0,-6.559302036070644,49.88629642702657,50.87417953151211,0.0,9.18125099926033,29.01982998877632,65.2874135798783,1014.9930231355726,49.93257206551054,228.29387321145066,0.3470275557170395,9.197417174952848,7.8884306799597965,-9.315387255727003
2026-02-08 11:00:00,11,6,0.883783046133168,2.877184529349567,195.3724815405126,1.325674569199752,4.315776794024351,53.092993884576615,49.07910069811718,8.83783046133168,10.52868569565338,27.506036835766665,37.99921002992409,1021.8811815958044,49.94469050709996,234.6414320692876,0.3382491357913372,10.075800927022806,9.493997151393764,-7.850821354258965
2026-02-08 12:00:00,12,6,0.0,0.07113741494826736,207.08397754184554,0.0,0.10670612242240105,57.06772337094794,58.65062946109047,0.0,7.226527768228052,26.58888175334068,53.66162348036628,1009.6872212822534,49.94273072915787,232.11803719533424,0.35666174384397775,7.4910944939550985,10.098172427591937,-1.01129291542756
2026-02-08 13:00:00,13,6,4.9968092226192855,4.1998584736236735,194.7338124517513,7.495213833928928,6.29978771043551,46.37513441523216,45.6047485245083,49.96809222619285,9.090529604091504,23.457320827356988,19.69020278438547,1012.6097353776829,50.05355556354633,232.5596801346969,0.35650911379587025,9.311357684335366,9.689761164564318,-1.4641918234624118
2026-02-08 14:00:00,14,6,6.097141187872811,2.619284853793083,239.7854637047386,9.145711781809217,3.9289272806896243,49.080099265498276,48.516664895914204,60.97141187872811,10.401124929536142,30.792606276232778,52.83147516387146,1015.4397078262335,49.9990090304502,232.52508221886308,0.3570040145051969,10.78322561952973,9.625207787883028,0.323592476260631
2026-02-08 15:00:00,15,6,0.0,-0.12740945038252077,218.9003787700085,0.0,-0.19111417557378116,30.991201759086024,29.726600672268614,0.0,8.191066868268685,30.012488162356764,30.92626300486574,1006.9755722195596,49.94606960013544,227.88695515111039,0.3609939728642696,10.29883046322474,11.748479877450759,-3.670900414044645
2026-02-08 16:00:00,16,6,0.0,0.37692938230283624,231.49601103337451,0.0,0.5653940734542544,44.51354193181966,47.27707806551532,0.0,12.520022928379023,27.73913907129772,36.53306834145468,1008.6661807166229,50.00481310397232,227.4237535174124,0.3542856292163334,11.129155454194061,8.11077588127032,-1.6386351405585
2026-02-08 17:00:00,17,6,4.980300144999968,5.168112549533774,243.82912491074794,7.470450217499952,7.752168824300661,47.91139092847993,47.916894512364806,49.803001449999684,7.82643011964743,29.17061590482387,54.03415260656848,1012.9370518760709,50.06062502051774,229.40662273774345,0.35215056213546847,10.98434147329855,10.252305262756344,1.8636362769927397
2026-02-08 18:00:00,18,6,0.0,-1.1819042800200814,241.73360042654565,0.0,-1.7728564200301222,55.815940643906686,57.32811681976102,0.0,7.771751214498412,27.032392597590892,43.72371277172652,1003.5266445431503,50.08787787696412,229.4766822355375,0.3505492558084501,8.158232898635971,9.09929288358529,3.1076718210842644
2026-02-08 19:00:00,19,6,0.0,-2.6818943263293864,250.76149398489662,0.0,-4.02284148949408,60.54408152521289,61.89900100862472,0.0,7.561637428750524,22.772875582595816,49.414588002351465,1010.6763291319162,50.0077847315896,234.43104607732354,0.35308835162812463,11.37932395396061,8.173255969905599,1.0077912939002334
2026-02-08 20:00:00,20,6,2.314371689073499,-5.158534651479056,223.49379243501005,3.4715575336102487,-7.737801977218584,45.29616994800801,45.947094685166896,23.143716890734993,11.932160587011868,19.05141547339882,44.57329754519742,1011.8707975369423,50.00427233479154,227.3359734759729,0.35832418500996843,9.47023597443127,9.593868586934317,-3.8339281435104047
2026-02-08 21:00:00,21,6,0.0,2.609357460737361,227.51126722826677,0.0,3.9140361911060415,54.40368325458674,56.09205097410238,0.0,6.494676911617249,18.79106319804618,41.74365962835721,1008.2905620049103,50.005336571449924,228.66405288290179,0.36389509809685583,9.166143472259765,12.682524833611604,-7.031419963337854
2026-02-08 22:00:00,22,6,0.0,-2.368010918098808,235.91985679780484,0.0,-3.5520163771482123,44.825756633312785,40.48124242760041,0.0,11.970126221131984,18.405943739255964,51.417696017144245,1018.8106690499288,49.985939453126065,229.57412717501163,0.3650231743529684,8.60769579198443,7.481677157100375,5.734107154989995
2026-02-08 23:00:00,23,6,6.92595643061423,4.214509068513544,215.33535421353585,10.388934645921346,6.321763602770316,47.53474065614315,45.40161695030778,69.2595643061423,9.18122759518207,10.677509596644944,35.23689316838244,1005.3585597180705,49.86782449335002,228.17133663213087,0.37878646656490217,9.30210379853126,11.088350927478421,12.255213274715866
2026-02-09 00:00:00,0,0,1.357515633867126,2.002596324096965,213.99003893256997,2.0362734508006888,3.0038944861454473,44.02641387783427,43.21262892424647,13.57515633867126,13.14411908782242,9.290649417099306,46.35111570373057,1012.4934903647643,50.014738850784546,231.01155805392548,0.37307362572155767,10.155233730220255,8.782360766183503,-3.3823402019610023
2026-02-09 01:00:00,1,0,0.0,-0.2707918534138053,187.6745407724454,0.0,-0.40618778012070794,36.479496520582515,39.317162470058236,0.0,14.37340189414051,10.79015121697007,33.32954364168366,1010.2428451056825,50.03386486335572,226.64895227914909,0.38350206129802566,11.256201966876446,9.46089150124506,-5.332442350633092
2026-02-09 02:00:00,2,0,0.0,-1.0618399821341975,164.41539665856055,0.0,-1.5927599732012963,33.67981678044896,37.61011037059687,0.0,12.108109198363106,10.478553930165353,69.02695767591472,1008.1776050911333,49.999549170573,231.72397308800615,0.4077224118212862,8.7110248716206,11.720245018188038,-2.4600295995285224
2026-02-09 03:00:00,3,0,4.7607132219048465,4.104698971788425,164.35843413175888,7.141069832857269,6.157048457682637,27.159917759742555,31.467050724729752,47.60713221904847,11.867266153570048,6.285897968452376,54.10036095000652,1004.8803010838025,50.08854484154727,230.82428992919793,0.39489687221506486,9.382561322080209,10.36107141636663,1.7416356236376285
2026-02-09 04:00:00,4,0,0.0,-1.81476142580805,164.75114738688453,0.0,-2.722142138712075,62.58100290763876,59.28157746818989,0.0,11.447968917532805,12.029065793812798,47.59466317763169,1006.0791161185306,49.990187798863914,231.96746322796741,0.39879401675347714,12.353640222607254,10.136585815789756,-1.9160277454912107
2026-02-09 05:00:00,5,0,0.0,1.2190069144054254,151.07662799593876,0.0,1.8285103716081381,50.93792670294164,50.44848977737341,0.0,8.080680469659423,13.298325626810135,37.68810621131184,1018.8346787311779,50.011453673725015,230.1822275775549,0.4070169131686532,11.202128747552006,11.106076375317611,7.39889058131129
2026-02-09 06:00:00,6,0,2.751014771693037,3.0031931896259225,152.36689467579578,4.126522157539556,4.504789784438884,40.76771934545923,39.92179489379849,27.51014771693037,7.671046435116352,13.63571552534915,65.39981373579428,1014.9344519435599,50.05260770695118,227.6780132244843,0.41058806027480516,9.477211722391948,9.05370790688055,-8.12537180498293
2026-02-09 07:00:00,7,0,8.695265201924729,10.981911497592678,151.34844952359586,13.042897802887094,16.47286724638902,47.39157625578604,49.73818998603661,86.95265201924728,7.586577765893708,16.03259303275916,59.016223509774186,1014.136574860883,50.00015519963447,229.00549232115205,0.41200088413284947,10.223057616096595,10.337111838300515,-3.162479349431266
2026-02-09 08:00:00,8,0,2.271318183916332,4.826203015521187,143.89833688063305,3.406977275874498,7.239304523281779,56.385366487767854,57.956233502796394,22.71318183916332,6.026196250604439,17.695226995391817,44.49157329052668,1010.2765400083764,50.067001679223594,232.25497446476845,0.4283363099523191,11.49490383395901,11.88188039851328,-3.433348961309104
2026-02-09 09:00:00,9,0,1.9022373070556098,1.7792070414814798,156.21556142960998,2.8533559605834147,2.6688105622222196,38.7775516449031,40.89792361574072,19.0223730705561,10.691607307279105,23.98668990947271,44.32235612891652,1023.872899830961,49.94474018367704,229.21519940340758,0.41675971386266164,9.766223412868605,11.544690555710414,-0.955813781486201
2026-02-09 10:00:00,10,0,7.039749862562895,6.564870328157775,168.04954326106989,10.559624793844343,9.847305492236663,36.416552277289,39.78923479635099,70.39749862562896,12.994621814358148,23.690287361790617,62.45630760497169,1013.0085833397695,50.054006333244544,230.37816316030725,0.4154178408665267,9.746903628932273,9.075806785751976,-5.541608398652306
2026-02-09 11:00:00,11,0,2.5841569590702895,2.8703667329922298,205.5591717494373,3.876235438605434,4.305550099488345,55.619437891933245,58.75840894177174,25.841569590702896,8.154430124497889,26.156819981450102,35.66661547927467,1013.2447427996347,49.986648358980894,229.88114600267906,0.4122552847568592,9.929081880161874,10.227985742610436,5.244784158717208
2026-02-09 12:00:00,12,0,0.0,-0.7106175485600613,205.05016085646164,0.0,-1.065926322840092,51.64762635289951,54.793360021014365,0.0,10.195827377111485,27.189880057928356,59.82695933937966,1017.4811706807815,49.921351810060344,230.153575668397,0.4095477618042691,9.573615081884908,9.313123605406743,6.691463766629068
2026-02-09 13:00:00,13,0,0.16186623466213723,-1.9776841838177819,213.39498096558043,0.24279935199320585,-2.9665262757266726,47.32021357641051,49.05832997255464,1.6186623466213723,11.765054889882016,27.171515061775565,63.721442866724516,1015.7929789136024,49.986127056773896,230.42965469148552,0.4163949227691669,10.033186031719824,8.301647110169593,3.4799870095843124
2026-02-09 14:00:00,14,0,1.8022301625859583,2.7080741940902513,232.25538820963175,2.703345243878937,4.062111291135377,51.148036579765396,47.30868140626298,18.022301625859583,9.062503966411402,29.588162289984428,44.06112273283347,1018.081762031678,49.97279902561059,228.6939468470744,0.39532497286478196,10.52497315998174,8.240504973177917,-5.4777280343955415
2026-02-09 15:00:00,15,0,6.108493057715988,7.7888030946389355,218.70186130477833,9.16273958657398,11.683204641958403,39.583592532948565,38.225711876571204,61.08493057715988,10.089457041230018,32.124656062512855,38.31585887759801,1017.677213840585,49.93681123706295,231.39382939325435,0.38014136932700615,9.65119550263802,8.01772877730252,-2.025573540449524
2026-02-09 16:00:00,16,0,0.0,0.8453085389317294,232.04430131266952,0.0,1.267962808397594,59.95104483636162,56.81758141724137,0.0,13.100230796217359,29.767043123989026,70.87293397825192,1009.2356325137238,50.029672297179665,229.98549764985356,0.3792126102363218,10.5356273056996,10.296130615530226,-0.16982893597749088
2026-02-09 17:00:00,17,0,0.0,1.1167770612971741,271.7274054708767,0.0,1.675165591945761,62.249755974832986,63.821134804225835,0.0,6.272288917313938,28.81417888979924,50.94555005053614,1015.0517547093036,49.95508061022616,229.81413455601628,0.36824988276318915,10.830219371030022,12.19138892867408,2.9386737057315364
2026-02-09 18:00:00,18,0,0.0,-3.2197081315242775,256.96175116549375,0.0,-4.829562197286416,27.555246682640547,25.92785690966384,0.0,4.299018867048288,27.584373314401773,70.45827522073863,1018.8115920042283,50.07819613711338,229.92155686709128,0.35807005984996404,10.297478580682304,10.164554344177139,1.500878530640293
2026-02-09 19:00:00,19,0,6.80502967115217,10.086550812577253,249.23536211038294,10.207544506728254,15.12982621886588,47.38271890999856,46.749581463267525,68.0502967115217,10.718719243823015,23.508799493158627,69.40131688121303,1010.3895256342962,50.04560902625453,229.94035104144197,0.34751384757553183,9.341143314318526,10.609469091415521,3.204082411854718
2026-02-09 20:00:00,20,0,0.18135898213319113,-0.027337653444727772,247.03424123051855,0.2720384731997867,-0.04100648016709166,55.43514811052052,57.128155402588575,1.8135898213319113,7.822740400497681,18.937184947442667,39.76454478881066,1018.5406361970048,49.924604171739766,234.6361829062395,0.3602733846730447,10.565351360173898,11.705542755311232,1.3476184318185547
2026-02-09 21:00:00,21,0,0.0,2.46795897402154,252.39151756471296,0.0,3.7019384610323103,42.18539039142368,44.67213108601905,0.0,7.906300577165478,19.430872887266688,46.20593713092583,1017.6891714618442,50.0357613580292,226.627908447216,0.36705171307601936,9.78419932529773,10.907003518488077,-4.037610705450248
2026-02-09 22:00:00,22,0,10.396195118882206,14.022201951775765,227.02280675280858,15.59429267832331,21.033302927663648,45.54459617090154,44.70606430501681,103.96195118882206,6.232264529129731,14.90548431818958,50.01564594200075,1010.4846108510495,50.09182987349511,231.08776002214836,0.36085679996341535,9.741208844577638,9.30402298848176,1.855605363365622
2026-02-09 23:00:00,23,0,0.7060910861509849,2.1804023444982428,218.87209951401874,1.0591366292264774,3.2706035167473644,70.52362114553216,70.05809610547018,7.060910861509849,11.261809543970962,14.636688878448219,42.902378056861146,1010.8942870152264,49.90788806371957,230.88463795635386,0.35808370868302686,9.363130950349046,10.103344463562628,9.185760404002995
2026-02-10 00:00:00,0,1,0.0,5.519460295259257,184.16832187395266,0.0,8.279190442888885,42.59983899744756,43.662659280387906,0.0,12.01099297652727,17.619825342167317,56.94884730580022,1011.4893611507815,49.956675611904174,231.31007594706998,0.3701250127558782,9.902614956911304,9.049110525434745,-1.4272519000025627
2026-02-10 01:00:00,1,1,0.0,-0.059495589502387,175.4394918073815,0.0,-0.0892433842535805,43.593587668132685,44.6664482380615,0.0,9.428732805682507,13.251655890192206,48.996248226090195,1012.5397580869463,49.939087863119326,230.84399458271315,0.3665958615054322,9.836827040940888,10.07166608424189,-6.561662129407257
2026-02-10 02:00:00,2,1,0.0,-0.07857305809277727,195.5651781208697,0.0,-0.11785958713916592,49.91643672592133,49.19080898039188,0.0,9.516669127788548,6.582303573139679,46.986711486121926,1006.9970486894615,50.01367990205724,232.27852928284778,0.3499094528318578,12.472463578936576,10.994015870765939,3.6019077676782403
2026-02-10 03:00:00,3,1,0.0,0.5115603451415229,190.1001435139041,0.0,0.7673405177122844,46.51986511492874,47.0291514949171,0.0,6.788141368778623,13.230142141399234,62.097501323315555,1019.399093061661,50.00280175639103,230.22848606880495,0.36412911725696706,10.484168099633079,8.502902454130815,-4.060540089030694
2026-02-10 04:00:00,4,1,2.7218571649437817,2.245824187445408,174.83354130968146,4.082785747415673,3.368736281168112,59.14236157025058,58.285406390504114,27.218571649437816,11.384368567874123,9.747295568733014,60.78794335810922,1012.3293920366915,49.922638364298535,232.3779492775615,0.35637122312984015,9.67773927603754,9.91966342454564,-4.17253809070384
2026-02-10 05:00:00,5,1,5.673934711122206,6.689665249965531,153.5585697339748,8.510902066683308,10.034497874948297,58.209480056180084,57.26281140123461,56.73934711122206,9.514651276801063,12.767833066899069,37.40978063338151,1007.8020170408379,49.91867031285856,228.9067443057298,0.3490396020832539,12.808106922011934,9.920800010072254,2.2729845981074135
2026-02-10 06:00:00,6,1,7.362770647166802,7.3932368416640255,152.38722754846387,11.044155970750204,11.089855262496037,44.57703595199094,47.540066508734355,73.62770647166802,10.831419584102537,13.369171058967204,35.763817604919204,1004.1820785374128,49.99741058505437,229.90932976809128,0.34297101791679185,10.468560625482118,8.006137671840088,-11.889012881581598
2026-02-10 07:00:00,7,1,5.226719191926104,4.94880590812994,177.7773635961146,7.840078787889155,7.42320886219491,54.15076951672297,51.85090571177653,52.26719191926104,7.475766034695205,17.197828771460728,59.89504837454461,1022.9157714825333,50.00477946379868,227.83474678023214,0.3525556383399221,9.915826704788754,9.103264595840923,-6.756331369068077
2026-02-10 08:00:00,8,1,7.29508692481253,11.751824410568432,183.50623561286227,10.942630387218795,17.627736615852648,51.09453465935765,50.97088233797632,72.9508692481253,11.675098848550732,16.35644578790403,53.5935050095609,1018.8794327326164,50.06440208969662,230.57002112301095,0.3478715313927876,11.14036691412053,9.981591051795503,-4.781531273409361
2026-02-10 09:00:00,9,1,2.8236583492605947,4.867665798422617,160.08990527516883,4.2354875238908924,7.3014986976339245,56.79462210149959,60.06056110813924,28.236583492605945,10.123969049815903,20.362573406537944,51.85936269156201,1008.3163330245574,50.019423485643934,229.21660783647434,0.3516235300417695,8.94095535084231,9.680355936956646,-0.31968840168301643
2026-02-10 10:00:00,10,1,0.0,-4.670220128869493,185.76113210506716,0.0,-7.00533019330424,41.92771725721086,37.6005807615006,0.0,9.464347903846956,24.221239136701744,62.26853940618539,1012.2200324382195,49.91899042551708,232.6069143240291,0.3693444621096422,11.69620938899065,10.94507535790237,-7.746796974381115
2026-02-10 11:00:00,11,1,3.7465320781556284,4.963873049061213,177.86035048346687,5.619798117233443,7.44580957359182,50.590249188166815,52.52801211350974,37.46532078155629,10.490477882835197,23.301434195565637,54.940566594144705,1014.4736238810676,49.93462615169761,231.70894552110616,0.3631683092274302,9.04223665356815,9.318366171491984,5.854496342116796
2026-02-10 12:00:00,12,1,0.0,0.6910650130732036,200.15874165878083,0.0,1.0365975196098054,72.41111592726865,74.14953186867999,0.0,14.341306857408842,27.789424467875666,55.45830785292731,1006.4258224969925,50.04330171380613,230.8505414260774,0.3614380052306025,9.210407173531765,10.07903144503803,-3.7994315053419605
2026-02-10 13:00:00,13,1,3.61107426995331,4.974554056676959,202.32138275987117,5.416611404929965,7.461831085015438,25.353897047112742,25.52063348368501,36.1107426995331,11.065583459089455,27.172202822446526,68.94966618872891,1019.5672442120391,50.034889359165895,226.97501839070654,0.3789875902398736,12.75491672280299,8.736449640503253,-1.3650199100267164
2026-02-10 14:00:00,14,1,0.0,2.3149647843364534,208.00900334246816,0.0,3.47244717650468,37.588046738044355,35.05521832101562,0.0,8.802225286774899,29.240486197571403,54.672327531727426,1010.1059239654037,50.01070713431802,230.55805445643549,0.38939129163777086,10.581535799436569,6.862865166839978,-4.32009258888083
2026-02-10 15:00:00,15,1,10.028619089949995,10.711704193701884,231.13834425081177,15.042928634924992,16.067556290552826,63.7528861549853,66.78988381704426,100.28619089949996,9.096022083514704,30.126656001974702,42.00290906959656,1012.7997433137315,50.09283597532803,231.65130986337033,0.3802384912304821,11.872321622334509,9.805413377745822,5.4179748124205585
2026-02-10 16:00:00,16,1,8.25168088405249,8.795061173153263,243.30055711257447,12.377521326078735,13.192591759729893,42.851653719600804,44.61528128197832,82.5168088405249,9.426387077395527,25.972364888295942,51.46105066952451,1013.9860293578132,49.93260682575413,230.24971332705644,0.36196788359254,9.649179503607844,8.904999688152646,-8.46996907293274
2026-02-10 17:00:00,17,1,0.5689130261664439,2.299709746895269,262.9949063263574,0.8533695392496659,3.449564620342904,43.668613600862024,40.17010671782421,5.689130261664439,10.59476405918538,31.156447594542144,50.074794588568714,1012.931869672784,49.98854850408197,230.01378143781014,0.36512304476546015,10.915112454706884,9.69922762170821,-9.228721422624961
2026-02-10 18:00:00,18,1,0.0,0.5232525667837913,254.5738671793348,0.0,0.7848788501756869,56.46879894310846,58.77935849881382,0.0,7.0768128706608735,25.580377280810893,72.04600925258745,1003.6346806851753,49.99349532001789,228.81316406951458,0.37452480326733845,11.641872713087896,8.328085261829901,11.669288123424163
2026-02-10 19:00:00,19,1,3.9515213150943147,5.629638748184747,244.3407964930186,5.927281972641472,8.444458122277121,56.306812082438014,54.45401621038942,39.51521315094315,11.788339508266878,17.335746710764532,61.27207030429775,1004.424589438417,49.90487243651939,228.58603907045128,0.3829968520984092,9.292693845589467,12.062669638376144,-10.043006663207114
2026-02-10 20:00:00,20,1,2.2298999843769463,-0.21343780931927236,243.39913924936442,3.3448499765654196,-0.32015671397890855,50.85436540292192,49.89449832576475,22.29899984376946,8.589030720151031,20.4087124258374,38.791651298609864,1013.976172354481,49.99873917307805,230.9509113183914,0.3875044441915547,10.56099361755207,10.494221133437367,1.4401965496864308
2026-02-10 21:00:00,21,1,0.0,-3.1141532023920213,229.84337629327874,0.0,-4.671229803588032,40.23480237105678,39.614192775167396,0.0,11.614081752915293,19.894943157177703,32.91335422795204,1013.9145430650411,50.05064367181216,228.33223484213184,0.3916514743021981,8.93734057379542,8.768871628561675,1.5199441113316738
2026-02-10 22:00:00,22,1,0.0,-1.7679884421171268,206.33048514081068,0.0,-2.65198266317569,45.76620196141138,45.47505237658165,0.0,7.399366134292922,18.078116046808162,48.5447263053635,1012.2383910700486,49.96004938768654,234.5081847818314,0.3903084493324789,10.400844277043776,9.798723688408785,-3.125815020376616
2026-02-10 23:00:00,23,1,0.0,-1.877196172457368,213.08912002525392,0.0,-2.815794258686052,56.40746264516805,54.155921793812766,0.0,11.974514669655042,10.393869664993739,65.88932158226962,1020.1455353027868,50.02746315716792,233.80525814717993,0.41317836060188085,12.186103840915411,11.40462992038645,-1.208455998865981
2026-02-11 00:00:00,0,2,6.150007448880083,2.835393673146733,200.48701232367577,9.225011173320125,4.253090509720099,47.603445545768906,47.50761861654012,61.50007448880083,9.51395302392305,10.305792362929736,46.92183868604051,1007.0943652073242,49.95307547053635,230.03587277422895,0.4285302654089564,10.347382728015846,9.597740913110934,-2.608932408998204
2026-02-11 01:00:00,1,2,0.0,-1.1380983559879556,185.99255386327553,0.0,-1.7071475339819333,57.369684167858686,55.06169027843012,0.0,8.686169335386701,11.344620936189648,49.159116249054954,1014.1218724326775,49.97321852074204,229.83692041662735,0.4321762344300292,9.805502691534635,9.218316461840852,-3.1364186162013317
2026-02-11 02:00:00,2,2,1.593755628574488,3.6007503694899885,169.13479671836964,2.390633442861732,5.401125554234983,56.660848013614384,58.81342831851203,15.937556285744881,8.780923174725219,12.152294694396218,70.11272987955813,1006.0516156697448,50.002251563410574,227.28259676829322,0.4188252107750823,10.082535243953199,10.477623937206337,6.060474296029042
2026-02-11 03:00:00,3,2,0.0,0.4803955918071685,168.05151883229175,0.0,0.7205933877107528,48.03670477450341,47.999842618237196,0.0,6.86070214678031,12.175628170016987,52.41544680701133,1015.6639706297135,49.928194889537075,230.5581834652816,0.4310984917619366,11.640320471221617,8.570104626373215,-7.771450979619847
2026-02-11 04:00:00,4,2,0.0,0.6545484635004203,160.11932948619148,0.0,0.9818226952506304,53.408325678698475,53.05521958247383,0.0,6.933967425828884,10.055097665022947,58.256483590637096,1020.5919737307627,50.047188149521865,228.12895289779445,0.4504453616860324,10.097192582421219,9.99023303339638,10.767862209389353
2026-02-11 05:00:00,5,2,0.0,0.5552269577732526,135.6080356196212,0.0,0.832840436659879,67.77572175183997,69.35761817595682,0.0,9.39718032371835,14.132529267773311,59.398171513710594,1010.0302598280203,50.11986435191763,230.7134368461202,0.4404533190369753,9.916734222350629,9.959628306641633,-6.736933595260775
2026-02-11 06:00:00,6,2,0.0,1.343258763848667,143.72544243374742,0.0,2.014888145773001,43.47382732994273,41.434446453471175,0.0,12.411417376316303,11.772272399549232,54.06827388986167,1015.4793792992516,49.96956325204721,233.0930945341203,0.44452020451263785,9.60105784320357,10.267766343048677,3.2622304022117183
2026-02-11 07:00:00,7,2,1.0578371590482378,0.8983265805590315,153.81911493386937,1.5867557385723567,1.3474898708385472,34.057987931667995,34.444803273747695,10.578371590482378,10.307749693520835,18.471042453186698,56.888716264811634,1017.7338423579494,50.04706157976379,229.39405623848,0.4557282756784917,8.825786303283788,11.5750904348577,-3.973747813283998
2026-02-11 08:00:00,8,2,0.5405435922558268,-0.5188714167632185,157.2652630486368,0.8108153883837402,-0.7783071251448277,38.84872273073195,39.47793572034851,5.405435922558269,9.291192359176838,18.964913294975158,52.40567071980858,1014.6911176096813,50.003033130371314,229.683255357612,0.4557559619835351,10.878824870762394,10.472060736770514,8.399537664409912
2026-02-11 09:00:00,9,2,0.0,-0.976126341617745,144.92878222880415,0.0,-1.4641895124266175,40.78253804075547,40.17453426233203,0.0,11.981220778504381,21.938642345243586,63.62064954977525,1008.4389393787301,50.024915150685615,225.7611692317816,0.47482933561088964,10.688329111082869,9.738406806294154,1.2997854016970523
2026-02-11 10:00:00,10,2,4.30485221586196,5.023151698032749,179.6603507614636,6.45727832379294,7.534727547049124,62.09340922417017,64.82298154656081,43.0485221586196,14.39196815201434,25.355017172625065,61.78489010463089,1014.9765545931676,50.021142165704994,231.98912839693403,0.4776783018272366,11.451057081995152,7.530174509056853,5.539170274072402
2026-02-11 11:00:00,11,2,5.002652869061501,5.613962312595178,183.17350694481257,7.503979303592252,8.420943468892768,45.60148094270614,44.182105923966915,50.02652869061501,11.766047594233902,28.996456765882296,68.65813595480961,1014.6912667339597,49.999345270367094,226.80764891959228,0.474574489029933,9.85016062755016,9.331711854717465,0.7460629897742068
2026-02-11 12:00:00,12,2,10.483633161456828,11.547729314613546,210.16791987423005,15.72544974218524,17.32159397192032,30.996779897976353,30.969170116664976,104.83633161456828,6.46745381893934,30.495888827290504,41.67823590284906,1006.7511679305567,50.0816238819514,228.9616037937423,0.4742940624636289,8.192548146086697,10.647536099656811,-1.8809444479313773
2026-02-11 13:00:00,13,2,4.052877353520827,7.33145974445073,212.7567178465147,6.079316030281241,10.997189616676096,41.977956108752466,38.85478534975586,40.52877353520827,11.58015543085422,30.22946096797889,66.84754425457226,1021.6093531872899,49.954380385301,234.4564488577688,0.4809474784959446,9.347699611863524,9.242859927688537,-0.2632567275991466
2026-02-11 14:00:00,14,2,0.0,0.17129581317382786,226.68165782457538,0.0,0.2569437197607418,63.8328711026684,66.53009026409585,0.0,12.436510191366676,31.63606157923454,60.51515814602478,1017.2520747915977,50.045671390455944,227.8725422679266,0.4880236078058389,10.577066857458728,9.58260928369414,4.967004009452084
2026-02-11 15:00:00,15,2,0.0,0.9057439009779964,222.96542203222182,0.0,1.3586158514669946,47.15367878867695,46.290531680212695,0.0,11.275018842914054,31.104525189087898,43.70115818983647,1011.9082495083127,49.93076867776733,230.3518703771193,0.4891891149297631,8.788705915549155,11.225870735425135,1.3235408725026216
2026-02-11 16:00:00,16,2,10.256709475812707,10.593367584709812,242.03422299559585,15.385064213719062,15.890051377064719,59.73060491083416,61.68827152662775,102.56709475812707,11.758358552572354,24.059995370374015,45.18190110455331,1011.6786181251808,49.89164572328608,231.46555775171151,0.47649026964129887,8.225701725294904,9.428735608124857,6.105706098603728
2026-02-11 17:00:00,17,2,0.41384893619050656,-1.5549493428208985,238.89393464800958,0.6207734042857598,-2.3324240142313477,41.87452127488368,38.69231450606269,4.138489361905066,11.16236241832598,25.101915862905134,54.21998275369614,1014.606149475638,50.03473322293466,231.5615276889841,0.47660343685149487,9.665154025585117,9.303448659720432,-0.606055194592925
2026-02-11 18:00:00,18,2,0.0,1.2844180168996506,247.6211756660085,0.0,1.926627025349476,65.21089652010288,64.77295429825956,0.0,13.722425398381514,27.144453838993492,46.19730022413009,1014.5813791246547,50.03935464963221,227.97608092946294,0.4837250566910707,10.179179770766682,11.733459856118754,-4.53719033907659
2026-02-11 19:00:00,19,2,3.4245818909737613,3.3111032343933964,240.89260876462612,5.1368728364606415,4.966654851590095,36.17901901800781,37.088428884053016,34.245818909737615,13.814739501717959,22.710272799913113,61.55850741287672,1009.2248077175691,49.91712622696182,231.26269140125882,0.475069223145654,10.378129142650666,10.284934274343588,-0.57471346184324
2026-02-11 20:00:00,20,2,3.795451582474189,1.6279542503112157,239.71390386505078,5.693177373711283,2.4419313754668233,56.42707265627285,56.649501944018425,37.95451582474189,8.49625983992493,18.945281165246975,30.254766322329715,1013.0223908457502,49.91852500179408,230.17703598495038,0.4783858501786942,10.64591310019905,10.031549813507528,0.3464260406809732
2026-02-11 21:00:00,21,2,0.0,1.9952854333610326,234.84935358606745,0.0,2.992928150041549,40.26829904655543,42.718225250465395,0.0,5.773173907690855,15.933845388354209,45.08090533014813,1013.9322479077035,49.988637493607634,231.07267526701105,0.492430724474938,10.5769778111416,7.514129858942093,0.8607915556036538
2026-02-11 22:00:00,22,2,0.0,2.0844534056348643,223.57345439029163,0.0,3.1266801084522964,43.769844602573684,45.68332842124903,0.0,11.354774559311844,16.621200464099804,41.76924336138899,1001.2512241963494,50.05228085405024,232.15989115365522,0.5006161145679107,10.73928338794485,11.548254332433043,-2.1232817684174945
2026-02-11 23:00:00,23,2,0.0,0.4175967672548223,212.59438641351258,0.0,0.6263951508822334,54.14148040880483,53.25618923345213,0.0,8.591207205980352,13.45238887615981,22.859695019758313,1015.6288671750812,50.02670552773185,231.28662160064755,0.4827293240819834,9.158867602729748,10.546877949889948,2.7624192445212206
2026-02-12 00:00:00,0,3,0.0,-0.10313215719953182,214.01168389296492,0.0,-0.15469823579929773,61.80836286506352,64.34896213741568,0.0,7.05720259768,11.639602797599412,41.67346230867745,1007.3502059608612,50.0599842327387,231.3956316211845,0.4688028946061683,9.533973466026074,11.388615794907263,-0.4110985431442684
2026-02-12 01:00:00,1,3,0.0,-0.27907210876275973,199.9414233080624,0.0,-0.4186081631441396,47.604570987396144,49.23641554324793,0.0,13.043920036858292,11.101097936979844,41.71544615567015,1015.3187679517905,49.95243801031569,230.85587646383854,0.4803529087270955,11.204087354677895,10.02031185869729,1.3720908278115855
2026-02-12 02:00:00,2,3,0.0,-1.5223463998081477,170.82481301060395,0.0,-2.2835195997122213,62.928490069476084,64.97304840281554,0.0,9.435978262372572,6.950847376271248,31.547339720759634,1014.9205020439853,49.92555873291713,230.29353822955184,0.46243594692449125,10.584889368440036,9.538897851080076,-3.891024502949449
2026-02-12 03:00:00,3,3,0.0,-1.0154901976336101,169.59240582691166,0.0,-1.5232352964504152,65.8335778817417,66.66363961130885,0.0,8.8542242843896,11.370083701040338,46.19481192462681,1012.8529353996228,49.94356790854015,231.23596979517913,0.457312537726654,11.427998258013593,8.521730940002714,0.26245962073908646
2026-02-12 04:00:00,4,3,4.653158504643904,5.789745647169404,150.09005951108992,6.979737756965855,8.684618470754106,43.614757157272884,41.81375747022041,46.53158504643904,8.088162339031197,12.911318842753683,56.20995769476609,1021.4820298419412,50.02909386817101,231.0085059171452,0.4625314003174385,11.036461760525892,11.972384006105083,6.446647687157137
2026-02-12 05:00:00,5,3,0.0,-0.08141693323969998,151.1530050661332,0.0,-0.12212539985954997,56.53390340529688,60.29923257772888,0.0,9.560404380229299,13.980968466933357,41.25102847828959,1018.7104301217453,50.002745783901915,227.68403036543106,0.46031123431256793,11.0664545335077,9.727085447012659,4.988234335924488
2026-02-12 06:00:00,6,3,2.0591247034354683,-2.273199239704732,143.9144481677529,3.088687055153202,-3.409798859557098,57.42735200183144,56.20804774766657,20.591247034354684,14.389803542498992,16.674059181246843,55.89246547186294,1015.1020501668726,49.969444370461325,229.91485281204552,0.4600331613152724,9.848132022871248,10.535623452178418,-1.830253615653491
2026-02-12 07:00:00,7,3,0.0,0.7315198020571752,158.7585115118449,0.0,1.0972797030857628,54.08569665292907,49.64458258869787,0.0,12.738253308435054,16.87163704113547,50.36873423818045,1019.0398466908871,49.97176238876945,228.38877174444306,0.45867433947911707,10.425882698474533,11.003983119994603,3.1954665203499566
2026-02-12 08:00:00,8,3,0.0,1.0970246003269242,168.80196673972605,0.0,1.6455369004903861,49.498135907837245,51.01964230528596,0.0,13.329606234966851,19.46314294186081,34.717196577139646,1020.5620896211608,49.99800648818589,233.45250850524386,0.4639239062686406,10.716511317772571,9.99919681074747,-2.7243846956489977
2026-02-12 09:00:00,9,3,0.0,-2.3238845152270926,179.18601336367087,0.0,-3.485826772840639,67.24663349827071,67.38287421781624,0.0,8.81211007830638,28.78799881768847,46.37914268976198,1009.7488794490353,49.99944282070114,234.04763965637267,0.4628975137827521,9.223268180479685,10.988827130170275,-0.4255318565209969
2026-02-12 10:00:00,10,3,3.863733781279472,4.820755477437448,170.78722389519038,5.795600671919209,7.231133216156172,46.20200978947649,49.33792348285351,38.63733781279472,8.784368772753584,25.09154760820473,47.70742794068049,1011.6149371579844,49.97417868688957,228.6117806743378,0.45225489017807274,9.330978310162008,10.91596253557547,0.943513015909357
2026-02-12 11:00:00,11,3,3.2815093391299346,4.613977258525582,178.71205583069022,4.922264008694902,6.920965887788372,55.671575457100495,49.685824700398925,32.81509339129934,9.532448248028263,30.804130585165304,27.88376051121446,1015.9617694532712,49.91574984894257,231.97085816887935,0.4563433523199731,10.591513653004593,10.06226216360217,1.651784907196525
2026-02-12 12:00:00,12,3,7.977855883591127,6.488938313763295,190.87787288349622,11.966783825386692,9.733407470644943,51.11034558146324,53.67127315705189,79.77855883591127,11.546775507216386,27.555592998932994,49.99756963719462,1003.6928286409852,50.01908900545453,230.3478760761672,0.4565731348704161,10.239302772173785,9.155649057282695,-8.449200994976579
2026-02-12 13:00:00,13,3,4.123237719287328,6.9470354783177175,214.0808789745125,6.184856578930992,10.420553217476577,53.829243575746425,53.71959337330952,41.23237719287328,5.442856511794008,29.005905855749514,44.76548660557271,1004.2797719775123,49.958493444226406,227.99183606757774,0.45857436122853457,10.35484728711782,10.996077137136286,3.8856292265938848
2026-02-12 14:00:00,14,3,5.357041332306971,4.555916838015923,208.78704464698535,8.035561998460457,6.833875257023885,51.68658106747545,48.27920383731474,53.57041332306971,9.264556726333604,27.30399405731717,32.05869903556513,1012.3382275116799,49.971059639500446,228.90572321874046,0.44528153573537865,9.924192036721857,9.403250180970856,2.7664581130626846
2026-02-12 15:00:00,15,3,0.0,0.31918536051755814,227.36076999076317,0.0,0.47877804077633723,42.79609235592612,43.33042497474905,0.0,12.276659542568325,29.633572039029037,45.1019592772007,1006.136710297358,50.0010627956081,228.39036527478694,0.42947415185267096,9.095616533166764,9.871839051110396,-7.643590128089198
2026-02-12 16:00:00,16,3,1.4018861658255166,1.4056804967003553,261.86920175339134,2.102829248738275,2.1085207450505328,54.035678909381744,54.249667940352374,14.018861658255165,9.878601241195453,23.897499214855188,57.27127033146525,1016.6517284564258,49.986336084841405,226.1097048851752,0.4260267230925407,9.026161383905578,9.081299322493622,-5.850474608220199
2026-02-12 17:00:00,17,3,2.7354552884206607,2.1145272467671647,254.54671580809435,4.103182932630991,3.171790870150747,47.904260954349965,49.83430802484855,27.354552884206605,8.145545603209069,27.985671157055663,56.8636280002602,1009.5004595870353,50.01594155702451,231.98248266935585,0.44174658118279614,11.547574066303977,10.896050512480478,1.3523211096289065
2026-02-12 18:00:00,18,3,0.0,2.3036004233817424,257.1680111021868,0.0,3.4554006350726136,38.47053915420864,36.989234026499375,0.0,11.247655220533193,21.665142799803448,50.59889306471197,1010.0472008031608,49.98288192929996,234.78551314664654,0.44449805179506024,9.304583730656034,11.231930851273859,-7.942414271930689
2026-02-12 19:00:00,19,3,0.0,0.33155672693612176,250.54625747162456,0.0,0.49733509040418267,49.99819201517839,49.173037315438535,0.0,9.605871930771624,20.7171542474087,41.97627137246951,1023.1377728596266,50.027291907160745,229.25848355740476,0.440056051502502,10.154433818231137,8.301638870675173,-5.056228758590519
2026-02-12 20:00:00,20,3,4.1752910677801935,5.197978348959692,253.35803776378683,6.26293660167029,7.796967523439538,47.85195365996272,51.245705892248125,41.752910677801935,9.119255801206215,22.038064375332567,33.40318049903616,1007.3438452278407,49.942926682840124,229.5838579165307,0.42666632246317326,11.808136227025797,9.759029224439171,-4.436250274661303
2026-02-12 21:00:00,21,3,0.19328507101522366,-2.161695810344876,233.09343010819077,0.2899276065228355,-3.2425437155173142,54.19479175687196,56.63343244192796,1.9328507101522365,8.015340241863866,19.695079809592986,55.102746230438704,1008.7460242747931,50.07595182425947,228.91882792996347,0.43445212865180644,10.956241871667254,10.232358143565818,-11.084089760542497
2026-02-12 22:00:00,22,3,9.4900289282141,9.497866411396144,209.08617229951562,14.235043392321149,14.246799617094215,67.1478781036809,66.87110757860498,94.900289282141,10.622789864220122,16.17058357780005,62.014846108311495,1011.67816814549,49.96589235777858,229.1759754989893,0.44211680708454965,10.004854317109611,10.333344412707573,-0.3705929319524115
2026-02-12 23:00:00,23,3,0.0,-1.3060514983037548,188.67479530206305,0.0,-1.9590772474556322,47.17646209012375,47.794013805628914,0.0,9.170404837147942,9.531380122986047,55.87028120030161,1003.7299501348638,50.089678853976025,227.00839404448763,0.43629324030927114,11.614861996400274,9.704594444437172,2.8940244409467084
2026-02-13 00:00:00,0,4,0.0,1.4628046671138177,193.61616542515765,0.0,2.1942070006707266,49.132416520327375,49.24938569318215,0.0,8.39433751524846,12.60693212862325,42.39622631792889,1016.757430993347,49.95104395915713,230.77382403853733,0.42869004791823495,8.65450603641555,11.918500096187161,-4.9200877666464935
2026-02-13 01:00:00,1,4,0.8062912081480473,2.4285735203877126,186.49094147800346,1.2094368122220711,3.642860280581569,56.39531367326026,57.224696303519195,8.062912081480473,5.262337116193237,8.830284299590701,62.805107399980365,1017.4887214823415,50.09197114654134,227.31192839411457,0.4180322255616788,8.304829661681536,9.515380738967208,0.6923593504125047
2026-02-13 02:00:00,2,4,0.0,-0.25803596750344615,182.71355412102534,0.0,-0.3870539512551692,40.288458188724206,40.00646291161671,0.0,9.948252300029383,10.910741861487823,45.94728844243955,1014.7572503201303,50.09405945663296,231.20883266800925,0.4241925268534894,11.043232003186093,7.882989091499372,12.8052444128115
2026-02-13 03:00:00,3,4,0.0,1.296023716575487,167.55406738084005,0.0,1.9440355748632308,56.343575093874534,56.46357075854392,0.0,10.592752725081423,10.298148098569134,58.3860359245135,1013.7323540553805,50.010712554170304,230.67725829753596,0.4295093098452284,9.006863815297251,9.393499011395397,-2.7160297145111754
2026-02-13 04:00:00,4,4,3.8711102629956167,4.929892594257883,159.5157920886184,5.806665394493425,7.394838891386824,47.330173047077515,44.11556022462218,38.711102629956166,10.153323964824141,10.811389603895556,54.05394404543487,1021.4395070112754,50.08725548750314,227.99709233669546,0.4356348657908315,8.268991270894483,10.212770214000148,6.148754745732983
2026-02-13 05:00:00,5,4,2.156673880853442,-2.306710822114939,135.83149671348204,3.235010821280163,-3.460066233172409,49.09646406697767,47.5736891922567,21.566738808534417,10.52480917864768,10.462581330023802,37.03041278225111,1014.5486581661272,50.10108715857858,233.61982302652416,0.423748988646631,10.559862796249961,11.477918391120898,-4.533723488422708
2026-02-13 06:00:00,6,4,0.0,0.11981170833787486,159.44115251189464,0.0,0.17971756250681228,59.512808672488234,56.96140617177719,0.0,10.537047722451138,14.456224921711707,59.948901177365016,1008.3147071072245,49.99404396811489,228.34254179039954,0.41443949131371305,10.578726670461439,11.952543400641318,6.228350458100133
2026-02-13 07:00:00,7,4,0.0,-2.052335900804063,153.75333230474573,0.0,-3.0785038512060945,38.022630451323494,37.60239884880539,0.0,6.306974895020462,15.038648000206999,48.883926473337105,1010.6744949962224,49.96466293706216,234.5563649157316,0.4166730543988285,8.197196602693042,10.665245157770434,-5.213415609732598
2026-02-13 08:00:00,8,4,4.5089003517704285,5.639438497559384,158.49942375957494,6.763350527655643,8.459157746339077,50.558057756359155,50.57518672340435,45.089003517704285,8.852042085941996,24.371065673198007,33.84041993098971,1008.3674392101944,50.05195413373671,228.658859270004,0.40343056814818345,10.565930857854262,11.420572967457037,6.621948066603688
2026-02-13 09:00:00,9,4,0.0,1.0623706525015895,153.2475502037712,0.0,1.5935559787523843,55.92495342342541,57.04107323081705,0.0,10.698554780516838,23.210894136109335,52.595822185354685,1004.559017313729,50.07749286277038,230.82309257858907,0.42132275263505015,10.045405235315265,9.968657689159873,5.947694122784895
2026-02-13 10:00:00,10,4,0.0,3.1274636379471628,197.66468608995004,0.0,4.691195456920744,38.63966345373204,40.319265821954474,0.0,9.14361210352131,23.818891827231166,55.74582540600905,1012.2652217572853,49.92548441047845,231.29098227083858,0.41200018268407995,10.30103390657317,9.79305146173151,-2.3508616353625538
2026-02-13 11:00:00,11,4,5.703866240463852,6.137424519717749,186.29640230737976,8.555799360695778,9.206136779576624,38.94992593026141,38.835202943802116,57.03866240463852,9.391022027347242,27.57702598001286,49.54179733561206,1020.9567065923703,49.97824621937636,229.41907992891217,0.38700629718218205,10.392785404045346,9.907694585752582,10.782264564342103
2026-02-13 12:00:00,12,4,0.0,1.880410464013616,192.77951795824055,0.0,2.8206156960204236,58.3426710975075,60.21183856413541,0.0,9.228852620809123,26.75352145089962,61.9798440978815,1006.4723695453669,49.99796954626231,229.99180125240935,0.3785820384954137,7.818808560313117,8.38121841065856,3.0397703068305804
2026-02-13 13:00:00,13,4,2.159493618009688,3.4292729597520983,209.94073598722116,3.2392404270145323,5.143909439628148,52.58850536577672,50.80504209821971,21.59493618009688,9.656057515452083,32.67450508162656,67.10394476203543,1003.6088003992342,50.0037950756139,233.03241926176358,0.3809362719022241,11.079902496852574,9.768224313345135,-9.083707939835909
2026-02-13 14:00:00,14,4,0.0,-0.06201283998920482,228.36480822870826,0.0,-0.09301925998380724,54.63088023398559,53.275612123957295,0.0,12.84197469630712,28.99285624918272,62.24177908637202,1006.1404965885351,50.017351236076415,232.53286598144058,0.3809872110071135,8.821054080875648,9.941368931769613,-9.799429851521033
2026-02-13 15:00:00,15,4,4.92983276527378,8.939816642745596,234.77616546310838,7.3947491479106695,13.409724964118393,53.91725867557366,53.52122695409316,49.2983276527378,9.157991037987927,31.868187084674865,58.05761865332426,1010.1960795408978,49.92207677529658,229.8925717264053,0.4100989079008303,9.639888620515755,8.699347639920221,-0.8557530670772652
2026-02-13 16:00:00,16,4,9.922416189910273,7.761656786744655,245.91474837682748,14.883624284865409,11.642485180116982,60.26185200002308,63.2807383375477,99.22416189910273,7.266380508002502,29.67651178023283,43.39359215766906,1015.4145545680356,50.00569918614802,232.93249337029496,0.416062852768461,10.993965972597362,10.128509207888733,-5.393190619633518
2026-02-13 17:00:00,17,4,13.196387685533306,9.597920038835225,265.8954005117496,19.794581528299958,14.396880058252837,60.00464069381577,61.024389084220445,131.96387685533307,10.741080598926004,27.452167107500767,46.826248853417745,1018.5107140982227,50.09076017819407,226.35335514585418,0.42031115608052927,8.70330389516986,10.92288541298737,-7.111754362950828
2026-02-13 18:00:00,18,4,6.806702269575986,3.402809854062848,248.49345179363954,10.210053404363979,5.104214781094272,57.39969312539409,56.081733898478966,68.06702269575986,11.093135635141415,21.041538235892755,44.30283645866267,1016.0178498866921,49.94607435342467,228.68217768777728,0.4180584090550844,9.224164886106617,8.926667649478315,2.917999293806639
2026-02-13 19:00:00,19,4,4.897545256678371,2.850561987143052,251.14794142866248,7.346317885017557,4.275842980714578,46.94133553192478,45.51637928091239,48.97545256678371,6.372387301500542,23.655531486843174,52.88613599638765,1014.0934806145857,50.01054833720379,230.71303623931905,0.4264749350566196,10.407771171680844,10.137372694884748,5.876021794601687
2026-02-13 20:00:00,20,4,2.6228117580750014,3.024625133075433,252.78726797820693,3.934217637112502,4.53693769961315,35.71905205539867,38.74901891127545,26.228117580750016,8.6296899710209,19.108479213737038,45.1968631874269,1011.4378525186638,49.98635777796677,226.27247352763519,0.4226444862951163,10.930392921787053,9.850988395773436,-1.42668839778106
2026-02-13 21:00:00,21,4,0.0,4.212369141578658,229.46833680277436,0.0,6.3185537123679865,19.54910197001205,18.357429709850344,0.0,8.06927399893045,16.48348900170786,56.7152073414864,1011.1296890739964,49.93462141535333,229.36531883277576,0.4428605896586836,10.85277178574822,11.054779701897967,8.906466812356763
2026-02-13 22:00:00,22,4,0.0,1.990835967019336,230.23851929753198,0.0,2.986253950529004,68.48110719830164,65.98768563242038,0.0,12.792113491146043,15.138482579951631,54.023196556430115,1006.704292657219,49.998090086578124,230.4206927470939,0.44737545236979187,8.377096228721214,8.10714905243482,-8.165536617774992
2026-02-13 23:00:00,23,4,0.0,-0.40247881688774034,214.49221712245262,0.0,-0.6037182253316105,63.60509354912079,65.01345001286604,0.0,11.760669098599676,10.698721061712055,62.08516390926465,1013.1409500773306,49.97120750200179,231.50270988881545,0.4417212623635957,9.289698330837556,10.961731480732123,-1.756189729517623
2026-02-14 00:00:00,0,5,0.0,-2.292237843878998,210.3066501587899,0.0,-3.438356765818497,53.67235961667852,58.0150957109239,0.0,6.814021799931066,12.095337009873148,50.99965760618079,1015.7667167603494,50.04393086131353,226.35760510795674,0.4403958481560949,10.962024833731604,9.784873299113212,2.297029497180543
2026-02-14 01:00:00,1,5,0.0,0.757457320376416,175.70253489614552,0.0,1.136185980564624,42.400415041746705,47.33990254399788,0.0,10.385071515572779,11.748670336887503,54.40046206569353,1012.0256568907988,50.034004020068885,228.9593023997211,0.44589532826732114,9.5442599841541,10.647217595299615,7.416809937767715
2026-02-14 02:00:00,2,5,0.6603794313021126,-1.9407283590178204,167.94017783698362,0.990569146953169,-2.9110925385267308,36.096471323153025,35.813518161591226,6.603794313021126,8.964664181304515,10.349772373952362,49.94256242241783,1008.2659928163048,49.98563613218845,228.15604711596436,0.43729770056289013,9.96923702363685,11.320152740127208,4.4726566328716135
2026-02-14 03:00:00,3,5,3.215952257599646,4.548310761447741,164.37678067074054,4.823928386399469,6.822466142171612,28.693542292753452,24.705791412296943,32.15952257599646,7.899616802765362,11.21237348421562,50.35845053941375,1016.696869961531,49.97988259508753,231.42057034237865,0.4502118420211165,8.665024797712782,9.670480110542686,6.242318930194327
2026-02-14 04:00:00,4,5,5.98878450525906,3.973610386988105,172.8751736142147,8.98317675788859,5.960415580482158,50.4118682030425,50.3774782639101,59.887845052590606,9.42766252582761,9.883083566619193,51.8276559667152,999.948265608735,49.93553473876201,229.18715744568019,0.46253787084803133,8.76959680978106,11.147244077213031,-3.525124932588483
2026-02-14 05:00:00,5,5,0.0,-2.8219974229591065,143.593606078273,0.0,-4.232996134438659,45.8919749117387,46.50378272168989,0.0,10.279589079799164,10.017163250252885,50.37592812624041,1009.6615582725879,50.02819659597778,233.20033104222907,0.4638304457706877,9.56720133810587,10.244309840808175,-7.086299231114586
2026-02-14 06:00:00,6,5,1.255793104600063,1.5633026747446293,153.1214886162723,1.8836896569000945,2.344954012116944,49.258955604695885,49.45556453355132,12.557931046000629,11.869878911736402,16.14525140173753,49.33112811538812,1003.164625469037,49.96927293483557,227.2483766630072,0.48332219697538104,10.906225919533913,9.249264895528267,11.891632152406796
2026-02-14 07:00:00,7,5,0.0,-1.8523140298944136,169.6249242686383,0.0,-2.7784710448416203,70.08430518730103,70.28027617787912,0.0,9.868970239263627,16.764531613105646,43.475811447630186,1013.1310027624625,49.95700334871155,229.1284444602933,0.48536808843093626,9.44278013270012,9.437757584647537,3.394149787039342
2026-02-14 08:00:00,8,5,0.0,1.4726426407609556,161.9984636883376,0.0,2.2089639611414333,55.975816315246384,52.17810916325182,0.0,8.78721188407608,23.586231279024243,43.86638034306,1015.242332347299,50.06642955710002,230.298027328097,0.4977434943165348,11.222798298475048,8.880745671454468,5.7560760973342
2026-02-14 09:00:00,9,5,3.31625832563341,1.6364819687221157,149.1163786060389,4.974387488450115,2.4547229530831736,59.161025605256484,59.44601136142379,33.1625832563341,9.334485716525199,23.651664095502536,52.620805993652546,1010.1186934955936,50.004584118845145,226.09412346264372,0.4962106049969774,10.785784287618036,9.15247711449689,-0.02324332600098591
2026-02-14 10:00:00,10,5,0.0,0.205965282435543,184.28588302765368,0.0,0.30894792365331447,43.413406576266084,41.18346364373663,0.0,11.593791544109711,27.045615710804498,69.63333091100219,1008.484892486296,49.95167883885964,227.955566763751,0.49407279284463707,10.26366696688018,10.048446096154903,1.2514523227894738
2026-02-14 11:00:00,11,5,7.589995234121275,9.354410961384394,182.04462385289338,11.384992851181913,14.03161644207659,61.534718682341754,60.01447796935716,75.89995234121275,9.850227693984975,29.296947978760375,46.504525891244185,1015.3726745194391,49.958122710063485,232.9015115464061,0.5086803800019317,7.35408279594969,9.361246763585607,5.467550675899596
2026-02-14 12:00:00,12,5,0.0,0.25478457035468377,192.81767470900445,0.0,0.38217685553202563,47.7528546101349,46.432451813942826,0.0,9.1112836222287,28.262184954475174,51.49760875166791,1013.123669732321,50.011998924073765,229.16627836210515,0.5096766421587787,10.86704180459963,10.792428593525518,2.165326510956002
2026-02-14 13:00:00,13,5,0.0,-0.09356499491607198,208.33132409420432,0.0,-0.14034749237410798,60.87309048413385,60.76352580204799,0.0,11.275834740735272,28.00595126685446,42.94967317433018,1008.1163399012577,50.04668373754949,229.85039750164054,0.5117526978045335,9.008171704132002,8.558435841113704,2.646990213352805
2026-02-14 14:00:00,14,5,6.9363699362546445,11.714051098790417,205.15636966518147,10.404554904381968,17.571076648185624,36.46018808965205,34.53186953174696,69.36369936254644,8.819892427483254,33.82610714479497,43.21093576759547,1017.3007754577894,49.97610079262902,233.9348614574156,0.5071588271060314,8.496559247345296,9.401870471018498,-1.2365405323287486
2026-02-14 15:00:00,15,5,0.0,1.0633919857154226,242.3320738014994,0.0,1.595087978573134,67.72103255123007,69.28234563503892,0.0,9.06390519566402,30.561057877393146,46.809285691937184,1009.1830238856041,49.938774057348404,230.9125174920747,0.5208134912485493,11.056589892718536,10.869707780616464,1.6218819401619022
2026-02-14 16:00:00,16,5,1.5244977892747915,4.707271534126541,255.83206392792007,2.2867466839121873,7.060907301189811,57.71659115703755,56.779774687992195,15.244977892747915,13.976277084920863,30.06450092264834,56.72433280790061,1015.67103311232,49.92635990321368,230.31458234688336,0.522801230402185,13.594599083080585,11.193305856452035,-5.330956018037629
2026-02-14 17:00:00,17,5,0.0,0.3395378651620962,255.09375100958596,0.0,0.5093067977431444,40.87845646413829,41.46210546598098,0.0,11.404581229005757,28.570680362445813,57.42607637146473,1015.2257981842605,49.99676212919466,226.64828718528227,0.513056780911406,10.75472209717286,10.087885118119884,-3.055218374474837
2026-02-14 18:00:00,18,5,0.0,-3.333735400108634,247.25798244257314,0.0,-5.000603100162952,44.43041694694402,42.863986567920676,0.0,6.192409903619888,24.292925195778253,48.63388987934358,1019.1081978223843,49.9956362958411,229.28490657848062,0.4967187548384333,12.134331301280415,9.971912550247719,0.7930588061383685
2026-02-14 19:00:00,19,5,0.0,-0.9161140448061021,249.50655203231054,0.0,-1.3741710672091532,49.32047621794527,49.406718989964034,0.0,11.088024368667858,20.22892821136001,54.71044295408277,1012.5755502552006,49.89049295837247,227.89233096594285,0.5133876474562699,11.31355799917579,10.453327752251443,-4.110756053353244
2026-02-14 20:00:00,20,5,0.91048839780922,-1.7543879669092821,240.7068673833841,1.3657325967138298,-2.6315819503639233,59.319966412759314,59.53957161572341,9.1048839780922,10.77160119929421,21.272732290078885,45.9119203412109,1017.1967472202045,50.05095533590876,228.61275711911787,0.5249082825743377,9.815351213265076,9.23208301285356,1.6066886725725626
2026-02-14 21:00:00,21,5,8.187708385979919,8.147621411771233,233.06500635633026,12.28156257896988,12.22143211765685,51.13447149300275,47.3873817815607,81.87708385979919,8.646622260579406,18.60668098130299,40.013571307961286,1008.5215066910298,50.00856934668604,229.91797639563953,0.5196404279424898,9.559284226595933,11.196000977329357,-10.222234042662867
2026-02-14 22:00:00,22,5,5.678857245459837,4.590595967185908,213.9444246748022,8.518285868189755,6.885893950778861,44.82493397021822,44.20892995394183,56.78857245459837,9.306983551060004,14.960934158977063,68.79081950398206,1010.0534505966798,50.0595696970623,232.86981011966827,0.5177381474559466,10.057591547835523,11.744515384104346,8.724521113469194
2026-02-14 23:00:00,23,5,0.0,1.765753349622584,224.3981911364832,0.0,2.648630024433876,42.88165061786152,43.85867256523168,0.0,13.847200162783972,12.017598900926608,60.727942584852215,1016.3142747549027,49.8736416111448,229.82483040587624,0.5235622070894927,10.552550924868294,9.884118308279227,3.6175420249413563
2026-02-15 00:00:00,0,6,5.812737111915183,6.672051795049872,210.79207107413941,8.719105667872775,10.008077692574808,56.527860765749814,55.10033308081388,58.12737111915183,10.243868855309406,9.762013533645511,39.69638829178021,1010.6824186376815,50.054935507414385,227.94111255220105,0.530512172979268,10.293271500937072,10.287182113698032,-4.830514531526154
2026-02-15 01:00:00,1,6,3.5506189339560206,2.4526593441712414,177.96701817624506,5.325928400934031,3.678989016256862,47.566164879902544,51.65475801796933,35.50618933956021,10.651225840302546,14.47364585060672,53.281348396314065,1014.0170603464096,49.968981608181004,228.195536083881,0.5114907539779641,9.414744037679503,9.7173016087312,-3.804806591315524
2026-02-15 02:00:00,2,6,2.8603432482372915,3.809956993679122,159.6607486411747,4.290514872355937,5.714935490518683,58.970988124470864,60.26280196990865,28.603432482372916,12.865204042618425,7.55487932364172,44.389810034091774,1015.6041958561434,50.04781162474725,228.36783167994489,0.5228367045084955,10.85479955546224,10.384189895812055,-0.5203693288667622
2026-02-15 03:00:00,3,6,3.390599339736075,7.707553869237955,150.47891700169734,5.085899009604113,11.561330803856933,38.56571912975834,38.26610703529861,33.90599339736075,15.512540221030852,10.6096672238102,49.24183560191871,1016.6712711311575,50.005617767725866,232.34579998829096,0.5127001321023269,8.75021024365364,8.723225756240666,-3.521621218103608
2026-02-15 04:00:00,4,6,2.202540050637797,3.100454341042005,147.36406315766502,3.3038100759566955,4.650681511563008,59.037793663734014,61.56748095997895,22.02540050637797,7.239630625310033,8.845062684875577,48.02714989460297,1020.3856923784083,50.00265066763685,232.7803358802821,0.5098756564892039,11.133345007514416,11.537616228993883,0.5455056340777988
2026-02-15 05:00:00,5,6,0.0,2.018356734891837,162.4064170804897,0.0,3.0275351023377555,52.883727383622976,51.66823712948869,0.0,5.632376900093685,11.316875923018015,54.350442741311674,1006.1172156597275,50.029694487499285,231.48906030063748,0.5165256600580955,10.545438918599853,9.578682860043529,0.06644551373609855
2026-02-15 06:00:00,6,6,2.287850810148288,3.837245338362095,147.0018699310226,3.431776215222432,5.7558680075431425,34.96787873390936,35.58265866690407,22.878508101482883,9.540274433493554,16.248367569177503,61.9297196145785,1010.9799122715298,49.961462632684615,232.73135086233597,0.5213690552577294,11.130164201492358,10.0383690583008,-3.051001538574778
2026-02-15 07:00:00,7,6,2.222589524007307,1.7621394699096553,138.91875193300822,3.3338842860109605,2.643209204864483,37.72176904442585,37.55636802171697,22.225895240073072,5.700002751957481,16.95145037043432,76.45117033367977,1009.567658112919,49.99503180014499,231.7953160147716,0.5135985572919031,11.028619947964765,11.554303922547575,-4.3659093699777145
2026-02-15 08:00:00,8,6,0.0,2.148525628695537,165.56513490053297,0.0,3.2227884430433056,32.09569149547296,26.775513572082687,0.0,11.295220167605228,19.877319147838243,73.3769124990611,1008.3030637072103,50.011997878611865,225.4128797534613,0.5141945619863884,9.744183995326043,10.707347009480559,7.306908802679559
2026-02-15 09:00:00,9,6,11.60968807620939,13.678789274025451,179.9859226770494,17.414532114314085,20.51818391103818,78.66180521789833,79.70949619718563,116.09688076209389,12.81190726418927,22.728550029433254,52.106007004417634,1008.5226719683994,49.9809233947421,228.27155483698056,0.513664445153382,9.797551462159115,9.115047500731784,-12.880979539421908
2026-02-15 10:00:00,10,6,0.0,1.8152186776791008,192.22449528060437,0.0,2.722828016518651,52.70289994830099,50.65560213274126,0.0,9.312912419537787,28.450247519657815,57.20458333423228,1009.8963003610945,49.98336921259479,230.86822654347642,0.5128852053192224,10.90654365645744,9.866353380808501,-6.146800319748978
2026-02-15 11:00:00,11,6,3.6970247403289527,5.414414437153641,183.35093306870056,5.545537110493429,8.121621655730461,60.376723452560796,59.45561646815776,36.97024740328953,10.251046390083502,28.2483736955012,41.714872231002985,1007.7364024220625,50.03207623297883,228.30989987337432,0.514793914547133,9.789860952219296,9.504354868084931,2.200545017677891
2026-02-15 12:00:00,12,6,0.0,0.055684210117508376,191.7806885420564,0.0,0.08352631517626256,58.99889241781504,58.482238550428505,0.0,10.37889334054281,28.454892426437794,40.30690195735026,1011.5204310510981,50.091058310235965,229.8076449431079,0.5024692546513696,8.912176972083731,10.175884724710299,3.664867531671619
2026-02-15 13:00:00,13,6,8.35711221343349,9.59687079167015,203.9586942714253,12.535668320150236,14.395306187505227,54.80473073452991,54.41482999165246,83.5711221343349,9.832664894647563,28.049582116081858,52.6058830047905,1020.0819351757133,50.06102784808169,230.6074173451063,0.5006734253178827,11.436398094559593,9.368336252286742,3.9953501853383373
2026-02-15 14:00:00,14,6,1.5673631893434128,-1.427527880735119,224.92030582939043,2.3510447840151194,-2.1412918211026786,58.01954693510106,60.34324591520374,15.673631893434127,10.960910785490947,27.583449712646416,42.37650723799574,1014.3083528333196,49.90007908354293,231.11488963062862,0.5024159320475431,10.196878483004406,8.636581655247292,0.38480307439387107
2026-02-15 15:00:00,15,6,1.4974308946833528,-1.9441255494568117,215.69054048339146,2.246146342025029,-2.9161883241852173,52.14576623151128,50.377031647152066,14.974308946833528,9.562882932533075,28.765370029392137,33.01367888959999,1014.79838885734,49.99831018437129,226.7293807433364,0.5147366102035049,9.711040763401774,11.123695781577599,6.746996018210059
2026-02-15 16:00:00,16,6,3.2344206951185956,1.9811205079145673,249.83980240302458,4.8516310426778935,2.971680761871851,36.68609717545823,37.47836641599054,32.34420695118595,10.549874241298129,27.69687522513472,51.521308127573,1009.9933559112063,49.963033921729036,231.88170976138792,0.5246112744489959,9.926111211506482,12.091550463534157,0.054413819450792544
2026-02-15 17:00:00,17,6,0.0,-0.04009248770686411,257.50820205762415,0.0,-0.06013873156029617,54.29425369941137,55.47148048621422,0.0,12.621404669209472,27.46335607040432,50.55024188099878,1013.3937342797628,50.067212030810765,229.04770827453498,0.5166427861843699,11.827187037090546,10.1312691016826,-4.1290933201168
2026-02-15 18:00:00,18,6,7.9526742284460665,12.371836451273083,244.58267825166368,11.9290113426691,18.557754676909624,62.08100994762954,64.24845605239716,79.52674228446067,11.712931100049444,26.66703193164154,51.8218292642516,1006.6840104137294,49.99471328740747,229.83191892324572,0.5049861763094232,11.054940341547535,9.095328897982231,-4.754356200750629
2026-02-15 19:00:00,19,6,8.158960480643284,9.086070752022042,267.01778682986645,12.238440720964926,13.629106128033063,39.0712506795176,36.46811928428444,81.58960480643285,6.474031826424204,20.804727606531973,51.575301492562446,1016.9925816620322,50.01840640050179,231.15431374491627,0.5290447051185437,9.686838338007451,11.356623155436422,-3.288399361835668
2026-02-15 20:00:00,20,6,1.1834489792749594,4.740689742908896,249.2816334067469,1.7751734689124392,7.111034614363344,46.10190083483689,48.27972946828439,11.834489792749594,8.410761959736897,16.2929079323283,52.505799729820694,1015.6270534724719,49.97332506965462,231.12797821401648,0.5332882267671352,10.467156980774101,9.820826825503975,4.806410751434988
2026-02-15 21:00:00,21,6,1.025502754763738,-1.464870233992563,244.85601516488066,1.5382541321456071,-2.1973053509888443,51.04048372467039,52.01977558967124,10.255027547637381,10.742055723758718,17.615949082121993,46.41571060378966,1005.2389179813881,50.07408422954492,230.88359321083692,0.5166770280097374,9.380031658321993,8.79976605953621,4.808938487684341
2026-02-15 22:00:00,22,6,11.61865732808928,9.573474423788404,239.96250856310414,17.42798599213392,14.360211635682607,64.61309198738702,61.620128761054104,116.18657328089282,8.480558566356247,20.769109825207934,43.48719761392216,1016.0401281476585,50.000661846560575,231.31530876619146,0.5223079951182047,10.808405636919117,9.9662350800506,3.961450235411564
2026-02-15 23:00:00,23,6,3.2546197106856316,6.360681525725134,221.28550497273804,4.881929566028448,9.541022288587701,52.07429068831822,50.96902000815476,32.54619710685632,11.182783896321594,13.131296669238747,62.577052509100625,1016.1297477712537,49.98092790425124,230.20115775590142,0.5099301823087758,10.839427651993994,9.577969841574356,-4.371447844619045
2026-02-16 00:00:00,0,0,0.0,-4.4041608809713235,189.6643871824508,0.0,-6.606241321456985,47.473545637986305,48.847198695282245,0.0,5.259201586673998,10.476907077948663,48.3931919386353,1015.4791145833004,49.907927436724194,228.07720025261023,0.5005966849584115,10.534115218067942,11.205121967692136,-0.9939770621314249
2026-02-16 01:00:00,1,0,0.0,-1.0835692470938234,176.59271746744417,0.0,-1.625353870640735,43.80652754546788,43.784310346466455,0.0,6.692647422247747,6.768910803847643,46.96731560484916,1019.8474917614282,50.01041247891006,226.91616950546833,0.4753241918387354,9.786647673963275,9.34364267195938,5.388603344871511
2026-02-16 02:00:00,2,0,5.244650380005772,3.296800231758996,187.42724719729227,7.866975570008657,4.945200347638494,60.00040658576428,60.18437376615247,52.44650380005772,12.23306686679516,10.000955913876451,61.62510574667824,1008.5407722570835,50.02228315089741,229.53576973362286,0.4827693620001067,9.39962329823102,9.891201939383862,6.047536864532229
2026-02-16 03:00:00,3,0,0.0,-1.066427991500038,166.56284539159176,0.0,-1.5996419872500571,48.99324439253212,50.729447438180365,0.0,7.863770411133041,7.671454673963378,47.52232544443051,1019.5838038894639,49.997914197929575,228.32726620632187,0.47087021875239554,10.524436033143843,10.493918843813837,1.735273552791719
2026-02-16 04:00:00,4,0,5.407136136645035,6.024430780798118,164.87913654830191,8.110704204967552,9.036646171197177,49.450401110798396,48.57243062716542,54.071361366450354,13.017259231753604,8.733478387796874,68.07171792791388,1011.9443742570176,49.963578791476266,232.58091099201908,0.4669179460605848,10.483493428357514,8.412856097361079,-1.7459014118904679
2026-02-16 05:00:00,5,0,3.654408711038401,5.394241408935622,147.41694406750733,5.4816130665576015,8.091362113403434,55.89328235682692,53.21791390001483,36.54408711038401,12.363900744341558,12.751043982589659,61.922660077412274,1003.8858451092,50.005844223145765,227.70481836066185,0.47747708801958594,10.212940150386407,9.719033149242897,-4.737567584766299
2026-02-16 06:00:00,6,0,0.0,1.8763808168393472,143.30515401230193,0.0,2.8145712252590207,55.26625976338632,57.24484161005053,0.0,8.831923095161912,13.556133758096209,44.70590830648155,1006.9792444065694,50.01239380494732,229.31534531673316,0.47890535677414,7.765730608319254,10.63694211566659,-0.7479620207272029
2026-02-16 07:00:00,7,0,0.0,1.1666640662719068,162.37000309915996,0.0,1.74999609940786,49.49553842766194,56.682333828734684,0.0,12.407289676927892,19.010552834435835,54.862891664875306,1006.1510214359439,49.98663592427752,232.7092042406613,0.47536706658363814,11.67252177664365,9.550153375681596,-0.17190524308075295
2026-02-16 08:00:00,8,0,3.2730271564272537,-0.7989510311463621,175.00364726898414,4.90954073464088,-1.1984265467195432,47.28179871672805,48.1923126483171,32.730271564272535,10.796280685711231,18.27195164051548,47.575759936625595,1014.2704538909207,49.96388544696583,226.12567451657037,0.48001757752881014,9.275615028881044,8.270820214339544,2.1508821402597427
2026-02-16 09:00:00,9,0,0.0,-1.9285519893875407,162.09942456820912,0.0,-2.892827984081311,30.953314211864342,28.575600493627366,0.0,14.753621189888275,24.91335813000635,49.280426879354586,1015.8039173089101,50.01461382357902,227.77104192251576,0.48440470266680774,11.590427040572344,9.850487303459285,-0.08968334386957295
2026-02-16 10:00:00,10,0,1.361926189081318,1.1097386753820864,181.47550535308528,2.0428892836219767,1.6646080130731296,53.470598098163045,53.601466237366765,13.61926189081318,14.082671940631487,22.388113789111664,51.80580938139446,1021.9334228868076,49.93085879324627,230.81528825981536,0.4975815484248635,10.565837749107569,10.45102810818088,0.44906614480184615
2026-02-16 11:00:00,11,0,0.0,-0.12422730214569416,186.144808421548,0.0,-0.18634095321854124,46.11576068534364,45.345921193899535,0.0,9.46630732661264,22.33847207487591,38.970073564861615,1021.3417264052181,49.97147224636512,228.90019195367617,0.5001078222212308,10.299160337999485,9.314890434587847,14.321600603165269
2026-02-16 12:00:00,12,0,2.0750549281444415,1.5440428997172895,200.9026643511448,3.1125823922166624,2.3160643495759343,64.0948798756038,64.58033169185143,20.750549281444414,7.418773371400885,29.01047787520324,72.41433750295965,1008.9069603473666,49.96260686818559,228.90948216745957,0.5058413106781349,8.29986660340188,9.51315906382556,13.689229515028604
2026-02-16 13:00:00,13,0,0.0,-1.4117138835070813,213.5665049721894,0.0,-2.117570825260622,49.39948437573183,46.927461987924396,0.0,7.076873035356932,29.379759727138538,36.91847346940055,1015.94384096794,50.00209880326147,232.19162132532756,0.5225748253468608,8.90201235419737,9.999191450878666,4.376858398714798
2026-02-16 14:00:00,14,0,6.6263488204820415,2.8558974409281808,220.11948259890403,9.939523230723061,4.283846161392271,44.55790414382741,47.773148280839024,66.26348820482042,9.027215050836872,29.38334850182782,53.590968086408985,1013.0937144449989,49.99737400570147,229.1196610451134,0.5306570070988791,10.038411648647823,8.601737682540472,-4.499524689830682
2026-02-16 15:00:00,15,0,2.9323416633006207,0.20688884022036547,241.6644926121152,4.398512494950931,0.3103332603305482,54.71320067302001,52.589823581072274,29.323416633006207,11.814227432572052,27.668651459141945,40.234482442054684,1007.6137075864135,50.045632049697154,228.216851627356,0.5267824278354651,11.126161087443185,11.613400389898931,-3.387605712152385
2026-02-16 16:00:00,16,0,5.448810289291999,4.906820565305777,231.15664714505118,8.173215433938,7.360230847958666,63.89635751316709,65.81304443527364,54.48810289291999,10.513816247778355,26.309518461563194,52.35247791586672,1012.3132859254275,50.04157433392516,230.79180646762953,0.518116088269765,9.846825192656857,8.441022473207937,1.724192216366318
2026-02-16 17:00:00,17,0,0.0,-0.6769324571040114,255.84434994829664,0.0,-1.015398685656017,52.220199424211216,53.76323778386461,0.0,9.403161903993055,28.62126085209488,38.244478176614535,1009.4512993259049,49.97790813580949,229.0901654351866,0.5193607985487569,10.444472577538374,9.47654599870182,7.031312174378676
2026-02-16 18:00:00,18,0,6.85143127350143,8.698777167977028,250.4477276440947,10.277146910252146,13.048165751965541,51.33632154216566,53.436427456508554,68.5143127350143,11.435791294821842,24.088849170915854,44.20675593945751,1004.0595164998607,49.98500758278349,229.23966451240918,0.53016070925903,10.875596408503386,9.879345103657565,5.771374990489596
2026-02-16 19:00:00,19,0,0.0,1.6605326022858962,235.41580292526044,0.0,2.4907989034288445,46.38978271860511,44.95745598211364,0.0,9.844981796489007,22.623465009034284,43.21456403582376,1012.8979259092885,50.056467986844325,227.35939886015078,0.5260410008478846,9.52295390042089,10.823241341373858,0.5326706327507333
2026-02-16 20:00:00,20,0,5.5748094400193215,3.861161298572978,238.39225624951644,8.362214160028982,5.791741947859467,59.04272935077749,60.66226091581483,55.74809440019322,12.161543035204069,21.55263813574911,42.486192463996424,1007.5388027370263,50.005075351861514,230.36784862736488,0.5335521244792796,8.916495853529213,8.804471208287703,11.351272739485205
2026-02-16 21:00:00,21,0,4.310456857153481,3.8162278631561373,228.1923462325461,6.465685285730221,5.724341794734206,52.83745478332434,53.838205343383265,43.10456857153481,10.713947640419605,18.66017206303007,50.17940638048535,1005.7190352959884,49.97264752578744,230.89162201476952,0.5227042495791728,9.31359678494246,10.401349363399834,8.195750800746548
2026-02-16 22:00:00,22,0,10.798677900961284,14.809194530543085,223.8008030495355,16.198016851441928,22.21379179581463,47.34044150641062,46.81706741848127,107.98677900961283,9.041634594016625,15.81219128353288,67.63809632395935,1015.452881795115,50.09437123154167,230.95816745685778,0.5461310199887887,10.361608114806874,10.915527586057316,5.946910714957586
2026-02-16 23:00:00,23,0,0.0,-0.17279396852708517,213.64833921309278,0.0,-0.25919095279062776,49.791133528325055,47.75877186532886,0.0,8.302737602337157,16.384014681172488,52.15701981169303,1004.9516793440939,49.942738375158015,227.11677054557356,0.5580681238183419,9.835937634880784,6.954568559603102,9.727153742265122
2026-02-17 00:00:00,0,1,0.0,-0.8119671099304856,197.52558625966742,0.0,-1.2179506648957283,53.2464293152489,52.64419338120018,0.0,8.388960315936398,10.828422027544605,50.34451002419285,1016.22253974526,49.999973477502365,230.3313979775107,0.5507197559751114,10.192080098692678,9.012478507186398,7.839416872628085
2026-02-17 01:00:00,1,1,0.5555670109713734,2.2171518826080807,198.41884838455698,0.83335051645706,3.3257278239121213,58.270611788416474,56.87003470164948,5.555670109713734,15.045684527871403,11.630409070827247,53.37178950565835,1012.7858034132784,49.98348201847325,227.6612497776466,0.537853004512135,9.874017385510887,11.546401510686708,-2.094954498892843
2026-02-17 02:00:00,2,1,0.7215674643072327,2.766420200267622,170.67398040332978,1.082351196460849,4.149630300401434,43.29248342240946,44.48462876132349,7.215674643072328,10.204247368283138,11.131746980428815,68.26572740243293,1013.6394187671369,49.99834592613229,231.17692536932555,0.5361080683037495,10.101382919073345,7.934476187869684,-4.294171120647138
2026-02-17 03:00:00,3,1,0.0,-2.0937227228722284,153.19010225884676,0.0,-3.1405840843083426,51.42565355509526,51.905020841465436,0.0,7.742322929580158,7.345400985398952,42.67328378986397,1014.7348293955191,50.01572212794481,228.2471842162771,0.5496248295911178,10.092207696879491,10.876554084567555,-0.4775102750837576
2026-02-17 04:00:00,4,1,3.11706021644446,-0.9205163640198499,167.66345177803737,4.67559032466669,-1.380774546029775,48.450299422871005,48.58633578990837,31.170602164444603,8.806134849915427,9.90716011681937,40.05034600377711,1017.9460851863478,50.06235382366833,229.80671904637015,0.5223768683850483,10.369113442028988,8.613583312032379,4.935348090341237
2026-02-17 05:00:00,5,1,0.0,-0.1191531520134043,133.74333677950486,0.0,-0.17872972802010645,37.56033970510168,41.59762625150869,0.0,13.814408800306538,13.033819334260526,50.642716827960456,1010.5694748254833,50.01041732169245,227.8459725330502,0.5281028986640918,8.997766847774047,8.923937963160387,-5.555071832675017
2026-02-17 06:00:00,6,1,0.0,-3.1105519549627214,158.98257479071535,0.0,-4.665827932444082,50.373770658351305,48.47002704550819,0.0,7.890799316861486,13.56873488993958,58.382855461093854,1017.2336961664297,49.97871778677011,231.73874212451463,0.5205776739213013,10.826277998655296,10.093874480342059,-1.2920954300940555
2026-02-17 07:00:00,7,1,1.5689782790182263,1.5321491337677156,129.1897732734539,2.353467418527339,2.2982237006515733,39.20437853318974,38.11492831065522,15.689782790182264,9.945462447978235,16.887028218208048,48.074957368424855,1013.1351339662258,50.02397888006946,228.73830561792468,0.5135960356268541,10.886277572913983,11.692763743232048,4.053666842048523
2026-02-17 08:00:00,8,1,8.048114943548196,8.107372625677344,175.6308209529949,12.072172415322294,12.161058938516017,60.66433633361814,57.17743205782295,80.48114943548197,8.482034075856337,19.97622122518438,22.64918688110923,1016.6750544893231,49.971121859191676,228.4188626682239,0.5175393400410996,9.605739994575647,7.9906771715881675,-5.189804354191894
2026-02-17 09:00:00,9,1,8.826172310397151,13.429145299252575,158.9283369101488,13.239258465595727,20.143717948878862,48.4716668341695,48.5050514184789,88.26172310397152,13.52301304243295,25.958665811512063,59.352995603086285,1014.3148221551214,49.998820172866765,228.84239735499645,0.5091653814133649,10.814346099287647,9.491994993288758,-6.598185736380317
2026-02-17 10:00:00,10,1,0.0,1.8840993890420852,187.9276605848653,0.0,2.826149083563128,36.69363815566798,39.53288473720042,0.0,14.152281330756562,24.47831915785996,32.62524199779623,1022.398968996616,50.18158752171315,233.1464817040112,0.4946521174157854,9.265199876707067,10.500762638071768,3.180314428673423
2026-02-17 11:00:00,11,1,0.4787104296395739,-2.87203574282887,176.45241171562697,0.7180656444593608,-4.308053614243304,25.30708556912556,23.634162669081867,4.787104296395739,11.7384002567626,30.51197318552278,40.85963714419806,1016.246924162534,50.01822364637774,227.39918670252814,0.49116495019861633,9.27954573784602,10.475267135803929,-5.977759280537315
2026-02-17 12:00:00,12,1,0.0,5.238351866226309,200.83262836877455,0.0,7.857527799339463,37.41119730728874,36.5874941953781,0.0,9.2914114481535,29.288775324029572,59.23630051697933,1010.5006621732028,49.97438283715206,229.72203695750974,0.4919584238146505,10.285643166825368,10.07082574841674,-5.659383869239588
2026-02-17 13:00:00,13,1,8.49081686719692,9.825196658802206,204.6778528786109,12.736225300795379,14.737794988203309,57.26176752974183,55.84814140822499,84.9081686719692,9.202294928331199,30.69622899175008,63.31175043828139,1013.4649628698892,50.07521270880765,228.67471011157068,0.4939687557839711,9.485813522928163,10.548560180741724,-5.101229450415334
2026-02-17 14:00:00,14,1,11.628437262212511,11.290840957559595,215.2916593819338,17.442655893318765,16.936261436339393,49.411930497527706,47.97049725762634,116.28437262212512,11.549863875579755,30.93680269135988,53.14420600546,1010.672514337899,49.91426188808553,229.8932666451785,0.4896146402528445,10.077472544484046,9.549565757481954,-10.246289040412623
2026-02-17 15:00:00,15,1,0.0,0.13857953864929456,232.8200055573655,0.0,0.20786930797394185,60.12245225819157,57.30347484195925,0.0,7.081041898131241,26.88590136032995,63.32382590841901,1014.889331525635,50.06798064322679,227.61284955053608,0.4968055597498779,10.511623713090467,10.814936548909115,10.24572561565659
2026-02-17 16:00:00,16,1,0.0,3.8451740896778936,235.36814188231213,0.0,5.7677611345168405,50.8058245830727,53.98775959332815,0.0,9.222028047936085,28.35601631973778,26.927746813376,1012.1106122650807,50.09689646014158,229.60902578856474,0.49988374687548515,11.12742314559442,9.447413848329992,-1.6616449304560077
2026-02-17 17:00:00,17,1,0.0,-1.0157003157601232,242.95299821502417,0.0,-1.5235504736401848,54.80560141769592,53.6934613320398,0.0,9.39368735883152,30.041556358443234,42.54777227788232,1019.0277260291311,49.996418024790664,231.56499203055785,0.5230334408922166,9.33807293716248,9.341571151433136,4.312020854873062
2026-02-17 18:00:00,18,1,0.8450888441020359,0.16110259373592983,250.52783551214,1.2676332661530538,0.24165389060389475,55.410573899269295,54.3837171577088,8.450888441020359,9.606092546974281,27.39050241903065,44.33054782661811,1012.8584979121495,50.015337507503205,228.03314851189234,0.5214046151334857,9.401775913546413,10.79449873385025,4.730932954003049
2026-02-17 19:00:00,19,1,0.0,-3.24368722326471,250.82652341652897,0.0,-4.865530834897065,56.58646244563879,57.192429297424155,0.0,8.190419492461725,24.166241887016273,54.628146214869645,1017.0849835173593,49.98905057999183,230.4030293279504,0.506441603781989,8.283499716704469,9.861503793291492,3.4300372685333946
2026-02-17 20:00:00,20,1,5.507322958486034,5.425155938609693,253.64885532049746,8.26098443772905,8.13773390791454,47.58422657918832,46.59847237697434,55.07322958486034,8.15190931779342,22.496528481942086,45.33422930837294,1009.0525081312654,49.97438094544149,227.08396648435937,0.5206191198552226,10.486609183612579,8.836083921193257,-2.5238329042105563
2026-02-17 21:00:00,21,1,3.0800122892836015,1.430825302757427,214.01613801040799,4.620018433925402,2.1462379541361405,69.4438528813084,69.92467766759204,30.800122892836015,12.09598098958584,15.875381109122905,46.046338164098835,1012.0930207456443,49.9153588213258,232.04799389427924,0.5368070476640014,10.14774810735938,10.778439763460147,-2.2220154073905016
2026-02-17 22:00:00,22,1,0.0,1.1862818442600531,228.19094041517295,0.0,1.7794227663900797,57.017323504450026,56.273177431975675,0.0,11.716509244220887,12.814587247977032,55.74034563999703,1016.7809039207626,50.04069871653997,233.0911863858731,0.5505416327107243,9.421527327836433,10.607793304603277,-0.8461817619505935
2026-02-17 23:00:00,23,1,4.752184355778293,2.7534271123710328,212.25846480039115,7.128276533667439,4.13014066855655,62.924236952114924,59.95937232019729,47.52184355778293,7.564592818998282,16.62790518572492,63.34592662216966,1007.4767216090174,50.02024370394684,230.39773544878517,0.5582886297783687,8.368803879552775,9.35534388695458,2.4825019982395005
2026-02-18 00:00:00,0,2,0.0,0.16834955180667482,217.3262974331419,0.0,0.2525243277100122,31.443041229310676,33.66715373085562,0.0,10.257612369707507,12.019579176286587,39.62190570793648,1013.8966059497268,50.076470799818765,231.41957273368362,0.5681403704377663,9.915637706302185,11.089576823082382,-4.212608759978409
2026-02-18 01:00:00,1,2,0.0,-1.560331366147721,186.67005464430113,0.0,-2.3404970492215815,34.29297311965107,35.94510486661561,0.0,12.21062910765031,10.840172462029658,70.01965640366362,1010.6951543934529,50.00438428819402,230.1771032223844,0.5684390677577762,10.0026316954819,11.688197512948847,-4.719679040729688
2026-02-18 02:00:00,2,2,0.39506330838941783,-0.9548394698634303,186.35860062238797,0.5925949625841267,-1.4322592047951455,51.792643282507214,53.33931490526212,3.9506330838941786,12.639225951746022,10.089885783354424,64.3824717765118,1021.5140420351455,49.99173013186787,232.37128609114444,0.5589353210042065,10.232211651299082,10.42410195920412,4.550011200206233
2026-02-18 03:00:00,3,2,0.0,-1.2783542410846467,167.25559080870937,0.0,-1.91753136162697,48.67958456135847,48.01007494161413,0.0,8.418621738793586,9.06711514800786,42.93106976062603,1017.742831384372,49.98367076006504,227.64833552915363,0.5526084374603291,9.426189752662896,9.771080096213744,-1.031639052929118
2026-02-18 04:00:00,4,2,6.532197623376394,4.673163695671994,149.19524271531745,9.798296435064591,7.009745543507991,50.79717469340323,48.73330571246996,65.32197623376393,10.66768726071625,10.302193602459646,54.92822166119234,1009.2632163866007,49.99436896739658,231.7013867582337,0.5436754463210767,9.782484161179367,9.598706394068158,-4.090481127479049
2026-02-18 05:00:00,5,2,0.0,0.9781896324165528,155.89007409741,0.0,1.467284448624829,56.240151618310925,59.14065662944403,0.0,11.53315669153807,13.41260057560754,59.41994351841482,1007.8206434761704,50.00340923175838,227.45816824733643,0.5478807649824836,8.437371421954639,8.870186022146783,2.121372648965167
2026-02-18 06:00:00,6,2,0.0,0.38359235477962533,145.65827726701275,0.0,0.575388532169438,45.77972206371231,47.077830602025955,0.0,8.220728788833858,14.137255519784476,46.10672226870789,1010.3212372183941,49.96108192322226,229.8684670313004,0.5567394668879584,8.913266375604966,11.265975047128343,-0.9146637302281411
2026-02-18 07:00:00,7,2,6.618649449639614,8.7135969751217,139.13442994515927,9.927974174459422,13.07039546268255,43.17077228436326,41.92356544395499,66.18649449639614,9.907751095148933,17.10842342186153,37.94345359268128,1011.8833428763312,50.04807169900494,231.09500224064448,0.5454956132398545,9.450674542785741,9.501091236313997,0.32078733514919416
2026-02-18 08:00:00,8,2,4.6326614363286716,2.699011773713478,174.71467270748664,6.948992154493007,4.048517660570217,60.18113351066751,58.60319376848501,46.326614363286716,5.978287291837959,19.31593091197909,57.132675684016355,1019.5298182568206,49.9364794622792,232.95051963489928,0.5472716785650684,9.739993296043188,10.182523390491058,-1.9465753435313717
2026-02-18 09:00:00,9,2,11.80273490635641,11.322614260393815,160.90681707608007,17.704102359534616,16.983921390590723,46.978443351919914,47.882132784410665,118.02734906356409,9.209921989759417,22.979754423124962,24.46186901783996,1007.5407907768913,49.99452684911432,231.48423693909186,0.5534350892726623,8.710957044940434,9.360833444558917,-3.6461217653367384
2026-02-18 10:00:00,10,2,4.919140082374729,6.671187845686828,165.82928279320865,7.378710123562094,10.006781768530242,36.18265139519434,35.06967005734917,49.19140082374729,10.405719942296694,22.17795435826728,34.68989428139431,1022.8186455285459,49.96001252516744,234.4011756722344,0.5496587307453726,10.386796182184595,7.839595448152128,4.409043198006744
2026-02-18 11:00:00,11,2,0.0,-0.49418384870697946,193.10436114372706,0.0,-0.7412757730604692,42.52894870169648,40.417898065972196,0.0,13.293437671789468,28.982679563525146,53.33081804853845,1008.7387192995684,49.97987772134446,233.34399817235507,0.5472435269393972,9.81283880317877,9.485438303213396,-3.746540867321548
2026-02-18 12:00:00,12,2,0.0,0.25767760730391215,202.339397491134,0.0,0.3865164109558682,46.647067232788544,45.56047195637124,0.0,10.2051148088744,30.894240664473415,50.6992516561978,1020.3988856039225,49.95820505971364,228.3973601625403,0.5528664245630053,11.633504995628032,9.747817378320267,-1.9887403445419114
2026-02-18 13:00:00,13,2,0.0,-1.2549854641963591,181.90440418715002,0.0,-1.8824781962945387,59.83455945836641,64.74591703736932,0.0,10.076493338625465,30.672313979731584,45.56826967761556,1015.0409029723448,50.054316255037314,233.31161929198257,0.5492909827577684,9.982119651036927,10.485381243012291,-0.4323651597631257
2026-02-18 14:00:00,14,2,6.3900602446700425,8.838735477526836,222.36443132808603,9.585090367005064,13.258103216290253,52.35658411951562,53.65033048451793,63.900602446700425,8.25644750218876,29.62629132502782,68.31967349647209,1008.8265951376821,50.06456173674792,227.83317885211915,0.5371379056380104,12.06076155080528,8.258506886661719,-4.00592245052291
2026-02-18 15:00:00,15,2,4.052544170383547,3.801740777555205,258.05796194475727,6.078816255575321,5.702611166332807,55.50080545826234,54.83830180064264,40.525441703835476,5.197083853512226,30.950326719317733,49.95107892120173,1016.9390527865497,49.9729870246279,233.08344363531518,0.5511333552111524,10.503639921569366,9.038719932837978,-3.129314161119707
2026-02-18 16:00:00,16,2,6.772776985095849,8.817135441521062,244.31020812169712,10.159165477643773,13.225703162281594,77.75573181651261,76.34713446733888,67.72776985095848,13.055318842999915,30.988384034462463,75.53304170986539,1008.2708306552264,50.04578378630185,230.75248048118053,0.5494766184594058,10.793368164918384,9.15286147038567,-2.6674236999676775
2026-02-18 17:00:00,17,2,1.153601513073899,-1.413820528181816,269.8754509812476,1.7304022696108485,-2.120730792272724,58.637746110300704,55.88621037258455,11.53601513073899,11.230609394554204,28.240634818388827,41.11492200402502,1018.4196340891056,50.074384705785505,232.1019539705237,0.5506884166466885,9.735686868444725,12.659603668618487,4.0048685630654495
2026-02-18 18:00:00,18,2,0.0,-2.2600998925098654,244.52858318043562,0.0,-3.390149838764798,42.78994399689863,42.47445686773357,0.0,7.201293543384114,24.142986082708283,42.88232038825589,1014.9709616817901,49.96789189310174,235.26251558480715,0.5427978138239716,9.283621740575967,9.045780881091689,-1.735967328601585
2026-02-18 19:00:00,19,2,0.0,0.602669803294169,260.72749435266076,0.0,0.9040047049412534,32.11947638552398,34.260040844157444,0.0,11.865134095293321,22.808755164619573,48.46437060922536,1009.7919920782215,50.02470004472053,230.4157536721446,0.5435314164736073,10.030143533909639,9.59869333506143,-0.4878639674971253
2026-02-18 20:00:00,20,2,7.137254922343631,5.212570691432295,247.03901305542527,10.705882383515448,7.818856037148443,39.183029744138935,41.33790399154462,71.37254922343631,14.779107037673317,20.79662668512898,56.63248914161218,1009.1817707828261,49.95593735734157,234.77751834428187,0.5253857663611774,8.888182371049936,9.500696914489414,-1.0403032451130259
2026-02-18 21:00:00,21,2,2.8371915361820306,2.4252941299029573,224.61129596483053,4.255787304273046,3.6379411948544362,52.268094101387284,53.89427385470884,28.371915361820307,9.279799750605985,20.697057469018304,43.51466697451923,1023.0508118054726,50.00495921207471,230.49856898063697,0.5296792850842132,8.66242637785805,10.557190247830782,-3.1658862370254814
2026-02-18 22:00:00,22,2,0.0,0.9403760721995797,226.9559551175414,0.0,1.4105641082993696,50.27064804037023,46.919472194823086,0.0,9.645729404022289,16.142349664119312,35.475286060265425,1007.4486613940919,50.00321572822195,232.04201842819634,0.5154912702854277,8.92242002243999,9.223003607710323,4.140717702550769
2026-02-18 23:00:00,23,2,0.0,-4.0352531905996925,220.64379205865458,0.0,-6.052879785899538,66.73325269903908,68.89531603024666,0.0,9.280389397146333,15.180077654331107,62.81041349843684,1007.6833988555182,49.96198904429143,232.44283753020017,0.506920418699689,9.238469470150248,8.40442774509847,4.291565656254801
2026-02-19 00:00:00,0,3,0.20566143619659058,-2.4714138542573463,184.50054312842107,0.30849215429488586,-3.7071207813860196,64.38694413881055,62.58845971259276,2.056614361965906,10.513520813007824,10.365219900431468,40.137060184961236,1009.872509215112,50.059106128475044,231.1536644539552,0.516069915758218,11.43561411676416,11.731080612907304,-2.194072189005004
2026-02-19 01:00:00,1,3,0.0,-1.0968802424962785,181.28249460840388,0.0,-1.6453203637444176,46.24109995278113,46.145194544580356,0.0,11.607296816629747,14.121680096107426,42.923326285981915,1013.0236829998552,50.03642295054639,232.88840180870062,0.5203874663302617,9.036194977475931,9.058621645582473,-6.667796659173626
2026-02-19 02:00:00,2,3,0.0,1.2200498374076785,175.62787975440517,0.0,1.8300747561115176,40.31085783235378,39.76434797613827,0.0,9.848249644661955,11.60569728357201,48.57944669556634,1013.2383995227184,50.01523127472745,231.50081430876966,0.5274775799836061,8.951474274094904,8.783166867004896,14.294046828139084
2026-02-19 03:00:00,3,3,0.0,0.062207675464164884,187.82230029864172,0.0,0.09331151319624732,42.83233854175436,44.153896143971195,0.0,11.052638393288987,8.954501058367237,41.07559514834867,1017.015024174667,50.02202217368361,228.35020962205337,0.5266318077443095,8.449639288468191,10.355612601676853,6.058748811341898
2026-02-19 04:00:00,4,3,0.0,0.018884786602165735,153.07564056671305,0.0,0.028327179903248602,54.39827171254331,59.70817246289267,0.0,10.333872502216401,13.14424606321745,52.103895995106036,1028.3302905199566,50.03889760572195,232.95026580378732,0.5433456278310536,10.293668370948291,10.125701042413437,0.6350180558188085
2026-02-19 05:00:00,5,3,2.548438721914458,1.0498551139413428,147.42090390401677,3.822658082871687,1.5747826709120143,51.13254006463269,54.32588064984568,25.48438721914458,7.492649570152691,14.128718043538196,41.519033163875605,1015.1138741403613,49.93657308631102,229.70408325413487,0.5647015359542246,8.686419112498978,10.760904938029656,-7.523681787628702
2026-02-19 06:00:00,6,3,2.6207491086223245,2.3844182667437748,141.42071868297475,3.9311236629334867,3.576627400115662,45.429880354920904,44.956584809068005,26.207491086223243,12.277266483850925,15.218734443194638,41.405002478935984,1010.0721351787188,50.06119066892131,225.94271968107694,0.5393548267686459,11.44352258545233,10.785639399002276,-4.398243071506723
2026-02-19 07:00:00,7,3,10.600189649686437,12.250497733026267,152.28369735496364,15.900284474529656,18.3757465995394,61.22989515780699,60.069070506806,106.00189649686436,9.89288935537534,20.778543974852305,55.70716704571745,1018.5785951795879,49.95457262148095,228.01366021828287,0.5483220706273486,9.755657469568687,9.223464365694772,-3.542472680382753
2026-02-19 08:00:00,8,3,2.237184888474574,5.542786690064727,150.87772386852757,3.355777332711861,8.31418003509709,46.57125949922205,44.82242020375049,22.371848884745738,11.99720557153115,23.07248866475736,47.14012004426228,1014.0494633436215,49.90333181124151,226.36904253299733,0.5514031085478177,9.591014981935018,10.43533818365671,-9.614559580437732
2026-02-19 09:00:00,9,3,0.0,1.0082292614582857,164.42368501567302,0.0,1.5123438921874286,32.45492719596738,30.630424801143604,0.0,11.217802704237931,22.719084926693732,45.1275064844973,1012.1808046422041,49.935361271200286,225.5169843150695,0.56354484675591,10.009746940972072,9.820449517070397,-8.289627083847229
2026-02-19 10:00:00,10,3,4.218553569022417,5.682459445221472,168.42008372975204,6.327830353533625,8.523689167832208,62.53052038637279,62.65751198665805,42.18553569022417,8.930059869778994,25.23157943370621,58.99579965406471,1011.4339581409748,50.015696512946775,232.38547108968416,0.5369570942500065,12.42228907027503,9.823750303280965,1.228026405237899
2026-02-19 11:00:00,11,3,7.801212663642349,11.380542296122467,187.15546455943672,11.701818995463523,17.0708134441837,58.604034844480545,58.40076998638718,78.01212663642349,13.63225496321292,29.57059132947095,61.352349118701255,1015.9456586754623,50.063514484561885,233.0595516046526,0.5235261909440109,9.653638807896296,8.196876354935174,2.622905137506458
2026-02-19 12:00:00,12,3,5.562962470097803,5.953099909785507,201.71640284968328,8.344443705146706,8.929649864678261,24.112486968190684,23.49625257058078,55.62962470097803,13.179918275641953,28.332932837084616,45.53700723141031,1014.975481068179,49.96963639698454,232.6191024660742,0.5081147809621628,9.181261872041562,9.410839831744141,-2.126945326028873
2026-02-19 13:00:00,13,3,0.0,1.0381602580019769,204.8509694058349,0.0,1.5572403870029654,43.426547420380174,46.230883962259696,0.0,5.491992152123589,27.39047964853007,54.4180891360848,1013.3650050772196,50.01237148427961,229.60165827750728,0.5017796588650267,10.175001609742004,10.181979683687349,6.610593249491606
2026-02-19 14:00:00,14,3,0.0,-0.9250896786189833,217.10832896254206,0.0,-1.387634517928475,52.77306207727263,55.8505568296754,0.0,8.729619819084135,31.861202969565667,48.59849093260852,1014.8170881471775,49.930126070443414,228.65332338640795,0.5098203073349157,10.241010805131019,10.031467475948977,-5.914480798842111
2026-02-19 15:00:00,15,3,0.0,5.590783716982118,229.93798187135684,0.0,8.386175575473178,63.59753043876805,62.71412682195935,0.0,11.116422179396361,28.000839741618716,66.70879548129169,1012.9212980440986,50.10858059439154,228.70999000089233,0.5064102073031401,9.9438422455515,10.086842293255012,3.0045446537182863
2026-02-19 16:00:00,16,3,5.99152876750957,4.128671923417443,244.4399979682976,8.987293151264355,6.193007885126164,30.18395092001331,28.79080099491501,59.915287675095705,11.539594028430328,26.620597085551672,51.441189468844904,1008.5540391101814,50.0499310170574,230.03383971493986,0.4854852218329318,9.960540577802233,9.737327906922543,3.360618591595921
2026-02-19 17:00:00,17,3,0.0,-0.5954171430398442,262.43602870731,0.0,-0.8931257145597662,38.43277926299575,38.468311009489234,0.0,8.908635930077622,29.32421073672219,56.31494896880797,1005.8204940877334,50.020140825210255,228.45044063910444,0.5031568284728932,11.074289805074342,10.493380066618187,-3.2983638199815672
2026-02-19 18:00:00,18,3,2.1175552538580757,4.372882953690442,259.439321200213,3.176332880787114,6.559324430535662,50.30684958269419,51.095196850043294,21.175552538580757,9.199712252166812,23.880065753041546,66.49316542446223,1010.2035457252089,49.92472495924352,230.9991185579582,0.49217444413227274,9.720458003392217,10.522623445069723,-2.3776424838528754
2026-02-19 19:00:00,19,3,0.0,-2.4682766431057126,267.8155860334467,0.0,-3.702414964658569,40.313165607658235,40.053341449772404,0.0,6.7821687743987376,22.174448731807853,57.57688540536521,1014.9004596058504,50.05730873205809,231.4178053775414,0.4899006778982141,10.279610885618709,10.64785881895459,-3.33288437263874
2026-02-19 20:00:00,20,3,0.0,-2.0861028998871833,250.59948383837846,0.0,-3.129154349830775,55.90741790861124,55.54514335657382,0.0,8.382322840286456,18.57081990770726,60.26450560600213,1017.3662594528209,49.98176523812764,232.4892830376029,0.4956551822658865,9.581882931231753,10.262065526264053,0.15914621938157406
2026-02-19 21:00:00,21,3,0.0,-1.9185565608409147,237.03564336024968,0.0,-2.877834841261372,50.784256760035284,54.19674771194747,0.0,9.413871640243112,18.15293016189739,42.82986842406868,1008.0687667832665,50.08315884557138,230.41482126863707,0.48677065536042624,9.530445339671054,11.028625245024438,-1.3568286810237247
2026-02-19 22:00:00,22,3,0.0,-0.07787438142228151,237.29995670761517,0.0,-0.11681157213342226,57.50900245312434,55.336359923038614,0.0,10.109927777484684,12.985222895527281,51.38346139049422,1003.0627250174288,49.95958795986406,229.66234876821318,0.4994030483217754,10.597928804839832,9.664329834676158,-9.28232670109854
2026-02-19 23:00:00,23,3,0.0,-4.295872916259416,209.33983158945944,0.0,-6.443809374389124,30.4365780758797,29.325167166150603,0.0,7.105916050499025,12.365616366846494,52.5011983418179,1013.7057938842211,50.021183316493186,231.3461913071828,0.48012327493124374,8.659990298813833,10.662761597068954,-4.351441073382024
2026-02-20 00:00:00,0,4,0.0,-2.274665949913763,198.78840579967152,0.0,-3.4119989248706446,41.671695274443906,41.11950159273167,0.0,10.189719464941572,13.013380913841488,31.626580250037872,1016.7743448707944,49.98436204227752,231.2255941989666,0.46356249957713763,9.507307002395569,7.989779113745562,0.02389757026465558
2026-02-20 01:00:00,1,4,0.0,-1.1786332204001255,180.8761148126699,0.0,-1.7679498306001884,45.53143188233868,45.26352124966985,0.0,13.54524044424191,9.845175378200967,75.79032161612403,995.075323861999,50.0277083246576,228.1753327426934,0.47181305974319027,7.581637764755573,9.613083394633346,4.914859075545727
2026-02-20 02:00:00,2,4,0.0,1.7115780737805608,206.20823572872578,0.0,2.5673671106708413,45.08780851416775,44.47436446286106,0.0,8.233993675970437,13.689539200658482,45.035205457247905,1007.8470929461506,49.9982752247167,232.98579437793884,0.48355556683987716,10.646846086433488,10.161558033336776,-0.7028918466735536
2026-02-20 03:00:00,3,4,0.0,-1.3679785847732817,175.81037945067672,0.0,-2.051967877159923,56.152336420468345,57.6549305020036,0.0,9.629748421620842,11.511313853681557,29.02223034839388,1016.7703204782594,50.01363658722598,229.45499484476647,0.4821299166966477,8.739869442177543,10.559493067779929,10.229577917974614
2026-02-20 04:00:00,4,4,5.2287128968241445,3.4834036812796447,147.7762021256387,7.843069345236216,5.225105521919467,39.495158434444804,36.84486539429345,52.28712896824145,5.873709984086475,14.28052328881864,48.35196464849079,1009.2921241571617,50.05791666377424,228.80262041191529,0.48945827013984533,9.294834740499333,9.562798349161104,-7.324431887221832
2026-02-20 05:00:00,5,4,0.2860909718748002,-1.088873078218209,159.61197170227737,0.42913645781220033,-1.6333096173273134,59.844963217340066,58.324720574485944,2.860909718748002,10.777048834796815,13.342547067105249,62.614384271036485,1013.3861168992212,50.003307758818494,232.22630633352324,0.5101261295195533,10.20906685601456,7.454281891851085,2.2134899184154215
2026-02-20 06:00:00,6,4,0.0,0.0014520155957663762,132.27540233931157,0.0,0.002178023393649564,44.53025429837711,48.49110726019569,0.0,11.373115540978619,14.18334987698735,45.34944434560404,1015.2767032315478,49.997592660206,230.92067232383116,0.5067432621096845,10.181390391743872,10.933909390998487,-4.999270953909442
2026-02-20 07:00:00,7,4,4.642107632122982,-0.7212998725250817,166.86048771413107,6.963161448184472,-1.0819498087876225,55.01881375684041,53.03031222378741,46.42107632122982,10.515260629665349,20.40928496679432,47.758361962664424,1020.9836115260005,50.11390095842571,228.60692532034665,0.49551204053617615,9.84335017071998,10.436538207437914,-6.004014003312305
2026-02-20 08:00:00,8,4,2.9184420286995736,3.021669717940104,159.61659834749403,4.377663043049361,4.532504576910156,43.59805551346914,43.55418116835139,29.184420286995735,10.438503498113343,17.09431895823478,51.68650176836052,1006.2136703444806,50.02616810646777,229.00448816275343,0.5016383099645889,10.895989110810426,10.254523968140667,-4.054761388680795
2026-02-20 09:00:00,9,4,11.891920015861828,12.938773769283282,170.6505536404781,17.837880023792742,19.408160653924924,73.86251383063282,76.08370845536982,118.91920015861828,14.123675290721735,21.998437797966382,40.8411627660696,1018.9651199966985,49.9225602676146,228.1975945033226,0.5171170902970055,11.8514121692306,12.964019243039637,5.112976882526187
2026-02-20 10:00:00,10,4,0.0,1.1806936668766888,176.92964225273352,0.0,1.7710405003150331,58.01191047983224,60.76546217702657,0.0,11.01086061610782,24.389261324598095,67.39460441788037,1016.1950331889973,49.940840525364585,227.43493423221264,0.5216455810251216,7.834432571299551,9.138125455948234,-1.2366545569019725
2026-02-20 11:00:00,11,4,0.0,0.12468340572817127,182.36590097761083,0.0,0.1870251085922569,61.35250606512196,63.098471068419244,0.0,9.958047668443806,26.526990761053703,55.737817464108446,1011.2175481605788,49.92845036887442,233.07233572900185,0.5177942416443658,10.260800358164595,9.494040542232675,2.6890339464217146
2026-02-20 12:00:00,12,4,4.497562164181579,4.861078632409279,206.75761261835873,6.746343246272368,7.2916179486139185,62.27725912602243,63.28071458115924,44.97562164181579,9.728545508740577,30.03131375067005,63.422942418697765,1000.4565702362355,50.06397351173703,228.2996608896141,0.5055663237481908,8.21494266304459,11.86648488911909,-0.39212818173821945
2026-02-20 13:00:00,13,4,0.4754699531367461,-3.293594125415124,222.1821786988665,0.7132049297051192,-4.940391188122686,59.63317110150059,62.334372535833836,4.754699531367461,8.71869460468425,29.93854521302938,41.58758689495451,1007.848342936344,49.895049023627735,229.3838622321414,0.513576084535115,10.245693726575375,8.966213237434726,1.2950740977203736
2026-02-20 14:00:00,14,4,5.65349338891404,4.819223613705283,229.63507774611432,8.48024008337106,7.228835420557925,60.29494433993712,62.269839723861786,56.5349338891404,8.395172875196062,31.04351203315673,58.0579097461207,1023.7676178616869,49.93864878356396,228.36069177205835,0.5235360584998223,10.914811196122884,8.043708699984228,2.804280519883378
2026-02-20 15:00:00,15,4,0.0,1.0460234362073375,224.05039768963601,0.0,1.5690351543110062,48.35296228494802,48.43943052903276,0.0,11.434222370211383,29.012568139912368,52.62392557177648,1005.9448492911831,50.00962855673744,229.81377631514317,0.5389728264520959,11.137647356233053,9.316282653288967,0.40683035659356054
2026-02-20 16:00:00,16,4,0.3853814777186022,2.2041241458011953,263.6606340071839,0.5780722165779033,3.306186218701793,48.781180106874835,49.06043350495805,3.853814777186022,12.612274997219249,29.861529821784885,39.79365999532605,1004.9600950099881,49.97970061616574,230.1175483903091,0.5470186901201979,10.202282336162416,10.152753559356515,-2.6945612935862644
2026-02-20 17:00:00,17,4,6.6071318216162345,7.979195336028762,256.6222974125,9.910697732424351,11.968793004043143,48.60143486391556,50.05433141744394,66.07131821616234,9.821085884348935,26.699498823980733,37.10740166435076,1013.9859380895691,50.056134601439766,227.82049984149722,0.5616595957419832,10.921697909262289,9.53068037259345,8.358422235897578
2026-02-20 18:00:00,18,4,0.0,1.7684579556561986,245.9212788261231,0.0,2.652686933484298,46.728049611177454,48.00960555567765,0.0,7.1863210841513645,25.558137106681734,62.93985968072925,1006.0045409908035,49.99643537229471,232.77209900023826,0.5550305458318788,9.917466553436034,9.884700902032876,0.45188345464093926
2026-02-20 19:00:00,19,4,0.0,-0.43156473412171126,252.5312378415847,0.0,-0.6473471011825669,40.211499703942216,40.003070473779204,0.0,9.434071386181575,20.144385727568917,46.34723782093116,1008.547070721756,50.00138532920247,228.5935310696623,0.5493795770075935,11.425976508098657,11.352685950875872,-3.7342191400313913
2026-02-20 20:00:00,20,4,0.0,3.3513340503118125,244.7969414857062,0.0,5.027001075467719,57.44087820755959,58.022426191636214,0.0,8.797831938384284,22.722885534792162,52.148080278033795,1004.9855958923774,50.104263777860254,233.21142783016467,0.5585151396918299,9.082461177027202,10.16962897965185,-1.5600273212901252
2026-02-20 21:00:00,21,4,0.0,0.824785305890699,239.54725294725372,0.0,1.2371779588360485,47.31965643677699,47.558207092685876,0.0,10.120340975259117,18.15439697757461,56.515697702335075,1014.9588109824223,49.96385590360768,230.38588016809308,0.5721559682772976,10.847371613536273,11.255726992171637,-0.30641329648860244
2026-02-20 22:00:00,22,4,0.0,-0.48817615931247493,219.08273419869153,0.0,-0.7322642389687124,37.325536957183786,37.71874251275629,0.0,6.8488319563708755,16.945356043483535,58.225559499711636,1022.087097090807,49.990556358950414,229.07379685405132,0.5621373141356267,9.945925323317631,10.130773995156282,2.280628530639877
2026-02-20 23:00:00,23,4,0.0,-1.7499484111222625,200.02629104527819,0.0,-2.624922616683394,43.76310553756201,44.55046120567786,0.0,9.770846086539219,11.843433816723188,49.2999961472917,1012.272905705886,49.90772712434322,231.54508109619317,0.5497326318928129,9.028033713559108,11.653400214318742,2.3894999193598983
2026-02-21 00:00:00,0,5,0.0,-1.3761342422737077,196.93002007778742,0.0,-2.064201363410562,36.81402796488444,36.205882381457386,0.0,5.888988117009013,12.06580043430035,43.62521386799875,1017.506851856455,50.016275484496816,226.8008149736478,0.5620700697367111,9.897089525341965,8.016773974254505,-0.7586013341418564
2026-02-21 01:00:00,1,5,0.0,1.485361056117007,199.08368042703827,0.0,2.2280415841755103,55.11059991380965,54.309457449985,0.0,9.363685789551216,11.144161351763035,44.25199354045557,1006.7424062946511,50.03418876700661,230.15790133163455,0.5641722563454697,9.749189371281563,9.8574964242811,2.1789772287994893
2026-02-21 02:00:00,2,5,7.20485426078981,8.39225055184332,180.1728688214615,10.807281391184716,12.588375827764981,50.5032992032119,53.240550135941454,72.0485426078981,9.177899622245238,6.0495033972008745,53.798689002027984,1012.111891331316,49.925816360986296,229.42622941202077,0.5816309815062559,10.249118533323212,10.457462320973292,-10.001952016356892
2026-02-21 03:00:00,3,5,0.4495117866566085,-0.019368504066712144,168.2715032942925,0.6742676799849128,-0.029052756100068217,28.8813431431929,28.614542697941275,4.495117866566085,9.696127591963288,9.791428197621748,46.9330561144376,1010.8223777804321,49.977464272946875,232.34349798779823,0.5805703857873842,7.744428506633652,11.741315243706477,5.399588224126315
2026-02-21 04:00:00,4,5,6.095498256358448,6.974059929202571,149.32304401913515,9.143247384537673,10.461089893803857,44.47780144158743,45.26735707302012,60.95498256358448,10.379191822307224,17.57605535195666,69.60882455463592,1017.4834841388482,50.02250303721838,226.36525269282546,0.5818777408556973,11.214682308800661,9.51932261247792,-7.36630641757488
2026-02-21 05:00:00,5,5,0.0,-4.150270714874309,160.44052088555242,0.0,-6.225406072311463,52.67653360731256,51.80353548443571,0.0,10.041221293444876,12.912046983543572,55.8323942017193,1020.2218046125793,49.93972709917007,230.67442250345565,0.5573857423606206,10.21223879249142,9.970102118976717,-8.096828159245728
2026-02-21 06:00:00,6,5,0.0,-1.710411596323493,167.83129010773172,0.0,-2.5656173944852396,63.02539510811352,67.05927198883829,0.0,14.61660102641185,16.168128182587726,65.50737120583415,1008.0635590837342,49.98006753277324,230.3502288423761,0.5543493619445196,10.114241668635955,10.978782026278555,0.06972309400454056
2026-02-21 07:00:00,7,5,2.603013015017673,2.788599799702419,148.87942519803607,3.9045195225265097,4.182899699553628,47.08141297083694,48.660325616165316,26.03013015017673,7.065796209288669,16.895624468737672,74.03594569687525,1007.2540021264861,50.006430884825754,231.24891145419187,0.57137533181541,8.115693962126587,9.680642851333308,2.4579686395000477
2026-02-21 08:00:00,8,5,0.0,1.3896052690955907,150.09178350952712,0.0,2.084407903643386,55.30445061051512,54.129660903512736,0.0,8.521164129367385,18.223876991441507,71.8935669356293,1015.1757072863624,49.995745030999444,229.43358796982687,0.5830073618526236,10.209171671967244,10.925409231138628,2.7717407229314803
2026-02-21 09:00:00,9,5,0.20540157906875933,0.08875705716737163,176.630370187492,0.308102368603139,0.13313558575105744,42.50721629880535,39.93410689650191,2.0540157906875933,6.632115783453903,24.56502357849128,44.2624764969104,1019.3531050657333,49.997398262134034,228.05539353515002,0.5827411864242149,11.43858341241992,11.01103134812344,-3.486639914434713
2026-02-21 10:00:00,10,5,3.1283256047706884,0.7463296896662679,197.32721547725194,4.692488407156032,1.1194945344994018,41.6118824659452,39.747028392392394,31.283256047706885,6.386314093087364,22.43476476342479,45.273590718683984,1011.1913087924214,50.12349302355051,228.79681436924164,0.5800697502838434,9.886216038510389,8.680099611061703,-4.9321743112713134
2026-02-21 11:00:00,11,5,6.9440312633897125,6.4847176402590465,172.91635511589917,10.41604689508457,9.72707646038857,54.4989266694952,52.71056915216149,69.44031263389712,11.968481541871013,27.892131423268903,46.82176331520523,1010.4738186467723,49.906618801993076,227.61722645711507,0.5687881404587519,10.292692097763162,11.793887945726802,7.709448591120212
2026-02-21 12:00:00,12,5,1.6182802035500856,3.109114953285629,208.78210091889025,2.4274203053251284,4.663672429928443,59.2537168906991,58.633847550672805,16.182802035500856,10.790124648908101,30.738698091929198,52.73865552677535,1012.4196433435749,50.02413796579276,229.85837437575967,0.5720913094520734,8.603869316194944,10.456435789736016,-3.821122614028468
2026-02-21 13:00:00,13,5,5.729595692888948,5.143947410324729,213.1759079861609,8.59439353933342,7.7159211154870935,35.959650025478766,37.76332526199918,57.29595692888948,9.168124808439314,25.68908877316145,43.50915704895617,1016.4564788563603,50.034301773795754,228.45009365981687,0.5639731191561362,10.994526946534554,10.21330018767012,-5.1570175388609005
2026-02-21 14:00:00,14,5,6.042110500400796,6.4637793751718,234.0669856587421,9.063165750601193,9.6956690627577,50.375826057818635,48.30090867002068,60.421105004007956,7.309970571282237,31.27331030836304,56.297053373358494,1007.1818753270677,50.047380694316544,229.58024127556808,0.5571742276662359,10.092893805205987,9.128894397668983,-2.0149726553910527
2026-02-21 15:00:00,15,5,0.0,1.1502307222636414,251.02485117334246,0.0,1.7253460833954621,58.25722026029203,53.66040998530514,0.0,11.664208154297503,31.594222636467826,46.595568516195655,1010.4276406839267,50.087426436204886,230.24092245804962,0.564856554339695,9.40929115751919,9.469551789503775,-0.26309188995255905
2026-02-21 16:00:00,16,5,11.14225465941718,10.44742385570048,242.38338193021838,16.71338198912577,15.67113578355072,57.09578231096546,60.59070012712518,111.42254659417179,10.031238851368682,30.687497511787754,42.35640147706915,1009.0364591659109,50.01600878658373,228.16325512928415,0.5503389759438198,9.205531471285461,10.074526173735759,-4.263174612373555
2026-02-21 17:00:00,17,5,0.0,0.7695232300882532,254.8687394170522,0.0,1.1542848451323797,38.847009831721735,41.155661511238264,0.0,13.840260383146383,27.345374545268566,49.571334207936175,1011.8620487512741,49.975011730827624,234.0945306170713,0.5493114032244044,9.931261645155693,10.347907157471706,0.5652557421788582
2026-02-21 18:00:00,18,5,0.0,-1.2301709747405123,236.54172916386761,0.0,-1.8452564621107683,47.79371796644153,46.70842942420725,0.0,10.929811056822425,25.238050707950084,48.37377978970299,1014.9471093816752,49.92956648973183,232.1125370997685,0.546673796220458,9.145387152823,10.318828327132298,2.8681352544544625
2026-02-21 19:00:00,19,5,4.486639165329025,7.086362635724551,262.0094900524459,6.729958747993538,10.629543953586825,42.291077606765285,44.20197357110703,44.86639165329025,7.575084502142197,23.141664738318468,38.77420536249538,1015.7999546956296,50.02716114548296,227.8540929823758,0.5453302237911821,9.916637475430257,9.726450738619498,5.059566821198875
2026-02-21 20:00:00,20,5,0.06641497981687247,1.9172662795764277,241.61897728236093,0.09962246972530871,2.8758994193646417,51.56716089791883,48.53237197312495,0.6641497981687248,9.83894524354397,21.334481917447587,44.36601822239281,1016.6072628939498,50.08611851518506,228.30663627280597,0.552221546078202,12.520544112369535,10.03824116189193,7.834345799715332
2026-02-21 21:00:00,21,5,3.7031522741348515,1.515936429601635,243.8190391212675,5.5547284112022774,2.2739046444024527,46.55329749393028,44.568330666000364,37.03152274134852,11.665117213645216,16.22077191638436,58.07572206596319,1011.2839513320731,49.93423092693676,229.1880848131689,0.5526048623610076,9.994048057900772,9.148953695903788,9.343618472501678
2026-02-21 22:00:00,22,5,0.0,4.020963352228367,238.31228616394165,0.0,6.031445028342551,57.52643858326398,55.60747780415816,0.0,11.175513664494828,13.939381523567572,36.98537239322643,1022.8092452511038,50.01582068735979,230.8722076947708,0.5540613680063607,10.165674855076166,10.808596228615173,1.1310978514255345
2026-02-21 23:00:00,23,5,0.0,-2.387716067945165,215.84695797009357,0.0,-3.581574101917748,42.90444271460884,42.10734007347645,0.0,9.005089008702909,8.787523294786634,37.28466539281454,1017.5463549268574,49.94626749857792,225.849239786648,0.5656848420136281,9.661572558695637,9.764157304976967,-4.153936654136487
2026-02-22 00:00:00,0,6,4.225611494318933,1.7778098639944484,207.3332595979214,6.3384172414784,2.6667147959916724,31.776791121000223,35.80418718279,42.25611494318933,7.237741955175332,8.825956995274687,62.872470329408074,1013.0671487201711,49.8941380338555,232.37278921146103,0.5642736860963576,10.716847486097524,9.707726725015846,-0.6052929470052868
2026-02-22 01:00:00,1,6,4.351067737036391,3.7895522944578794,190.47730347875137,6.5266016055545855,5.684328441686819,28.889192958408316,34.55002445255029,43.51067737036391,6.176244088684696,8.41696402892931,37.40991785031885,1014.0624148087426,50.0287080126896,231.5520938179666,0.5511494325877311,10.358178204296268,10.611653597835499,-0.2615512845124227
2026-02-22 02:00:00,2,6,1.28915431286944,2.1951049996959515,171.80722741786585,1.93373146930416,3.2926574995439273,41.3534891826994,42.17214802778244,12.891543128694401,11.101579247399677,11.690579881158813,66.5974258306333,1019.7224653865092,49.99133222467472,231.54535273317754,0.5518315784791689,11.729386085657676,9.763600654901026,-5.007441155022673
2026-02-22 03:00:00,3,6,0.0,-1.597920635575846,162.81507518142288,0.0,-2.3968809533637687,30.094022380998894,27.91846283314157,0.0,9.538554828772412,11.518996997344452,42.805518574378084,1018.0283052796387,50.09973369460026,229.704738783075,0.5641024616367373,10.115414002508947,9.707938623355297,0.8556525226855582
2026-02-22 04:00:00,4,6,1.1804692668950296,3.6080898317208576,167.33770276956835,1.7707039003425444,5.412134747581287,61.00318631771755,59.183550459170945,11.804692668950295,7.167916656459731,9.504663810035824,51.07670181580222,1015.4055837470607,49.994556733484046,228.57460404749952,0.5608709779528169,9.104141320197133,10.720865398863838,-6.611017414729661
2026-02-22 05:00:00,5,6,0.0,-1.345324388856941,138.73899079049022,0.0,-2.0179865832854116,52.98607404957502,52.988279675737495,0.0,7.289093641750297,13.3122125417949,60.6309854545637,1014.9207912914741,50.05921612311249,228.90547997611841,0.5497581517308764,9.168637464015555,9.876063041224016,1.0056074052278412
2026-02-22 06:00:00,6,6,0.0,2.461318338901868,147.46732301815905,0.0,3.6919775083528017,55.89845690016163,56.79235135424658,0.0,9.746761465026024,14.853701197655763,58.2494978190354,1013.6917894253004,49.9929753252406,234.1459737045412,0.5585629363255007,8.930165823410226,8.653955919195724,2.423412966830831
2026-02-22 07:00:00,7,6,6.402569348543722,7.14568370756333,147.33543792640938,9.603854022815582,10.718525561344995,42.108404047225235,41.87325226194387,64.02569348543722,13.800472359441672,15.382048430887014,34.08131591612394,1021.5744343235182,50.006924006453566,226.44554195249697,0.5491444283735047,10.603755864118336,11.360318227278395,-1.795026013613835
2026-02-22 08:00:00,8,6,2.3929654375188836,2.764841298111969,177.8062415403906,3.5894481562783254,4.147261947167953,57.09517725248129,58.33368191421821,23.929654375188836,5.19344592195197,21.76320335888246,50.60415600344482,1010.575521207635,49.91665987475986,234.5073293661257,0.5523734686509709,10.487034454274308,10.755681318537782,11.013725651203472
2026-02-22 09:00:00,9,6,0.0,-1.2129132293081577,163.75988401861272,0.0,-1.8193698439622366,59.46987877213026,61.14263846574425,0.0,9.5578539755398,27.239195919626276,23.94179948146271,1016.9827090828383,50.04978270280812,231.65292378167817,0.5571363796925202,10.087764984822753,9.761439262655177,-3.653296602496477
2026-02-22 10:00:00,10,6,0.0,1.144764284202223,175.94051439760037,0.0,1.7171464263033345,28.82130587896352,27.3684982269607,0.0,10.39286857023024,21.607735699005953,46.528425081874715,1010.1065750853262,49.94524640230459,232.4992717856519,0.5694888516417168,10.907291962269207,11.479501531218006,-1.0328933451034965
2026-02-22 11:00:00,11,6,0.0,3.489421600315064,187.8691992287691,0.0,5.234132400472596,35.15168894171265,36.6988171869188,0.0,7.492791171210513,23.934735641424098,55.392162245448624,1007.3420710521385,49.98635914305035,228.68123826139023,0.5800586866879018,9.625876892436935,10.29685305962719,7.776436908459249
2026-02-22 12:00:00,12,6,0.0,2.1442893337650393,198.65726388010063,0.0,3.216434000647559,59.6808808627457,57.93533310858349,0.0,8.953627291446438,30.39991149800492,19.22726912603303,1015.0300827474598,50.06134025577517,228.3432293757945,0.5879179882651169,10.865852406967118,9.067676745986851,0.9418715039168222
2026-02-22 13:00:00,13,6,0.0,0.6506347326977852,209.73827765785973,0.0,0.9759520990466777,66.8398814196097,69.81503068018797,0.0,9.959490806889011,28.683702493129793,42.35429803088695,1009.1074831756246,49.95495802940003,229.49007663893445,0.587328904125733,9.820653640217339,9.606510862158096,4.779049647425491
2026-02-22 14:00:00,14,6,4.488567285706784,4.162486411070642,232.21796424807278,6.732850928560176,6.243729616605963,62.194859963223706,63.557387574750166,44.885672857067846,12.635528669142673,30.37859593313968,32.13004788416973,1020.8360572772403,50.08182942054584,225.92678249789648,0.5877424629609879,10.97615329948399,10.108135836169875,-1.119645648062685
2026-02-22 15:00:00,15,6,0.0,0.01153781171119525,226.80662926704392,0.0,0.017306717566792876,38.38167915516747,34.20123385938369,0.0,11.132892609601328,31.482479832322387,43.517461243953086,1013.1015998145257,49.93678746955234,232.52679168610044,0.5794446966561656,9.944249017652112,10.85179358719034,4.822949424552852
2026-02-22 16:00:00,16,6,7.417192538305796,8.709652708878883,234.08736662653249,11.125788807458694,13.064479063318323,53.226791423412266,52.099833727776854,74.17192538305797,9.44423823332034,29.22556546421382,39.3822496035266,1011.2848737227131,49.89992578023934,227.64118432791832,0.5776817952432945,9.30956722499915,11.556035816020808,0.4862993932449782
2026-02-22 17:00:00,17,6,0.0,2.581976240322169,236.59187953101264,0.0,3.8729643604832535,58.50187246770988,60.242823366764476,0.0,10.191545001015573,29.477167687326737,45.32675982540879,1016.0494645278552,50.06034429363473,227.4480408853775,0.5761707422408366,9.018836085980297,9.017888233185552,7.590866415543643
2026-02-22 18:00:00,18,6,0.0,3.5981057490552155,250.97337404691294,0.0,5.397158623582824,42.63843315890077,43.34662250304548,0.0,9.119883825801825,24.482854339414708,31.017244145721786,1007.6851448344445,49.98026097582768,230.93276780884153,0.5789373905240089,6.7675697774423735,11.277616788962078,-5.3601416079534285
2026-02-22 19:00:00,19,6,6.958166599868613,5.729452923797709,259.60914745927505,10.43724989980292,8.594179385696563,34.97535740886783,32.18199217587585,69.58166599868613,14.804396742882195,22.847288093782243,43.046061567764156,1023.0863425731452,50.088304169760086,231.02467319703257,0.5701595464382946,9.34312008724794,11.792690864870195,5.243216959802513
2026-02-22 20:00:00,20,6,1.111311358662631,2.1011334368344627,240.1406111850536,1.6669670379939467,3.151700155251694,52.756894951954116,56.194405270056684,11.11311358662631,14.171462847279505,19.796290891230576,47.51251275941541,1008.5956451710371,49.96116058470834,230.87315334272483,0.5735482404337833,9.158251195568463,10.961862001162203,-1.3618188966564506
2026-02-22 21:00:00,21,6,0.0,2.1925993606306595,234.40261215965555,0.0,3.2888990409459895,45.45747795236708,46.875965309518335,0.0,9.353054182911734,16.326062656069524,42.25122854347906,1014.9061400598977,50.10845198274121,228.8676385811768,0.5748254729789308,11.126499437395932,11.639603882522003,4.954868401962736
2026-02-22 22:00:00,22,6,0.0,1.7294363121115939,228.84179863124686,0.0,2.5941544681673907,51.33727097266312,52.8853735797686,0.0,11.317806691558392,17.371078677746777,48.60514269765968,1007.588113163309,50.05878762493884,232.05743635786234,0.5770269042713497,10.097486284289177,10.366361513777285,-0.4720228923698078
2026-02-22 23:00:00,23,6,0.0,0.04592943309570764,200.61168287937554,0.0,0.06889414964356147,47.963394295743726,50.333726708525596,0.0,11.292227127818824,13.566149765148733,47.73019814610674,1017.6214745520715,50.004627759809864,229.30253662443138,0.576931706737544,9.931588160449312,10.16750611923844,9.742002351928669
2026-02-23 00:00:00,0,0,1.0630589174363356,2.686099029536772,201.88301959145093,1.5945883761545034,4.0291485443051585,46.725133411833134,47.428120083427714,10.630589174363356,9.576024715493595,9.98448136872934,54.170957393069955,1011.0660325513169,49.99043888750075,229.62720789037712,0.5656916147169767,9.703870560707903,9.48516062238534,2.483379364794746
2026-02-23 01:00:00,1,0,0.0,-3.6880101182463796,202.76322917375484,0.0,-5.532015177369569,49.645854865051916,51.53588506815948,0.0,9.085506574238872,10.46077442928854,70.42895695803456,1010.8688965866628,49.993654707109535,229.16589818302398,0.566482247074116,11.291003682283844,10.927012818742256,3.6237681519362033
2026-02-23 02:00:00,2,0,5.621383745252882,6.1170729084210365,165.0794128988378,8.432075617879324,9.175609362631555,54.980642852777216,54.834044206993994,56.21383745252882,12.821792484368563,10.517032561375927,47.20038644423215,1005.321834961168,50.00917809434409,227.62769349298313,0.5759043846508601,11.516357397417691,9.768592924876492,0.3266203261493242
2026-02-23 03:00:00,3,0,5.324253026621282,5.366410090350487,145.9113371999145,7.986379539931923,8.04961513552573,47.86493896999208,44.99109901215001,53.24253026621282,8.000191166320706,9.62127316359125,49.959838128237465,1019.8080578102735,50.06390938857163,230.25735328058315,0.5814562921927003,10.158664637801094,11.118981711200957,-3.96605504073068
2026-02-23 04:00:00,4,0,0.0,-1.639084290591818,155.29900484297087,0.0,-2.458626435887727,47.50897140534301,47.54036869690225,0.0,10.347860199251427,10.658955717333567,43.93930221835028,1009.086080784811,50.03017607810403,227.7568697600334,0.5993560221479983,10.109684253444788,9.889177739852833,1.9466084693776844
2026-02-23 05:00:00,5,0,0.0,1.52871652231532,161.82624790885959,0.0,2.29307478347298,45.15205696011898,44.924397985869916,0.0,12.256010342083536,14.833373541554213,30.617360575418726,1010.8247744202919,50.05283972421546,228.83834075177663,0.5931456223755377,9.758003290414647,10.103075986023878,10.264411898996473
2026-02-23 06:00:00,6,0,0.0,0.3057350752172621,149.4566507798397,0.0,0.4586026128258932,45.531047824368244,42.069307670897615,0.0,10.471871593757754,15.226371781779102,55.052382755741256,1015.798948176783,50.050020034596265,235.2783325103504,0.5778506384854403,9.091860225040842,10.161670364411563,-2.192245578003735
2026-02-23 07:00:00,7,0,4.986757518405479,1.8813155671310282,148.32065193334907,7.480136277608219,2.8219733506965423,53.68606143905536,50.03055143344335,49.86757518405479,10.076378927229609,19.139763370983285,57.20023581962913,1011.9649460211548,50.014871762245626,232.49331739478703,0.5798993242546052,9.003911054374253,11.876556993802131,-0.11990836603981508
2026-02-23 08:00:00,8,0,13.271120758780352,14.932671303221682,171.56831191613588,19.906681138170526,22.399006954832522,60.47326124772229,61.04597161597577,132.71120758780353,10.840245996953994,21.469895048622746,51.43577595739241,1010.3535693330601,49.940839464424435,232.03300154913885,0.5846774236380375,10.322977085303753,12.853024640927586,0.3398770916639009
2026-02-23 09:00:00,9,0,3.1877604619942157,0.3711694639916523,168.83488710985574,4.781640692991323,0.5567541959874784,58.809845846510036,60.8523406736152,31.877604619942158,8.364969660722396,23.153294811657293,74.58825188609323,1017.9375662335879,50.005065850715674,234.9862258430515,0.5975514675642039,9.461268829676431,9.102160542637064,-3.7425630260364113
2026-02-23 10:00:00,10,0,4.547975172984387,6.813824916053228,162.28223338957537,6.82196275947658,10.220737374079842,69.23783360705717,66.79293923165078,45.47975172984387,11.076653516285726,27.05910475059472,66.61620852256236,1013.2626495421425,49.98077065916753,228.88135831698722,0.5991257441539917,9.283196656571965,10.72922076645899,2.5375241636785772
2026-02-23 11:00:00,11,0,0.0,0.9698496675222645,200.09428403417525,0.0,1.4547745012833968,33.00521334777544,34.06237854103477,0.0,9.510223398707538,29.010433272428525,49.93109294974233,1017.9672642014312,50.07222611911718,229.88399148994952,0.6057921799610686,9.757522360650585,11.468618391464808,-2.4921128143768136
2026-02-23 12:00:00,12,0,4.463806415757059,6.647675364148258,202.97269395991333,6.695709623635588,9.971513046222388,47.01026539839924,45.670580230798905,44.63806415757059,8.733539719641286,31.66267949611009,57.99842461779595,1007.8160670288565,50.05155331186442,231.26176770746963,0.5989700496984557,8.80837933050152,11.585141956255697,3.7489934911638882
2026-02-23 13:00:00,13,0,0.0,-0.7913764253650631,224.06231017126868,0.0,-1.1870646380475947,52.947016788920294,54.40807624855346,0.0,10.400860222065822,27.333968734013787,49.14809580053073,1016.3087571717105,49.97144689329691,226.74096195919938,0.6086528191286462,9.222472101276358,10.103053243572312,-1.1472018115766922
2026-02-23 14:00:00,14,0,0.0,1.9286510591911596,227.16886182858272,0.0,2.8929765887867394,40.91041775126128,43.82071862672278,0.0,9.336848085088436,28.108740240596276,40.07549281213185,1014.2722534413055,49.858822073246216,230.4614540951249,0.6130343657359553,10.051961783680422,10.524509699081634,-3.1483833747162366
2026-02-23 15:00:00,15,0,4.100887905441221,4.456850988556427,244.063795151028,6.151331858161831,6.685276482834641,59.799085167104224,61.13033486577546,41.008879054412205,11.307324809412586,27.479600017160866,42.693224752092775,1008.2331961214749,50.04728821481392,231.1031037731397,0.631471874193343,8.770550218985592,10.66260387495038,-7.126794117617415
2026-02-23 16:00:00,16,0,0.0,1.6291063050528691,248.44739955158047,0.0,2.4436594575793036,43.03216975413243,42.12722374240782,0.0,10.880760586262463,28.299584073201427,46.893652164087214,1007.4335862936466,50.14090351174896,227.96355198810016,0.6498989871634206,9.947530062591401,10.247215800002238,0.4624360751184015
2026-02-23 17:00:00,17,0,7.005502493000855,6.5498915789114935,262.14998961794316,10.508253739501283,9.824837368367241,57.0361803487655,61.05628739645583,70.05502493000856,10.264561362606996,26.213618224265222,57.47750588616212,1003.4826212869767,49.96693014359714,233.97797599438607,0.6502770155702834,10.264526315297516,8.599791850546918,-7.1705045479479645
2026-02-23 18:00:00,18,0,0.0,-1.5035503558278294,245.06066234549817,0.0,-2.255325533741744,53.573695417668766,52.41559461947547,0.0,8.032295226592915,23.349117765529815,53.10663973600311,1010.9877643939852,50.00192712323391,231.55428334720852,0.6546839377320138,10.37951427033908,10.985184383802952,-0.6710538453612065
2026-02-23 19:00:00,19,0,0.0,-1.7584537140468521,256.0962572719431,0.0,-2.637680571070278,52.48394240951386,52.44698589150301,0.0,9.157586462308359,21.860509380824993,56.034069354453734,1008.6902859050663,49.99050548817946,227.89394076978698,0.6592272160804848,9.327421372420213,10.421371390534642,-1.1910683517651492
2026-02-23 20:00:00,20,0,0.0,2.2444157936840368,232.74402104015982,0.0,3.366623690526055,59.09614867488135,56.99368146706239,0.0,12.220529782098493,19.14050138318402,53.49650937987849,1003.1760517410343,50.01755322523059,230.06840833731752,0.6591665999960629,10.710093110996544,8.981042378172893,-1.395723032629845
2026-02-23 21:00:00,21,0,0.5866337397643988,-0.37011757716344085,213.90216649153513,0.8799506096465982,-0.5551763657451613,53.87034240878861,58.897617510142986,5.8663373976439885,10.53260952612313,16.926779618319244,56.50328669710763,1023.3473675012305,50.09262456267873,229.16107009180638,0.6453576011153177,9.422920351941743,11.656647122489595,-1.4785200711551636
2026-02-23 22:00:00,22,0,1.0248337315576637,-0.47592122713560236,237.01678991509482,1.5372505973364956,-0.7138818407034035,41.39364832029467,42.35148537735931,10.248337315576636,10.938947885825645,15.773698829656695,35.958979047867615,1016.1136714383815,49.982895114243,231.07809394284527,0.6482376496103288,10.28461721982257,9.64005998670478,4.028707550336402
2026-02-23 23:00:00,23,0,2.3150262668294848,5.772823038321798,218.37607164931583,3.4725394002442274,8.659234557482698,45.12591413721824,44.45111634284853,23.150262668294847,12.89668736620293,13.026714551320014,57.540142895093155,1009.9304072112236,49.96250291696259,229.4869288469863,0.621311909366174,11.997348927917722,9.576576198781424,1.6840398117006612
2026-02-24 00:00:00,0,1,1.7617399485733771,1.3417243685086564,184.07170194130958,2.642609922860066,2.0125865527629845,58.74216357404414,56.07099265639832,17.61739948573377,12.045896165473884,12.005289505332994,54.62642317433306,1017.7200148171474,49.9579487018614,226.4185211902941,0.6252772238108353,10.95857035833087,9.102381273643712,5.359302936869771
2026-02-24 01:00:00,1,1,0.0,-4.222383060453218,195.55823087580978,0.0,-6.333574590679827,37.46802425251429,40.14335172898921,0.0,10.080665951433812,9.95434310716843,56.81953112119215,1010.882013070996,50.08407839280003,230.00746326938102,0.62711293027867,10.074333696277641,10.181838473151371,-6.8893447502079415
2026-02-24 02:00:00,2,1,0.0,-0.04733233029249147,167.07184646351357,0.0,-0.07099849543873721,52.2373407382546,56.03874829141741,0.0,8.374683657197718,6.118649217304272,49.28317801341946,1009.7582977300389,50.03196179105679,227.20026342737086,0.626132500399364,10.006841588599109,9.404227668216928,-4.241097106382112
2026-02-24 03:00:00,3,1,0.0,-1.7067569957593303,162.37303672715996,0.0,-2.5601354936389953,61.545170256087545,64.34688517795209,0.0,10.781957498768513,9.879518074764693,31.69243094057972,1005.3252505666484,49.969999447990446,230.00020598421557,0.6314699365644112,9.633598275985825,11.800137788973903,1.7158562404690005
2026-02-24 04:00:00,4,1,0.0,-1.5330460312864471,164.78554395859337,0.0,-2.299569046929671,46.580883627307976,47.42430914729784,0.0,11.367574506639569,12.507479011381193,56.58903055787829,1009.2380625555791,49.97871681548016,229.46404445878886,0.6404814339581588,8.078389195351026,9.23515689974034,-0.39093099124261615
2026-02-24 05:00:00,5,1,2.8933784175265176,2.738296771093218,156.5724977507906,4.340067626289777,4.107445156639827,37.62129857804908,40.08251380915346,28.933784175265174,9.472989925937648,13.5381327469844,57.198610659427914,1012.4027154540358,49.96501460882617,227.80564612561673,0.6422599640523046,9.40086867457339,9.904317135681188,-5.37880755222369
2026-02-24 06:00:00,6,1,4.198035456042581,2.546401342159691,156.14518090221645,6.297053184063872,3.8196020132395367,57.936833304307726,58.53796144101799,41.980354560425816,9.689929044514692,16.101974639219172,60.931186090827886,1015.4423821186022,50.025481647073164,228.1813805857643,0.6510759517081566,8.551223207480614,11.237037716289787,0.9405491832703833
2026-02-24 07:00:00,7,1,0.0,1.8117425506369371,157.94918143385752,0.0,2.7176138259554055,69.90655718431158,70.84240170466204,0.0,10.039696401754233,18.72133224111871,62.139053341873755,1005.5721841336705,49.979317818190566,229.06271643005653,0.6467531797152508,10.342191573097917,8.846811405027005,-0.20611426469805105
2026-02-24 08:00:00,8,1,0.0,-2.670101496164341,169.36712842543525,0.0,-4.005152244246512,36.51041537363426,41.818361206648916,0.0,8.255236342410527,17.413525745869148,49.411276119532566,1011.1350718602561,50.02561415246342,227.91553748421882,0.6425948258724157,11.325550208478866,11.130438254282554,1.8868184524744611
2026-02-24 09:00:00,9,1,2.500699817064919,1.4003312312446294,160.66576936509193,3.7510497255973783,2.1004968468669443,54.78157655557714,54.075974424237955,25.00699817064919,9.789069639730764,20.49489087160509,44.05672103748928,1016.8860996211461,49.98525545865187,228.07511329220233,0.6480547957919627,9.47546653468812,9.318064299838854,2.6213997177878072
2026-02-24 10:00:00,10,1,0.0,0.8666193273714596,168.93862832979985,0.0,1.2999289910571894,50.56715385240524,53.054771684890994,0.0,12.22383598747766,25.43619444652127,60.22580328996462,1004.5513255388537,50.025044785974224,229.1778073751721,0.6531238293952196,9.460206386125042,9.64498960012718,-0.6741228643713565
2026-02-24 11:00:00,11,1,0.341127347170618,-0.13050612629351788,180.3923451934605,0.511691020755927,-0.19575918944027682,57.30768016067725,55.985913736794,3.41127347170618,11.628789196952496,28.075082712151733,42.03995644757312,1014.9448102903212,50.01876287606538,228.70511921524462,0.6617111278699197,9.089978583613503,9.993988899737564,-4.796017025834622
2026-02-24 12:00:00,12,1,1.0948729897821208,1.5572304724453983,200.81059356430026,1.6423094846731812,2.3358457086680975,47.67170359172732,46.027114051659154,10.948729897821208,14.322085965989416,29.623117967790286,38.538862987379645,1014.0514725444706,49.930298817829716,230.34859037837393,0.6652268092341804,10.60758092391226,10.660618413711408,4.125473194937898
2026-02-24 13:00:00,13,1,0.0,-1.2540455876287258,197.0529038414222,0.0,-1.8810683814430886,60.100592744282345,61.15317165963084,0.0,11.051985472220629,29.993977972024382,56.51958392646442,1012.6114532833088,50.046953993006376,231.53115500595044,0.6564456829488928,11.616729896599688,11.790768222233964,3.4192117059107123
2026-02-24 14:00:00,14,1,1.000890003160748,3.0420567410105246,227.245072781556,1.5013350047411218,4.563085111515787,51.494576540802996,50.62227602204193,10.00890003160748,9.841779539096029,33.92757026521405,55.28681561546258,1009.7236417044127,50.01544658204028,231.88347611817755,0.6666704955937135,10.347186216173908,10.661409418519298,-2.380280945220708
2026-02-24 15:00:00,15,1,0.8063788068539326,-1.4375698106311754,234.8233709338079,1.209568210280899,-2.156354715946763,54.137360962843516,56.60084532399045,8.063788068539326,7.237439196466728,30.72216200963159,28.551816246933956,1006.1521756114128,50.05572503157602,228.9867703145133,0.6639618468612386,9.759052279125015,8.549879942048127,-0.5075304534324594
2026-02-24 16:00:00,16,1,2.3232577555746783,2.155068440905148,247.69263034707757,3.4848866333620174,3.232602661357722,47.59966244815814,47.08693896801324,23.232577555746783,4.934712660184375,27.517035008717457,48.79479439210572,1011.8007572805726,50.02400830861731,230.0348963969148,0.6790289512182309,8.973977609082645,10.38142310893542,-2.396597878692203
2026-02-24 17:00:00,17,1,3.460416208181092,2.159881514584047,249.5751001281929,5.190624312271638,3.2398222718760703,56.24789671891007,59.61087391251338,34.60416208181092,6.590742560936381,27.118251395410002,52.06550138225138,1009.5466464331271,49.945050914379465,229.1888174764878,0.6812361667355389,9.464506004869577,10.069317661034239,2.6627453361630633
2026-02-24 18:00:00,18,1,0.0,-0.20788574996892353,262.33458792433044,0.0,-0.3118286249533853,44.72505461182902,42.24486441111989,0.0,9.270833164276336,26.78864209475705,64.65149260316501,1004.9007313280497,50.02533407061547,233.10590474594824,0.6738678511062534,9.385174221044874,10.273186319008266,0.5894323027070838
2026-02-24 19:00:00,19,1,0.0,-0.33590213145384085,248.36175020160684,0.0,-0.5038531971807613,51.82952335564691,52.14800787212097,0.0,9.237239781892805,21.13592499135554,28.601336210463426,1012.0360163344191,49.95448294598632,229.82484235541892,0.6675053885080178,9.076917691505765,10.42882124566513,2.1076196648699645
2026-02-24 20:00:00,20,1,0.0,1.0396891779807766,241.2081504696189,0.0,1.5595337669711649,49.44523418062755,51.65990989742042,0.0,11.300185274742246,16.339182779366364,49.7315048406279,1008.2756836011924,50.03624434151079,229.875462295384,0.6647219642527831,9.65689190778005,9.86286185036211,1.9795225244713293
2026-02-24 21:00:00,21,1,0.0,-4.855704677230164,244.931388784523,0.0,-7.283557015845245,39.59355019032424,37.53549123213477,0.0,11.210029315244391,14.861669156959762,52.08105816553812,1008.0012610424524,50.08376255098185,232.87474325799332,0.6757459507439508,10.315271933728502,10.710852112404401,1.4390631938405938
2026-02-24 22:00:00,22,1,0.0,-0.48953435063513884,214.35418757623444,0.0,-0.7343015259527083,53.98413342926461,58.352130510279984,0.0,10.006648275543053,15.628581956766208,53.046195187902185,1018.5298250385348,49.994727321931805,230.27417880073568,0.6895613290353624,8.71844811331726,10.258847849833304,-6.8157787342018095
2026-02-24 23:00:00,23,1,2.2611253131210884,-1.021899559733828,213.66274126171373,3.391687969681633,-1.532849339600742,40.311401141879315,38.388519078209946,22.611253131210884,11.811912223517151,10.832580061606203,49.78243530039985,1011.5024717579428,49.933830691398455,230.73627504494524,0.6800633110376809,10.19555571454488,9.902989694418851,3.4946272035309986
2026-02-25 00:00:00,0,2,0.0,-3.0999182568178854,192.59966918771448,0.0,-4.649877385226828,30.802126014733417,33.70238398753727,0.0,9.475878150025405,11.049822673793184,43.54388735002867,1010.0979186284268,49.98059214351015,226.41160184493992,0.671801753978293,10.50995992276609,9.27858892936717,-5.6880208151884295
2026-02-25 01:00:00,1,2,0.0,-1.330796146978799,161.46582504716204,0.0,-1.9961942204681984,54.82308937986045,53.30633520657661,0.0,10.376016192834916,12.190986351511535,48.298995982277795,1013.3739208787223,50.04549247074529,228.54942194258513,0.6758012320765329,11.441679942334638,8.894938933670062,4.124637467670446
2026-02-25 02:00:00,2,2,0.0,1.4022699120512063,164.6114357988565,0.0,2.1034048680768094,44.00993325838782,43.241419322208074,0.0,8.263536300786019,10.30781934298762,53.08619288343901,1012.7549147559167,50.00270890158056,226.6949123315518,0.6602794283208191,9.23117070598973,11.873267423121817,-6.182941827196685
2026-02-25 03:00:00,3,2,0.6615379888532957,-2.1633685967049985,163.45865031029504,0.9923069832799436,-3.2450528950574977,56.7630169645841,53.20646552577588,6.615379888532957,11.351842390275635,15.312741367811832,57.52806074816151,1006.5167261143476,49.96427251483645,223.2421600573274,0.6645825064823385,9.492178009252383,9.666195518476423,0.0030150035520432983
2026-02-25 04:00:00,4,2,0.0,0.0002400589018894984,161.02616780450126,0.0,0.0003600883528342476,47.741085783264786,48.606937874258364,0.0,9.58057514329278,11.02563904134307,47.656858600196195,1016.0595688701715,50.055809239854675,227.18210250684297,0.6676608737419124,11.219854910722908,9.719694245465885,0.163433633069887
2026-02-25 05:00:00,5,2,5.292463168693848,5.702681999464614,157.02102761621458,7.938694753040772,8.55402299919692,46.0686104985531,45.16833028118481,52.92463168693848,8.476112784882618,14.801311546436157,39.12418891835257,1003.5723633955454,50.01283976737936,233.49057120628672,0.6733789930146319,10.379988371232033,10.423240341951237,2.1754584120420413
2026-02-25 06:00:00,6,2,3.990482169891033,7.686428722869804,148.905167443752,5.985723254836549,11.529643084304706,52.356202296676955,54.560619722164816,39.904821698910325,9.227157420726535,16.21766401979209,47.01134040337051,1025.5944595728156,49.972066005033945,233.8960408002323,0.6769540225800835,9.838393884951032,10.784216579423283,6.615915664245317
2026-02-25 07:00:00,7,2,1.8140873838735267,3.0452043754775353,159.10750364544774,2.7211310758102902,4.567806563216303,40.88125023899066,44.0646585419261,18.140873838735267,9.736609842579508,17.435204028628963,47.60946238441417,1007.5366387487513,50.0359507882715,228.85705743431828,0.6750009148107857,9.189079341520964,12.752162023282338,-7.327769221754263
2026-02-25 08:00:00,8,2,3.7954668156511877,1.827964860530845,184.2790641270182,5.693200223476781,2.7419472907962676,49.04542279857224,48.89450488379887,37.95466815651188,10.842254125630191,19.741133217173303,45.54863958102556,1009.2830256100333,50.038096798766354,226.32327552099068,0.6726592490333614,8.85907738824625,12.08644933514762,4.208284724498805
2026-02-25 09:00:00,9,2,9.317491959725427,10.445260982062203,159.30193549890203,13.97623793958814,15.667891473093306,56.71049069031121,54.002096110724715,93.17491959725427,8.063778113096106,24.097461898793338,43.182592923776824,1015.6699516476854,49.94243443778644,227.34124342345783,0.6533164998738061,10.527914584352963,11.251431540356531,-2.597536032285232
2026-02-25 10:00:00,10,2,1.4444654650359017,0.109773245258318,165.09185154797575,2.1666981975538526,0.164659867887477,52.58505329198422,53.423332740505906,14.444654650359016,11.578138374620377,22.45851568799548,45.69331410246709,1022.1196754513546,50.01838382316185,230.53691364842064,0.6579710395447723,9.78782374718971,10.86426096506431,-5.03799711886575
2026-02-25 11:00:00,11,2,0.0,0.4776966551404305,181.25582544132726,0.0,0.7165449827106458,40.28478110497986,43.2770176869197,0.0,11.31692090883572,30.02742063169152,44.59091891721007,1017.4376545494688,50.035879076091824,230.38960180589908,0.6557059586827296,9.175026566247217,11.810883540339658,-4.899285365351453
2026-02-25 12:00:00,12,2,5.047401213644395,6.354574081585529,185.24746274252215,7.571101820466593,9.531861122378293,52.33289721789955,53.46862384530968,50.47401213644395,11.446216139467975,32.1929062530935,41.32103129153729,1014.9439214999454,50.03199657324843,228.2495542973323,0.6604310652916341,9.534043651547393,9.260311134566894,4.655694138294775
2026-02-25 13:00:00,13,2,0.0,2.191747043207145,219.1535503867238,0.0,3.2876205648107173,39.75888748805096,39.66210856656237,0.0,8.477325902715751,27.93260500415772,50.610159589481576,1012.3764156315202,50.00811153869591,226.81025789468623,0.659815894395404,11.02631540386414,9.945797534453469,-3.725072311007987
2026-02-25 14:00:00,14,2,0.0,-0.40035694113736336,234.944609164623,0.0,-0.6005354117060451,56.71211107073146,55.57329098993297,0.0,9.825198305325122,29.28990314292661,43.39918511243203,1001.4392995032114,49.950682957034566,229.21243708574434,0.6530619735493651,9.974866096803833,10.149996018369924,-0.8800381176727866
2026-02-25 15:00:00,15,2,0.0,-1.1030277273301266,227.4046885389902,0.0,-1.6545415909951897,61.319208684178925,59.10178247689141,0.0,6.957707374067057,30.90853324032376,33.14298732600281,1010.3588614487377,50.01816158929623,228.5570277749762,0.6557362623150964,12.133072398123339,8.589540350480357,0.2511069782313161
2026-02-25 16:00:00,16,2,3.857611344017113,1.7973226322504483,243.48669654769967,5.78641701602567,2.6959839483756722,46.18988382353085,45.547795094488244,38.57611344017113,11.751969571412612,27.152583611826962,55.24989778828016,1015.6351750811574,50.083506625514076,229.00201304887932,0.6453780056826142,8.63150410418797,8.70701676675137,-0.31521885644506964
2026-02-25 17:00:00,17,2,0.0,-3.202126274782677,254.44460458586283,0.0,-4.8031894121740155,44.39594965200961,49.95718748260386,0.0,10.91082517099163,19.988582058399864,32.077083265195796,1011.4146901104975,50.00988852685025,233.40481338860218,0.6566379667271889,10.553390758488623,10.728602389855798,2.0872604058526725
2026-02-25 18:00:00,18,2,0.0,-0.4382871491716426,239.9037237518704,0.0,-0.6574307237574639,45.508232666248894,50.51063495916184,0.0,12.925680677962164,26.466630756243212,51.85899832838535,1016.7037481603292,50.025464730072216,228.9879139916841,0.6554258080596621,11.42152230215795,8.568510003662077,-7.772076121734638
2026-02-25 19:00:00,19,2,5.355136672598789,5.037315472564028,249.00573310746645,8.032705008898184,7.5559732088460425,47.143013286315515,45.91154574104465,53.55136672598789,8.438943246054324,22.862687949396488,68.00410239312924,1009.7544562475321,50.013231202258034,230.34759692712285,0.6571128189202973,9.441406351135866,11.705236556076782,1.075962913864109
2026-02-25 20:00:00,20,2,0.0,0.46444041368935435,261.41512366750186,0.0,0.6966606205340315,69.66604982858493,69.02448850502621,0.0,11.111826238787838,20.146755760606915,44.58200637206111,1012.4062124215967,49.97287215292064,230.09344308827787,0.6544793399085977,8.938023585631003,10.089661488803923,-7.159000119963586
2026-02-25 21:00:00,21,2,0.3074592456769967,0.3516736496430152,233.92004606595268,0.461188868515495,0.5275104744645227,47.541409142467415,45.67905353429221,3.0745924567699667,10.120002126709057,16.317185029484506,64.18398834896252,1011.4833695539421,50.017270394790465,229.69475928106993,0.6511063856210745,9.797749093882366,10.341819474990297,4.746883899412004
2026-02-25 22:00:00,22,2,2.038474850893133,-0.951061122678929,225.6688410431548,3.0577122763397,-1.4265916840183934,60.09136887046889,58.46423644062062,20.38474850893133,10.226588324385368,14.005051998608451,72.49408800089181,1005.2450787322695,50.00293063438777,229.31818766022644,0.6292101956856657,11.321588046599297,9.794247388792176,7.229221855090181
2026-02-25 23:00:00,23,2,0.0,1.1396560466523322,211.85954449099808,0.0,1.7094840699784983,51.2773399476266,51.119463562507974,0.0,13.757698416026784,10.829967940002085,50.553085228430426,1007.1898248228576,50.02111206867435,228.11348907790628,0.6364674979410503,10.633926782083293,9.938503573401576,4.628737589716689
2026-02-26 00:00:00,0,3,0.8225806082387241,2.6777099873554207,208.32546660638297,1.2338709123580862,4.016564981033131,46.750652178043275,49.67629760995659,8.22580608238724,10.936102493132273,14.527167851087784,49.14379650457842,1013.6438256799097,49.9856934753924,231.28399651336122,0.6289969885772848,8.854526369375467,7.786662758925386,0.06821898614902139
2026-02-26 01:00:00,1,3,0.0,1.353671439953882,191.71064104016273,0.0,2.0305071599308233,63.91918450395628,64.10432964771051,0.0,13.249195231437795,11.60481202505938,63.6427001553938,1011.1543118872303,50.01817592171813,231.9909648723571,0.6441923300950123,10.87278129102478,10.25587177772042,0.9219461621306745
2026-02-26 02:00:00,2,3,0.0,-0.4845401152022858,166.05488033143405,0.0,-0.7268101728034286,52.37630991706873,52.047509495543075,0.0,10.5094215347041,8.11799346793636,45.17741225097432,1015.605663223605,49.9829022971052,235.01294779611152,0.6594648786794172,10.369884135106087,9.08186457868623,2.7233537930316816
2026-02-26 03:00:00,3,3,2.775740925325537,3.4269856690447122,165.42255206917025,4.163611387988306,5.140478503567069,54.295429896045945,54.09963733688246,27.757409253255368,9.66427055721967,11.366213095901426,53.833114553139886,1016.9495184697798,49.98541070722643,228.9241715133685,0.6668437980012051,10.469511211106354,10.859514516421676,3.572906471886626
2026-02-26 04:00:00,4,3,7.294965313356261,7.65082757894911,160.29339787159617,10.942447970034392,11.476241368423665,64.8053662939622,66.56414068194194,72.9496531335626,10.607976293162782,8.285685063005376,43.2675193262067,1012.7033363229492,49.989305739607985,228.89441972066749,0.6594417944714777,10.17261776757731,11.029252018448103,-2.5921696299071497
2026-02-26 05:00:00,5,3,0.0,-0.9636182427829794,155.5063434553154,0.0,-1.445427364174469,50.66165246264504,48.91681181371044,0.0,13.487833955849165,11.239302017235314,54.47697823502278,1005.7654005835926,49.97471250024827,230.60543606133984,0.6730641884800037,12.352695941443262,12.092347665232364,11.177002402301559
2026-02-26 06:00:00,6,3,5.345109826031146,3.263098166436258,154.68457711562127,8.017664739046719,4.894647249654387,48.422917976529455,49.95989260639397,53.451098260311454,10.153268396913466,12.509887420315138,72.99105621855202,1021.2566756841732,50.05527116941668,226.4554595686303,0.6756983494684976,10.546935977075307,10.776237085060705,-1.9155873208341998
2026-02-26 07:00:00,7,3,0.0,0.1396552960482165,166.38334928221195,0.0,0.20948294407232476,47.41132073638596,51.24696280954989,0.0,13.475135133968754,17.16584386085599,51.72539485968397,1014.8145557263898,50.02898013443996,227.5364291277641,0.6828345878968314,9.59295126400809,10.214321741996514,1.310926763477593
2026-02-26 08:00:00,8,3,3.3904460756036694,1.6794322863813034,165.10827054914063,5.085669113405504,2.5191484295719553,53.18175405739736,50.67515755182881,33.90446075603669,11.353744279222713,18.785342000986027,49.44003410968795,1007.0843645565429,50.02836752283409,231.64083075212247,0.673503726690766,9.527313668815866,10.087925387958167,9.810032711988502
2026-02-26 09:00:00,9,3,0.8886079261174937,4.882115587274686,165.36411541266736,1.3329118891762406,7.32317338091203,27.004384480073785,29.053324151259723,8.886079261174938,9.469713758419001,22.754885100690498,35.55939930944052,1010.5410966264736,49.95744228770856,227.09915210076778,0.6748880554515315,10.634573962464572,9.70435879897863,0.5409195570589607
2026-02-26 10:00:00,10,3,0.2621444181497168,0.181944230531818,165.10521860304374,0.3932166272245752,0.272916345797727,47.690031176281956,45.98195955540198,2.621444181497168,11.843192360612669,24.748110465378762,31.88966107728212,1011.2334541799626,50.004359621633924,227.92429975809412,0.6679124608494829,9.864562602760847,9.242324826786929,-8.152841216500551
2026-02-26 11:00:00,11,3,0.0,4.071514639183656,183.63673698174037,0.0,6.107271958775484,32.357700595559365,32.937199868119144,0.0,10.272585114257463,27.20685743162809,48.31911687076792,1006.9624003486997,49.9661991065707,232.30136245278078,0.6703107835974282,10.71489155697123,9.757999683436754,-0.3912485379848346
2026-02-26 12:00:00,12,3,8.945400133431438,8.71018355897943,200.8789002403531,13.418100200147157,13.065275338469146,58.27635312201534,58.94389277604752,89.45400133431437,8.791297640280398,30.3282307727142,46.726752464120615,1020.5864832265847,49.9645168178205,231.2061084465878,0.6528439371108994,8.847280032369222,10.595079209040138,-2.1479444655496627
2026-02-26 13:00:00,13,3,0.0,2.0554155369421685,199.9235781443997,0.0,3.0831233054132525,50.31470654311001,52.322018220338904,0.0,8.003176034689842,32.665957311602924,22.520439251724763,1009.0185517559228,49.9145718335048,228.46040275519738,0.6580083155145247,10.630051002145104,10.025562639482013,-3.2941408055074244
2026-02-26 14:00:00,14,3,0.21005370274839708,0.39298433137377026,219.54387997506566,0.3150805541225956,0.5894764970606554,53.47874492133883,48.64615413621294,2.1005370274839708,13.317198880745183,33.442051320825776,65.35849027874652,1012.2032645375416,49.963068017325696,229.3690809090629,0.6589269807503758,10.974187906402852,11.712164263843107,0.3358385953944614
2026-02-26 15:00:00,15,3,3.689276984182665,5.256679377072829,221.17099982659,5.5339154762739975,7.885019065609244,55.771787106308814,54.327048566103876,36.89276984182665,13.775724604126395,33.64166646598861,62.09428215677557,1014.9731419130198,49.983283805864936,228.33084807310428,0.6555161643918004,7.501646867004221,7.960052432068052,-10.80088684722623
2026-02-26 16:00:00,16,3,0.0,-1.370635030287771,257.3399280616594,0.0,-2.0559525454316567,49.57843686612418,47.41700452875467,0.0,8.087337135038696,26.22398074894363,53.482768784200545,1015.4092843465822,49.992050612734175,230.71235764470327,0.6516595103126841,8.948207275011773,9.650783427217496,-0.6326250180315885
2026-02-26 17:00:00,17,3,0.0,0.6039946043017508,225.4555810386356,0.0,0.9059919064526262,46.93303351917303,49.80320735366519,0.0,8.870774241997998,25.4193223699153,55.458567966938304,1003.7942195741571,49.985509022131765,227.7138798787428,0.6662285571291895,9.363192463718457,10.86965370488572,6.989451749720103
2026-02-26 18:00:00,18,3,4.605632093965276,3.2822193965934297,250.57857507417043,6.908448140947915,4.9233290948901445,53.68188216408705,56.2894663927825,46.056320939652764,12.801954226213795,27.12145510149214,37.852956984128774,1007.550369134655,50.05179895370022,230.4089946415475,0.6579118446133561,9.038378849807463,10.17892108042793,7.847464149103836
2026-02-26 19:00:00,19,3,0.5656191851139364,5.151610611034637,260.77611075958515,0.8484287776709045,7.727415916551955,32.57940682895749,30.742514766519896,5.656191851139364,9.75978560428465,19.447901172410162,56.843357989803366,1016.992981821246,50.00000584277059,229.42415942952442,0.6564880875596343,9.615634718284658,8.592874189050537,2.2342655922945562
2026-02-26 20:00:00,20,3,4.417873661697504,4.854558904797033,244.0976253227827,6.626810492546256,7.281838357195549,49.290565794428844,51.4657581868859,44.178736616975044,12.775033635369498,22.95451680958245,61.34936546506644,1016.8052188636398,50.04347862906139,228.23979588430151,0.661855953549398,10.715666802414235,8.707788635323261,-0.46816250599885834
2026-02-26 21:00:00,21,3,0.0,1.08936801009113,237.62886278444145,0.0,1.634052015136695,42.61855739525417,46.55527473566725,0.0,7.02775590410606,18.762134636564163,31.95204216714054,1010.7256144664858,49.9788026272011,228.56840431663093,0.6469893609852904,9.79390616282006,10.85799102973639,-2.1542747985475676
2026-02-26 22:00:00,22,3,0.0,-0.2018838604449801,223.2897563055429,0.0,-0.3028257906674702,71.5222404045902,72.38638630422304,0.0,9.752088961141846,16.950787855523988,45.625032174957376,1018.519000372369,49.988979268368176,234.34547364153806,0.656378217124811,8.481139834499851,7.561666767028109,-11.23619774768768
2026-02-26 23:00:00,23,3,1.9252512724047905,3.7499389872712303,213.93727414786983,2.887876908607186,5.6249084809068455,31.32949707802751,33.50445136884307,19.252512724047904,8.19715373653183,15.982527789789842,59.56956807216831,1012.7067205127959,50.07333252009866,228.76684065751385,0.6741238478024119,9.769408005621806,10.55505263400955,0.8241164615528018
2026-02-27 00:00:00,0,4,3.422853441222922,3.912536701933894,204.11292216380355,5.134280161834383,5.868805052900841,51.0770621606631,52.557715580684935,34.22853441222922,9.69045624731225,14.128549408555717,65.88229947970646,1010.3061737529496,49.94561537198434,231.9539832473067,0.6695232914068323,8.943063077349551,10.257902755819122,0.6904251672369708
2026-02-27 01:00:00,1,4,0.0,0.9553147956677013,192.81031482020865,0.0,1.432972193501552,55.28659218446237,55.79661702722211,0.0,11.9293712113144,9.208201278512771,47.14421178428451,1010.3456369106174,50.01993031875155,227.7304851494801,0.6680053909073214,9.06424112338118,9.234665698104681,-2.102885692299173
2026-02-27 02:00:00,2,4,0.20429907094362057,-0.8236346551538138,158.20599992510583,0.30644860641543087,-1.2354519827307207,38.05987459359521,38.78904423992961,2.042990709436206,11.586673102622253,12.190778930798459,60.52460452530963,1011.6075212797091,50.01763013534026,232.75486247158358,0.6649470875283112,11.360841250135682,10.138085762396457,-5.9103427556607135
2026-02-27 03:00:00,3,4,7.887644368989063,6.344769605381937,169.29283666617494,11.831466553483594,9.517154408072905,25.435778805337176,28.659840691425956,78.87644368989064,12.179645777993978,8.228591867556855,48.96760989958099,1013.9716024205117,50.026151272834795,231.64679172770624,0.6764956023339209,9.758950406769555,9.659185189915807,-5.664460478762441
2026-02-27 04:00:00,4,4,3.985542165645212,6.97687207544743,155.65288294193368,5.978313248467818,10.465308113171144,44.49699052311542,45.39776356247128,39.85542165645212,6.935322988326453,14.032911666003084,56.167935392141516,1019.8110366107717,49.979395862932854,229.05882859684135,0.6745671322765985,9.27072461550759,7.497083386891538,0.88378481756194
2026-02-27 05:00:00,5,4,1.6785364348970662,-0.5041566426648831,155.69826677158457,2.5178046523455992,-0.7562349639973247,58.82651815130766,58.0699258092135,16.78536434897066,9.565966599940989,15.910464375168974,60.7734270861314,1020.6366165754574,50.03613482730639,230.1755470158643,0.6679186347825621,11.227289127059235,9.826172496538508,-3.21712810428353
2026-02-27 06:00:00,6,4,0.12746441940810005,-3.3428273437104608,142.2802906630894,0.19119662911215007,-5.014241015565691,38.235614176151195,38.45884536996308,1.2746441940810005,9.780195075829647,13.10420449882605,29.859077868525144,1021.7978465826181,49.994866076075525,229.89424841417699,0.669328780055242,10.000221986959492,8.85521685538699,-3.048074366629173
2026-02-27 07:00:00,7,4,0.0,-2.6703854568890515,143.97131641881094,0.0,-4.005578185333578,46.13411069732376,46.207495462076125,0.0,9.805783198425535,17.232872744918318,49.85648266050212,1009.5876360815946,50.01381733952528,227.09164180665314,0.6793801547518246,10.541935164603416,11.111496056566118,0.3248134929968127
2026-02-27 08:00:00,8,4,0.0,0.4280540773613989,167.0765492985962,0.0,0.6420811160420983,45.565548375077796,46.14259902525455,0.0,7.340113780643177,21.53372115245213,52.420385410580316,1006.9296017895433,50.05197202986942,228.50365301267837,0.6679144681560606,9.423244733100422,8.54679615972757,1.7623357691197472
2026-02-27 09:00:00,9,4,0.0,-0.7953903779868363,169.76822915147315,0.0,-1.1930855669802545,40.237518489122294,37.87372741508638,0.0,9.977509998620734,19.884464461789538,47.75893061141386,1005.8157830400455,50.06487829533066,229.40451299717913,0.673272879063302,10.681665252606313,8.976259469307355,1.0497999274371979
2026-02-27 10:00:00,10,4,0.0,0.9115185447982562,167.9079046974591,0.0,1.3672778171973843,39.20764363007288,38.5651983274821,0.0,10.381818565433871,21.12010769762374,43.787520154304495,1018.6603344783064,49.97395032713702,225.42450420893908,0.6705967767216695,11.719842787911364,8.94705360277247,1.745274592781254
2026-02-27 11:00:00,11,4,0.0,3.579654980912757,198.388716865024,0.0,5.369482471369135,44.63133372333456,45.730974088283745,0.0,8.082847670252834,27.296193706811742,58.41420506536803,1001.8922758834838,50.00803366705217,229.28506180108468,0.6690829498212155,8.37716918878377,10.045493441589665,-0.7286500202079031
2026-02-27 12:00:00,12,4,0.0,0.6858537217344441,197.84203641627775,0.0,1.0287805826016663,46.15622803595064,43.95680052081047,0.0,7.187181252746596,29.09839496940942,59.03506332655939,1002.3622372448451,49.96291769009832,230.2087939880737,0.6757257367957507,11.274745285264133,9.610147703032045,-3.31388145950301
2026-02-27 13:00:00,13,4,5.244933525821999,2.2030959147846314,203.62651343143602,7.867400288732998,3.304643872176947,48.832771973017515,51.06785851243505,52.44933525821999,10.242760408796725,31.069565152929197,57.58397074585834,1010.1667321273177,50.04724442809563,227.34908451271033,0.6703766241329392,10.833524577578723,11.390531840423321,-0.6362510036510883
2026-02-27 14:00:00,14,4,11.263603466025499,14.470364962818286,219.7320667757269,16.895405199038247,21.705547444227427,47.77020153993953,48.21882399053525,112.63603466025499,10.567990451727885,29.541018417407628,36.93883798955267,1016.4683656380386,50.010994669018636,232.65581257046145,0.6485320369373696,8.740570268933123,9.621183974652666,0.0718082948348597
2026-02-27 15:00:00,15,4,3.564223130865625,5.857530422304446,231.82288544684906,5.346334696298438,8.78629563345667,50.492357326073716,51.14998323035982,35.64223130865625,11.422248248125657,26.319329541677202,38.48892199802862,1022.8174587706195,49.950518406030426,231.5016035804003,0.6349291460296284,8.286350613867189,9.34081190394442,3.961239748907304
2026-02-27 16:00:00,16,4,0.0,0.8537837033501068,238.6746667146085,0.0,1.28067555502516,56.008495604428695,57.1913450785434,0.0,9.94776476469255,26.28830272660239,44.38583543833023,1018.195046694856,50.033626148294914,230.83498320907773,0.6478229034148592,11.529787630760524,10.290346166947954,2.1910528709730563
2026-02-27 17:00:00,17,4,0.0,2.738556737283119,259.3207323920131,0.0,4.1078351059246785,38.77110922727918,38.28896934226463,0.0,9.313785824620272,26.942409672678224,47.94615376580672,1013.4233995389525,49.94926278446128,230.9835183599925,0.6401323020097696,10.643584402544812,11.258261934320043,2.5736334159002663
2026-02-27 18:00:00,18,4,0.0,-1.0421183922099377,253.9775745176832,0.0,-1.5631775883149066,33.87815385153493,32.80088010055156,0.0,11.623988362440873,25.370338142917117,57.66765203841955,1019.0432606723143,49.96005502119409,227.42378240266558,0.6250351953496425,9.556032636749002,10.380372122721509,11.10474928897137
2026-02-27 19:00:00,19,4,0.3132160265800646,-1.305442648395317,255.10977628619457,0.4698240398700969,-1.9581639725929754,33.45831581731841,33.35336596268789,3.1321602658006458,7.565791114908935,22.33967352199881,44.292241635103025,1017.2571727796756,50.04531486843685,231.31109779156907,0.6130151679663828,10.0793949569807,10.378975782913606,4.817496966937788
2026-02-27 20:00:00,20,4,0.0,1.904022912945043,247.85892541991888,0.0,2.8560343694175643,62.629367106493596,63.42296348809051,0.0,8.222618776174206,19.988856001558084,49.881371047767146,1007.6195909256195,49.926151652750484,229.94537420211265,0.6053775555433775,8.601733518003329,9.510259106358717,2.5125379191670403
2026-02-27 21:00:00,21,4,0.0,-0.3458958133606312,235.37181309858934,0.0,-0.5188437200409468,47.74364437545597,47.625052890119996,0.0,10.917484803347193,16.890007579928483,61.36995450709452,1015.7009852589293,49.977657877348015,231.63020549757582,0.5973210685767228,11.34356508609505,12.761762508929428,1.6716141710899124
2026-02-27 22:00:00,22,4,0.0,0.6573281426188741,215.1178979751597,0.0,0.985992213928311,48.965855054851346,49.20821142075999,0.0,9.20915693062551,12.03477254400699,71.34100105567327,1018.7019035991176,49.96271203205634,226.8840673821409,0.6157643792377501,10.501862902546442,10.461904404064173,-6.9593707603543855
2026-02-27 23:00:00,23,4,3.118768314391744,6.002381630315,209.0029153172267,4.678152471587616,9.0035724454725,63.807199633993484,64.88174341467543,31.18768314391744,8.504326432869323,10.814777588980144,50.56491347059959,1009.9709504854715,49.9878782901358,230.78916461599928,0.6352315464836649,8.61773130799449,10.376857760736726,1.0106900376122672
2026-02-28 00:00:00,0,5,0.0,0.6507148033227522,219.34578110465995,0.0,0.9760722049841284,43.509819729712646,46.1336444188172,0.0,11.715126994574238,13.795909093925427,39.748344827607035,1003.5660962958696,50.03388248354886,231.67577797452648,0.6213967749419739,9.147894544773536,10.944095669105279,-0.9724109270860377
2026-02-28 01:00:00,1,5,0.0,1.5235254155353848,182.5884372217599,0.0,2.285288123303077,53.45706937314683,53.89587268679126,0.0,10.217294542386629,7.825857744733101,77.80604197220566,1015.6378915481175,49.895509037258776,234.37330015496562,0.6169528498188246,9.522604184565461,9.950517076767133,3.875552653671094
2026-02-28 02:00:00,2,5,0.0,5.249659768429042,175.24569041755828,0.0,7.874489652643563,54.09041445480317,50.95550458154274,0.0,9.232725339646127,9.365266132422072,56.577947567275274,1017.5655220184287,49.938963163981185,232.6455808951904,0.615320318690861,8.846191210726307,10.942568185086028,2.138447632886309
2026-02-28 03:00:00,3,5,0.8650035405706435,-2.884078863849007,173.7291080379491,1.2975053108559653,-4.326118295773511,41.75519455301229,43.020751437718445,8.650035405706436,12.016205243331799,9.230049566347702,38.02505448175862,1014.6620002514996,50.035488684740585,228.8686827823514,0.6298246461032317,10.333339645384722,10.634116818220956,-0.7844228213478787
2026-02-28 04:00:00,4,5,6.633173657885098,4.110958684154063,157.85345457334543,9.949760486827646,6.166438026231095,42.643493658453224,45.892699630005495,66.33173657885098,5.145502861943389,9.43407979015861,41.4502727166239,1004.7221513910895,50.0137206131517,231.3631008232422,0.6442247998518454,10.20764780540423,9.629706081833886,-0.6169393126751239
2026-02-28 05:00:00,5,5,8.15677412306849,4.7013375874788945,146.23312693734798,12.235161184602735,7.052006381218342,57.903587406093116,56.97419987243928,81.56774123068489,10.068381503715747,15.635462904837556,42.473658254575,1013.5931936803663,49.972341864291316,230.68916668193336,0.6423301790297293,10.09332789407975,9.164721744448656,-5.302404988637814
2026-02-28 06:00:00,6,5,7.9573858595949245,9.976123702879143,154.47878891076223,11.936078789392386,14.964185554318714,47.421534050350296,48.37075904078019,79.57385859594925,7.50769010899662,12.129742222618024,51.85053613867232,1009.4460793813262,50.00445692487331,233.30087030782255,0.6469706041053261,8.273636358221122,10.558474826346298,-2.133720806378424
2026-02-28 07:00:00,7,5,7.008914381249583,5.603823730095311,150.31191694893883,10.513371571874375,8.405735595142966,66.74284758266731,65.52273210358722,70.08914381249583,10.675073767585753,18.138889473202564,36.9399235629592,1012.2427691430023,50.013252705781305,231.3889890064936,0.6541411837751947,9.8373514275618,9.975491067097892,5.2264546632391475
2026-02-28 08:00:00,8,5,6.358111296679594,4.876074500354631,158.45422366060777,9.53716694501939,7.314111750531946,41.30558028646912,40.725842904974506,63.58111296679594,7.754364691936518,17.498989779060267,48.47542268328347,1014.3979251912236,50.00801426135734,230.53042037153253,0.6595930896942518,9.193059484703674,8.18106065546329,-0.28307658490421167
2026-02-28 09:00:00,9,5,9.933582351124885,10.311512572375456,173.96654084708254,14.900373526687329,15.467268858563184,43.32963537797541,44.38288834373612,99.33582351124885,11.203698048869896,22.983998187383182,62.358417776733866,1013.673135685064,49.988897280490924,228.64180275720076,0.6498281003241435,9.356595814399725,8.454169209274156,-1.7157547745211486
2026-02-28 10:00:00,10,5,8.814706026323304,11.762553405617764,174.30929108233974,13.222059039484956,17.643830108426645,46.66853776010375,43.48049570062574,88.14706026323304,12.437960004470163,25.322317678520932,50.80693168667281,1020.8121361967351,49.99692166199016,228.6709371695025,0.6501537971558431,10.459730851052646,10.681394044637425,-5.172500926573843
2026-02-28 11:00:00,11,5,0.0,2.90431985856906,190.30532914509416,0.0,4.35647978785359,44.71025445555092,41.58984871200966,0.0,8.66995798437708,27.49950034638328,60.06560541297503,1006.2666415695536,50.01866102666093,231.6583746338602,0.6382129146840648,10.857874567238774,10.585540070907117,4.277015862759666
2026-02-28 12:00:00,12,5,2.1954438094403335,3.08791963994201,208.23981128468927,3.2931657141605,4.631879459913015,47.24351579274561,49.72608688718092,21.954438094403336,9.78582556102504,28.685140368717935,62.82268582934624,1010.5212518224582,50.03532596203304,228.73405013506303,0.6489534523105003,10.140942814987085,10.344278154939648,2.5571712706643854
2026-02-28 13:00:00,13,5,10.18769680629963,12.570647404022745,212.43238436967172,15.281545209449446,18.85597110603412,26.267332336369247,28.905724014962203,101.8769680629963,6.045204929555189,28.87937290472649,45.87165100541554,1015.8323800215123,49.94995819762405,232.82593784884378,0.6487530506208301,9.611938158325286,10.843528553508236,-6.607510706987831
2026-02-28 14:00:00,14,5,0.0,-1.0025682537317453,231.4113116096708,0.0,-1.503852380597618,44.97879734928205,45.51814089838429,0.0,10.898267576322993,33.51247334527173,54.61628859753259,1017.6796844517341,50.06821424020433,231.38292244627934,0.6425694798190049,11.657249485144145,9.876291853712933,7.6074122099761485
2026-02-28 15:00:00,15,5,0.0,-0.8763443510518736,240.3016738827112,0.0,-1.3145165265778105,54.53391512831594,54.31593390603761,0.0,7.805538038194937,31.982585640884505,42.918799290712926,1003.2889314688396,49.990962585505216,229.54251940788697,0.6501396093250612,9.073167438458604,8.99988341425195,-4.491549032129816
2026-02-28 16:00:00,16,5,3.8140939640182,4.39988732940135,265.0002392476849,5.7211409460273,6.5998309941020254,43.211836001691246,44.697707933946596,38.140939640182,8.80448282423619,28.75214010831375,58.04155215199073,1012.3936618635028,50.08922062312013,231.53574151688701,0.6591844594373255,8.026692642793881,10.553062598881494,0.7713554864886865
2026-02-28 17:00:00,17,5,5.742464027279304,3.9387462421951787,261.9150212935422,8.613696040918956,5.9081193632927675,50.153176705867665,51.013106236187106,57.42464027279304,7.42635450589364,28.98153029886084,45.20539013678035,994.4233469198956,49.9602245401762,227.63537926370708,0.653370567624924,10.45330764020465,9.758573256775671,-1.116338751502748
2026-02-28 18:00:00,18,5,0.0,-1.8122435774085095,251.9182266996244,0.0,-2.7183653661127645,50.61597882085943,52.00820644759674,0.0,9.942322880160944,24.690683016543645,34.58162316708371,1017.4668256392998,50.01040006370477,235.27218011184044,0.6539752078266327,9.729413382852504,10.568577942553176,-2.0476862161241396
2026-02-28 19:00:00,19,5,0.0,0.22429005207608835,232.33356202735487,0.0,0.33643507811413254,25.086271999254958,27.880021606953903,0.0,9.014524904507612,22.927175120626416,47.71549219281616,1010.8320018982505,49.973755720065135,231.87674529480267,0.6587560497660743,9.3015311191888,9.403529005964211,-2.5414543260096565
2026-02-28 20:00:00,20,5,7.587636715388117,8.452825000370115,234.49792303513118,11.381455073082176,12.679237500555173,35.026693976393794,37.425492398133684,75.87636715388116,8.597916135823775,24.71403361460306,50.841025433300935,1007.508426083245,50.06854866087142,235.55070502942104,0.6472401924339567,9.856180016100618,10.002582353601882,2.5703583475280163
2026-02-28 21:00:00,21,5,5.3113378034358885,4.1963759960889835,232.7991875879992,7.967006705153833,6.294563994133475,63.30446285999955,61.59775104367368,53.11337803435889,10.98775474893338,15.70933955791266,24.15161366023407,1005.8632273599751,50.04558615898871,229.58871517512898,0.6602970631050885,9.73619386473397,9.393590320364305,4.923155091486556
2026-02-28 22:00:00,22,5,0.0,0.21523243989376156,233.90143139825327,0.0,0.32284865984064237,62.76871439529258,62.53150917508915,0.0,11.406144161857924,15.94403079634154,56.62470353298331,1002.7953519577336,49.99330180177243,230.53129042887048,0.6646971917035918,10.183196219471343,11.747946355251191,2.7548825198404097
2026-02-28 23:00:00,23,5,10.524171939265301,12.031801408379925,206.80118540782303,15.786257908897952,18.047702112569887,38.61082197470733,41.39542627279259,105.24171939265301,7.569203426165448,8.175296157577257,54.82033559857758,1012.5077612361138,50.063347525126254,229.19205799155134,0.6750510393421834,9.341163665974648,10.164265108737052,5.712258314046373
2026-03-01 00:00:00,0,6,10.927314225953369,10.915719552668037,196.16801469705658,16.390971338930054,16.373579329002055,45.53368681039003,46.43173301754474,109.27314225953369,7.3782088526053755,9.183938213439394,40.743005802460445,1012.11561507148,49.9918168451325,230.054490591623,0.6809906429091673,9.577016826438989,9.339664833194478,-1.0712242957416536
2026-03-01 01:00:00,1,6,3.493559495990466,-1.7182456558821277,183.32341641765998,5.240339243985699,-2.5773684838231916,61.57366690491888,62.4711173842859,34.93559495990466,7.1480876614979465,8.65646295629103,55.37978806674043,1013.6631914648686,49.93962865959545,229.5879186345816,0.6946296034538187,9.975802496963944,9.121007232352909,3.804085338414161
2026-03-01 02:00:00,2,6,0.0,1.8626750374842063,168.7357247455083,0.0,2.7940125562263094,46.67218319176018,48.154230008619486,0.0,7.046706631342477,10.135633950759576,68.67227538374615,1017.9980271477033,49.96131061102351,231.1485688031094,0.6860160911191022,11.028846730432601,7.772508389448296,-0.2356701598196741
2026-03-01 03:00:00,3,6,0.010046103067053884,1.1392789272585346,168.66559330191495,0.015069154600580826,1.7089183908878018,37.96207685092176,35.908793311591126,0.10046103067053884,15.959307363427879,7.833839366995256,33.19883403525525,1016.3408606485399,50.07862230330603,235.7024434177319,0.6877759756307855,9.972797550667291,9.651032510279027,-4.7891230502493185
2026-03-01 04:00:00,4,6,0.0,2.253348785048268,162.38743994042474,0.0,3.380023177572402,46.654995845926784,45.804234245660986,0.0,13.118465368519786,10.32172704991532,64.12085085707429,1006.5993751346366,49.981865674466434,232.1320782756203,0.691979784699328,8.667398823536395,11.193787111640223,-5.494433901254174
2026-03-01 05:00:00,5,6,5.033958822352248,4.715912697445551,155.59639507205117,7.550938233528372,7.073869046168327,39.90877237692552,42.202002128680796,50.339588223522476,12.615201399359623,13.70813900587222,56.84456247881471,1009.5584398454461,49.94085624283589,229.6443157905135,0.683762680480038,8.646065225255224,9.855072949639007,-13.279681432134169
2026-03-01 06:00:00,6,6,6.00682810086126,8.611919677659452,176.65661893763996,9.01024215129189,12.91787951648918,38.11608961457914,39.09448220830955,60.0682810086126,8.626621034042145,13.41297700465339,69.53843696704882,1014.2794362235655,50.01937129720987,227.38239386750757,0.6661082183339033,9.9210547550183,10.313317222058908,-6.646771467391236
2026-03-01 07:00:00,7,6,2.589721202751662,2.39652699857088,155.60427694098405,3.8845818041274933,3.59479049785632,79.27021937907499,79.44977176656614,25.89721202751662,9.406256268714495,17.350045372142702,25.60409927325533,1020.9458522386868,49.984482858440686,227.43283060767652,0.6614682174946279,8.555053762952909,10.297333945501736,-2.1405745638194484
2026-03-01 08:00:00,8,6,0.29353042650217287,-2.2373265110924025,168.044072799641,0.4402956397532593,-3.355989766638604,57.44281389111066,58.41170403835305,2.9353042650217285,6.588117003059743,21.994405298146866,60.3422095142699,1005.549631197155,50.07287873884449,231.1907176200754,0.6611954360181999,10.1294680990057,9.344311009027917,-10.316205555130164
2026-03-01 09:00:00,9,6,0.0,-0.4511937670758053,163.9623216992752,0.0,-0.6767906506137079,54.71415659865381,57.71375205315525,0.0,5.623386569261566,22.270606323189444,34.15340857810766,1018.6285922137603,50.020662739266704,230.12361992918065,0.6822869901106857,11.094595998631435,7.300428180875456,2.4466485606725286
2026-03-01 10:00:00,10,6,0.0,-1.8901005498701964,168.05408737564542,0.0,-2.835150824805295,42.09787935036432,45.090232916301254,0.0,10.178775390413024,26.996507786417613,62.384716837046476,1016.9633115842323,49.977606900233965,227.87798138788878,0.704894358489483,12.020212065417525,10.865991372384652,-3.298894701427955
2026-03-01 11:00:00,11,6,0.3383267662632492,4.055901008403264,186.81459439661975,0.5074901493948738,6.083851512604896,66.51760086233439,66.65695880713126,3.383267662632492,9.80407664187723,26.4137618328709,51.642287845269045,1018.0099542308031,49.91275973216078,233.95838830863084,0.686986292558846,10.97809290032237,11.919542862799714,-5.176092396384677
2026-03-01 12:00:00,12,6,0.0,-1.7703194760182845,209.78413005256846,0.0,-2.6554792140274266,57.59620471206912,58.62417374838711,0.0,7.386342205000506,31.47720993872374,46.71375122015835,1013.8637783531037,50.01783784861365,230.87510523191182,0.6801858530837825,8.256352824694753,9.16177832749042,7.004762695266956
2026-03-01 13:00:00,13,6,0.0,0.9002365040220005,211.07423194641873,0.0,1.3503547560330007,52.112657337523025,52.5718280925843,0.0,10.894045158543843,29.42130597216689,63.55366139752543,1011.0068194242357,49.99967429383417,226.66096227580985,0.6735936232547197,8.371786605214536,9.930501567044939,11.180038188116477
2026-03-01 14:00:00,14,6,0.0,0.08236716163961005,217.27928605886513,0.0,0.12355074245941508,46.95397149176181,45.33420327927035,0.0,10.08310741704874,34.343087520187716,45.54154610488876,1018.5500821747322,49.95158336118747,232.8590389559044,0.6784664320753881,9.7645174479413,10.09323689032501,8.91848316882283
2026-03-01 15:00:00,15,6,0.5287642566276335,0.9992666386665396,220.76106422961928,0.7931463849414502,1.4988999579998095,40.66925073564368,43.80314735835457,5.287642566276335,10.362265615640633,28.244437622356344,62.470514610729296,1008.3488742744869,50.04477165417983,229.9569881455277,0.6782220817371569,10.485192233033949,10.97732799432418,1.0126077152544435
2026-03-01 16:00:00,16,6,6.6562880178187305,2.80595678577101,257.5361151242416,9.984432026728095,4.208935178656516,47.55409078125986,49.28949359897936,66.5628801781873,6.807993994976558,25.80825587245643,59.46459486720587,1014.9965197655453,49.98935894896174,234.63392137618894,0.6711052493570449,11.153986292453533,10.948057374158234,5.321225618561024
2026-03-01 17:00:00,17,6,0.0,-0.34916264749883597,238.0222993762191,0.0,-0.5237439712482539,71.69733334452076,70.89988720736463,0.0,12.37785268128844,27.81992440534332,54.02420178602457,1016.3367289344578,50.022206937846896,228.27107223932546,0.6611027959174002,9.449036511468618,9.196303722729386,9.289661785931722
2026-03-01 18:00:00,18,6,0.0,-0.9273506688156045,232.20664613681498,0.0,-1.3910260032234067,54.406973400131434,53.91175076830429,0.0,12.235058348217065,25.53766835872016,47.222704387245564,1013.0744894216822,50.031130648028316,229.15585901330016,0.6818081057383925,10.273571687923596,10.616889065135528,-0.6307947987813046
2026-03-01 19:00:00,19,6,0.0,-3.782300829998566,249.21301000771018,0.0,-5.67345124499785,62.079439404553455,61.80005331247108,0.0,7.724929505522368,24.012224017015722,60.41139378805164,1022.0752173632578,49.978188725417944,230.80581743978985,0.6833734598762932,11.165844725155813,11.107420221502895,2.1266041683943473
2026-03-01 20:00:00,20,6,10.667058100718037,10.323168240538532,244.92683596814277,16.000587151077056,15.484752360807798,44.30820463796117,49.791112107321865,106.67058100718037,11.626418021963309,20.311848526746417,62.54070895412593,1011.2052539661241,49.97904659635861,228.62664320148673,0.6901220012633572,10.566656343163185,11.147074681815347,6.820604600038157
2026-03-01 21:00:00,21,6,0.0,-0.45259131160412286,237.90090630084046,0.0,-0.6788869674061843,50.135901135381204,48.969338438574624,0.0,9.235869366790348,15.069271862706678,46.21752244964005,1021.2040000711195,49.95477795966911,231.15707955845582,0.6940193580973871,11.588899415996973,9.08199695235056,6.308228180361039
2026-03-01 22:00:00,22,6,5.073781100125033,7.368794296172743,210.37983977101146,7.61067165018755,11.053191444259113,46.64280319180111,48.15506222870958,50.73781100125033,11.020508140298523,16.27735816995449,48.36985722697975,1013.5806755862549,49.94654886620872,232.6735576482038,0.6966730760313877,9.114017050725458,9.26044838721092,-5.981316335769411
2026-03-01 23:00:00,23,6,1.4765595597927272,1.0764448901977404,201.27207503800358,2.2148393396890906,1.6146673352966106,45.90411400826845,46.599709460079275,14.765595597927273,8.560430543334903,15.301280451066182,43.954262982866545,1019.1976329765599,50.04389590588583,228.89811150427545,0.6924181682362905,10.804287840465191,10.335112525988926,-5.391028396920535
2026-03-02 00:00:00,0,0,0.0,2.155333051301176,205.21594107928897,0.0,3.232999576951764,35.57555245646805,36.399097424394704,0.0,7.348876139659396,10.04837067330271,46.380839094598215,1014.5456745073094,50.021070319715804,232.8855044382215,0.6967620534684451,8.470682124926794,10.894925662942812,2.3914743536823266
2026-03-02 01:00:00,1,0,0.6412498713460917,-0.3738647082848461,199.8401566970458,0.9618748070191375,-0.5607970624272691,35.03119704906241,37.46631515219391,6.412498713460916,6.719509406093035,11.697229866961147,41.226390581158675,1015.2395076632329,49.97397304300556,229.04787495123563,0.7070423796135767,9.853483949091546,8.427825308896224,-5.141283594635602
2026-03-02 02:00:00,2,0,1.7960427678890334,-1.0106724088732,173.15004348373964,2.69406415183355,-1.5160086133098,65.59978875558548,68.75586246499593,17.960427678890333,9.89170706724155,12.357887704717154,63.60563162919911,1007.7546211162796,49.96354538463353,231.4846771802154,0.7106904937077281,11.590732899667263,9.818974950999992,5.785225565638516
2026-03-02 03:00:00,3,0,4.404357106810099,3.1089458310084352,157.19722599153084,6.6065356602151475,4.663418746512653,23.367105991465916,27.510213098041653,44.04357106810099,11.627710979301593,12.987269799436248,51.76994532757516,1009.8499839061753,49.98628262679548,230.08820945778572,0.7136044855292135,10.4463751254004,8.397874989795515,-1.2569539619656445
2026-03-02 04:00:00,4,0,0.0,1.8519042156565875,141.0057389601485,0.0,2.7778563234848814,70.49684356301903,71.88726352130679,0.0,11.735282817248972,11.283137677047513,54.50883980319591,1007.7292409089873,50.02117433506274,229.3390672674245,0.6994184753617096,9.89977321064199,9.178040318876652,0.7921714732158327
2026-03-02 05:00:00,5,0,3.7433311287061013,9.111341619745609,165.52231359109257,5.614996693059152,13.667012429618413,51.647096013147525,55.56361340438354,37.43331128706102,10.472244040782716,15.179681928345591,35.01520357564525,1014.9244982028855,49.99860265468747,228.6861903363431,0.6882072170294293,11.356453256642338,11.151895703826613,-9.861850131985099
2026-03-02 06:00:00,6,0,0.0,0.9808657657352751,132.11112143851128,0.0,1.4712986486029127,48.39962173211794,48.81394431209839,0.0,7.139447271214548,13.302603957118182,50.594905087654624,1014.8712866167829,50.02686947798758,226.1262153045581,0.6890485545970204,10.32399424894357,9.880476355299287,-4.447166729631706
2026-03-02 07:00:00,7,0,2.95933147692279,4.998633082624155,164.20669364431544,4.438997215384185,7.497949623936233,49.80495127548393,51.64278739511945,29.5933147692279,8.777193470196455,17.145059089737742,45.46044500335965,1014.8822373897124,50.0775605045771,228.82761580400825,0.7068443024955436,10.238005383538459,8.857708941200574,-1.0490350696998423
2026-03-02 08:00:00,8,0,4.8855786203390075,3.719391931937334,164.5655806228287,7.328367930508511,5.579087897906001,29.4098826767185,28.125964765200983,48.855786203390075,10.899767817773274,21.826622443401572,59.512110926352,1011.4975697361417,49.9799995308246,231.8318364115605,0.6978724961034395,9.030660085946847,10.5966522909595,8.755183153170039
2026-03-02 09:00:00,9,0,0.0,-0.28606504951852013,174.9550152635161,0.0,-0.42909757427778017,52.2957861986478,51.909951748085575,0.0,8.588372304041094,26.605543667393256,39.802354054282745,1004.7633395957638,50.0014299555437,231.79491974642426,0.6761100789646798,12.131821374462186,10.656444781512544,1.4204741168054869
2026-03-02 10:00:00,10,0,4.275562156283263,1.7670544194796225,172.4030939149935,6.413343234424894,2.6505816292194337,42.4195994921393,42.36761613203387,42.75562156283263,12.027612930891427,21.765626423893284,46.53898065657542,1015.8165750286182,49.91382797035713,230.28531955804,0.6743484497969021,9.344208118509387,10.399755862918001,-3.606022880271444
2026-03-02 11:00:00,11,0,9.81724708611133,11.775795349904515,176.11951270640563,14.725870629166995,17.663693024856773,49.2846028762901,47.36624511140391,98.1724708611133,7.976663434138155,28.92378978880709,51.39965885152628,1020.6139536975375,49.97825696492647,228.78637918192535,0.6660120851780307,11.444976939371458,11.071973455341194,1.720261986679744
2026-03-02 12:00:00,12,0,2.601560625525086,0.5213847250016044,188.56067307048914,3.902340938287629,0.7820770875024066,34.415129462068634,31.926361582061585,26.01560625525086,11.18494288338023,27.548438496216576,69.60090614527398,1009.9878710288536,49.99234396652229,229.67811942208235,0.6598122500939703,10.637656303185397,10.696767918081921,0.14560921727402487
2026-03-02 13:00:00,13,0,4.187005536835707,5.746338776764244,219.6256363513975,6.28050830525356,8.619508165146366,59.14993146461926,57.43178181606176,41.870055368357065,10.436659274289585,28.247364196980744,68.47692981447945,1011.6945707366647,49.987608849630305,231.9972447801737,0.6504933985555988,9.835613171851234,12.320542252330661,0.9745373686564338
2026-03-02 14:00:00,14,0,7.716905857979551,6.336274822810108,226.5644559872554,11.575358786969327,9.504412234215161,40.736083994293004,45.391084634996815,77.16905857979552,12.327053569524333,30.498431498816842,50.69433493739859,1006.1503163135036,49.959866333181154,229.61175712106294,0.6577824344872095,9.217805131037792,10.214818502964427,-4.684934585688595
2026-03-02 15:00:00,15,0,3.5207598278766814,3.5769499919952623,216.34041142472174,5.281139741815022,5.365424987992894,58.69367489484311,60.72807005505726,35.20759827876682,10.586957653220377,30.774659591217425,57.60358720308483,1011.5782048213794,50.063295092261406,231.30658231521141,0.6665460608131466,11.491994720823666,10.811199616999687,-7.0067135905139475
2026-03-02 16:00:00,16,0,6.692187383408295,3.6017690920557777,264.48596683501006,10.038281075112442,5.402653638083667,52.412661658967814,51.19272145506958,66.92187383408294,10.369726774320391,27.217313250095106,28.469617263531262,1017.7836623055664,50.00434394890039,230.06329803691943,0.6676746312015444,11.745881873972284,9.611323477029012,-16.480074344620423
2026-03-02 17:00:00,17,0,0.0,-3.010965494206401,236.2166330380299,0.0,-4.516448241309601,51.57148924100391,52.61408662831744,0.0,8.416625174481759,26.008033496753907,62.553558837905534,1016.6529702513496,50.04120245592169,231.4692911997647,0.6550408028444223,9.928474025271086,10.73829815364844,-7.070669775725854
2026-03-02 18:00:00,18,0,6.450855055435467,3.7826940506803863,235.53744077482395,9.6762825831532,5.674041076020579,48.293109504456126,49.13308165140947,64.50855055435467,8.663865717573756,19.686657334057667,59.18659333707432,1016.3419825516409,50.004564904459826,232.69027418159146,0.6518869818539836,11.78362912664776,8.99196967876844,0.67823661708733
2026-03-02 19:00:00,19,0,0.0,2.729548839101084,273.5193513924636,0.0,4.094323258651626,52.95255427050293,54.36946558551355,0.0,9.603859751064787,21.71338577373015,63.42825155707066,1019.8205076731466,49.89779344831568,225.86913832428843,0.6495894659132597,10.226783881528627,10.002794174024935,4.788687743863425
2026-03-02 20:00:00,20,0,0.6328092912024184,0.19560161709957613,226.11518479413292,0.9492139368036275,0.2934024256493642,42.08333082997118,43.986704375292824,6.328092912024184,10.595615524169816,21.620757933621544,46.51090558484587,1012.8846877657622,49.98184080387181,227.887361459788,0.658459123877612,10.559978985473391,9.40698518578948,4.725693561819031
2026-03-02 21:00:00,21,0,4.692078268622441,4.322529566193881,235.6139040869408,7.038117402933661,6.483794349290822,69.91040183463977,67.47538357473954,46.92078268622441,9.063190336146775,17.030635148364393,33.21395474923885,1017.0810842672837,50.03362547540395,234.70511599225824,0.6505101178319368,9.7747729862791,9.143923751826758,-0.08962334811829512
2026-03-02 22:00:00,22,0,0.0,2.3486500070460727,221.24310543536004,0.0,3.522975010569109,62.38498106009948,63.854223014076794,0.0,12.522344024653131,14.200362225456693,38.80277318748483,1014.2445419587249,49.966768033951595,229.67119386909437,0.6483756893136321,10.228945359800212,9.696565660932661,-0.009091513540233919
2026-03-02 23:00:00,23,0,0.0,-1.675663697003314,205.31523061840662,0.0,-2.5134955455049712,28.686191980438288,27.80825499096296,0.0,10.110383936579904,14.567130652139687,37.629549747883914,1010.8175165394058,49.98470009220946,227.63591090752277,0.6229506089021936,9.306053565268968,10.694928506370113,-0.09595399108414945
2026-03-03 00:00:00,0,1,2.473375651380883,-0.5643144032124918,192.9001271398315,3.7100634770713246,-0.8464716048187377,45.156693329938065,46.1021935548793,24.733756513808828,8.679231477297662,9.9385561314521,54.02222583235732,1006.5133447992532,50.014706695847806,228.012499858902,0.6324166325142908,8.565920520310769,10.326675950416961,3.283208153224879
2026-03-03 01:00:00,1,1,0.3693987646088299,-0.09285129270901432,172.8954135902115,0.5540981469132449,-0.13927693906352148,50.75064726387102,47.570387779458144,3.693987646088299,5.704444223497998,9.080147938818879,45.44942886799727,1008.4596598030464,50.00247253337735,233.7166959299449,0.6438394347908983,10.23025811798393,11.50404140110874,6.33422522933604
2026-03-03 02:00:00,2,1,1.7032344041040828,-0.9780948628626089,172.74396197979624,2.554851606156124,-1.4671422942939134,40.91087745253496,41.261912470114346,17.03234404104083,11.39610503538403,7.971537652220318,50.33709085857191,1012.7634424796387,50.002471177952465,227.8760290194518,0.6472463584080884,10.206005966438607,9.506031195883413,5.588631860204561
2026-03-03 03:00:00,3,1,0.0,-0.4123968467796381,157.23720677117709,0.0,-0.6185952701694571,44.60661350391945,47.56597458338369,0.0,11.511061933427246,11.703282492584798,39.67028434049511,1020.3147099707746,50.05301212690417,230.57441832334644,0.6576435041637188,10.164496928093882,10.24539646292737,-2.4267830802030828
2026-03-03 04:00:00,4,1,0.0,-1.5880507112765792,160.8572028475084,0.0,-2.382076066914869,54.62909996270158,51.20736559022764,0.0,14.648800293540582,10.940661298922365,59.91969897897006,1011.9388646278661,50.042846152891144,230.6428619571265,0.6586466915910947,8.736525311759827,8.87664858651349,5.205827990797162
2026-03-03 05:00:00,5,1,3.5486447203956732,0.6639416597755412,145.28700988573627,5.32296708059351,0.9959124896633118,36.84636584765208,35.16529104302465,35.48644720395673,11.477328011374253,11.5436699252831,71.1343366091393,1013.190835529972,50.10818251121431,226.18605657063407,0.6592201631930901,9.984575095037355,10.005549385059686,4.1854285158843165
2026-03-03 06:00:00,6,1,3.1748503918977566,0.9500454078847049,151.11602683027957,4.762275587846635,1.4250681118270574,40.33550630751942,38.37831863465908,31.748503918977566,9.273623834025333,14.776972756333114,53.1949324578379,1007.1314183736362,50.069351068303945,226.50954608743726,0.6662403165751307,11.32342958376492,8.143923388163122,5.639634966416981
2026-03-03 07:00:00,7,1,11.67648664824948,10.928890430875292,143.01054897162018,17.51472997237422,16.393335646312938,47.40125291593611,50.854374056796814,116.7648664824948,14.371439071870473,15.973934224992103,58.881788472787555,1013.3223076981045,49.96829731102457,229.61593008403784,0.6703326791201563,9.993529119627585,8.8904666450517,3.1730069280663398
2026-03-03 08:00:00,8,1,4.301308670360731,7.357002556482731,145.16632824426347,6.451963005541097,11.035503834724096,30.59791236982535,31.83955534708245,43.013086703607314,12.398165740711192,19.878811130885634,43.30137632772137,1013.7875274705053,49.996064258439766,229.18669487323672,0.6810069828932307,10.164760617983944,10.162730003552857,-1.7328137717845755
2026-03-03 09:00:00,9,1,0.0,2.016479026650988,162.88017919732604,0.0,3.024718539976482,60.48422886074728,60.42183481200564,0.0,14.930648850180525,21.94963912501599,71.19961544065762,1014.5912826236286,49.95410605229511,227.5371111039695,0.6827625703951834,10.233631303465394,11.452031833786393,1.553827241053543
2026-03-03 10:00:00,10,1,2.5743813381709577,5.55135189712167,178.72030512598917,3.8615720072564366,8.327027845682505,67.39878895847127,63.93990826133222,25.74381338170958,11.293029740030338,26.504611082796963,71.34420091581586,1010.029307542002,50.05439423015211,231.15548623662175,0.6605084481897507,9.608531368528512,10.270892123466693,1.9489175426403467
2026-03-03 11:00:00,11,1,4.368096884645887,4.414558206547494,162.4118924073686,6.55214532696883,6.621837309821242,31.813819050464833,33.81023244887156,43.68096884645887,5.75997407983637,26.73300983365014,53.66859302822594,1018.7129562440141,50.03968177632266,230.38564256618287,0.6504914589225554,9.762529184495822,9.655453483906014,6.395379260900803
2026-03-03 12:00:00,12,1,0.0,-3.130898081811548,188.053481991308,0.0,-4.696347122717322,50.17865540557546,52.14468363620165,0.0,10.88370624477718,29.87753403447494,60.356561305049496,1013.1953257624267,49.94230131136626,229.363722772843,0.6368003746878075,10.742015307024365,9.61584992657708,3.02090968335893
2026-03-03 13:00:00,13,1,0.8023993159635759,1.2585142155504692,223.80340506743485,1.2035989739453639,1.8877713233257039,72.90955814357864,71.47978573526994,8.02399315963576,11.315834745622087,27.950892411385748,52.10134169250113,1026.7125885903804,49.99283021697726,228.55053896989756,0.6306716655073693,9.219388727754602,9.848747706059928,-2.111166912477092
2026-03-03 14:00:00,14,1,2.8732902936761624,-0.6290335377646463,244.89378298818417,4.309935440514243,-0.9435503066469695,49.9716828743215,52.7582358211155,28.732902936761626,15.436833891023293,30.79583424214439,54.40958994824604,1008.5328366185009,49.98512651537074,232.62145365143076,0.6347114682385261,9.177786473414844,9.188075159697128,5.010032908970872
2026-03-03 15:00:00,15,1,0.0,-1.6467704219136217,235.60345428480375,0.0,-2.4701556328704326,35.46674130709002,36.78092125083015,0.0,8.642538774994392,31.276683410172446,49.62341339063027,1008.0306136718323,50.01630542191983,232.50925396431427,0.6354356955436865,11.43686108020487,9.784386597917356,-2.0278947765450575
2026-03-03 16:00:00,16,1,2.8387227633877212,5.949444317063763,243.28149122689723,4.258084145081582,8.924166475595644,53.96924810242479,50.07178004645525,28.387227633877213,11.198790120900217,30.736489813110364,34.79973677881212,1014.1892035445684,49.99899882488218,227.6736132310761,0.6280135658403364,10.391621762485897,10.989337994716896,5.314350282784086
2026-03-03 17:00:00,17,1,0.0,-0.09984016224682768,243.64497452155942,0.0,-0.14976024337024152,52.400426308887,53.01647247204972,0.0,10.663554365096491,26.554107102084917,34.43833611552528,1019.9823600610466,49.9986962058052,230.00228090517643,0.6309963248785097,10.476704325364878,11.429917252633453,-9.183077773537079
2026-03-03 18:00:00,18,1,2.997446407345339,1.3150708744149244,237.34432065825564,4.496169611018008,1.9726063116223866,39.56789832392827,42.04512574225987,29.97446407345339,6.9945786156148415,25.54489151056065,46.880300397407,1020.3109067587409,50.01656076374954,228.679436949258,0.6485513109691725,9.586781794472781,9.372417849833008,-4.268085947056186
2026-03-03 19:00:00,19,1,6.4000121821169635,5.255966911458895,249.38935855639198,9.600018273175445,7.883950367188342,64.92058336580895,64.98720806083237,64.00012182116964,8.717553856845718,21.54363637167373,48.31540195034998,1016.5045168184885,50.104484326315,226.52947740222243,0.6390690209827624,8.129519845609977,11.972329768106277,2.0538373648180546
2026-03-03 20:00:00,20,1,4.679892249056948,7.66333649973976,261.1678017425296,7.019838373585422,11.49500474960964,55.462735332805586,54.444580398944524,46.79892249056948,10.260845430810331,20.859478717938487,64.3835122173521,1009.1362046434925,49.94810242900456,232.72473265514535,0.6481232141510267,10.970169589982083,9.865052925609364,4.40048273040971
2026-03-03 21:00:00,21,1,0.0,-1.807518431073487,245.42674160618927,0.0,-2.7112776466102306,51.51242502968726,54.17289658046749,0.0,12.83387854270715,18.52192111303709,41.64331578228051,1019.5489687313469,49.875958621552904,229.67707611423268,0.6580403137397177,10.230862715834556,9.574596797104364,4.702469435548109
2026-03-03 22:00:00,22,1,6.266028248042091,5.457074892653066,231.07341738977001,9.399042372063137,8.185612338979599,50.33762333339885,51.998392266050786,62.66028248042091,10.304456552984497,18.260142074897413,59.76468800627183,1003.2561256326677,50.04047174724635,229.97349518126293,0.6803106856742362,9.609496331114189,10.170598645263546,-0.835999802790731
2026-03-03 23:00:00,23,1,2.821698567732595,3.6886798498061277,204.92450160492314,4.232547851598893,5.533019774709191,43.188297928726755,46.91353408396373,28.21698567732595,9.570131883708722,13.923053938857667,48.99786807271247,1015.2272183081895,50.062552638148105,232.3774737201653,0.6820610435046663,9.995025451456689,9.809035802115126,-8.912950672473057
2026-03-04 00:00:00,0,2,9.36737389329447,10.085961402187548,189.85161562484544,14.051060839941705,15.128942103281322,39.82558996409179,35.19561440488563,93.6737389329447,11.450184488072491,13.052248014672458,35.945371762962836,1007.4300511830945,49.962455617738016,231.02070922338984,0.6974448822182931,9.758354444013142,12.076046192093841,2.8472506929813464
2026-03-04 01:00:00,1,2,0.0,-4.047113528057423,179.0743907446238,0.0,-6.070670292086135,49.27276885547698,49.5741632168481,0.0,9.57645190789068,11.64868858045574,70.23991647066998,1015.2132854818341,49.89994447506226,232.18932781312844,0.6946065495309972,10.069268344073778,8.826126982123776,0.39233325368690053
2026-03-04 02:00:00,2,2,0.11810389114971168,-1.358733391131942,159.15454379947573,0.17715583672456753,-2.038100086697913,54.31563024351914,56.252002635526416,1.1810389114971167,11.17904002188829,6.450409046351032,68.19701686221032,1009.2716745322763,49.99246024714148,229.85415128524477,0.6757078161231468,9.45536936067107,11.322820656912173,4.22866619989934
2026-03-04 03:00:00,3,2,0.0,-1.527630045721254,162.04651037974696,0.0,-2.291445068581881,54.12466046664268,53.633823351385885,0.0,10.134020454519373,8.57690617561465,68.97341479680625,1003.0297137738584,49.98943447910412,228.65675608780512,0.6524877982973597,10.510241419163757,9.629362495619105,-1.643627951629803
2026-03-04 04:00:00,4,2,0.0,-2.2835820845407935,157.1161100145558,0.0,-3.4253731268111904,56.318307415912194,58.62883628511231,0.0,12.071346132154495,8.832860196607893,51.47896913441011,1014.6262188869471,49.981307450244834,230.6327059725739,0.6450687898097704,10.173379412430135,9.210884433602883,-0.3607961810458202
2026-03-04 05:00:00,5,2,0.0,1.6304015075181166,143.54031774298394,0.0,2.445602261277175,45.95016815638443,49.097810197367394,0.0,6.377128038081023,14.049427953042317,54.52484061629968,1018.6097200520815,50.08061202069429,230.64982561607408,0.6413057609445325,9.914690773341189,10.659273449164468,-6.632208230364221
2026-03-04 06:00:00,6,2,2.9834961544327894,4.010358538588826,157.5167446110193,4.475244231649184,6.0155378078832396,51.253092399548244,54.92933622284816,29.834961544327893,9.866559501366066,19.08971766155535,39.00160872963242,1001.7817361254117,49.876661983695755,227.28610776540773,0.656117258216191,12.116549784687296,9.171019360822855,4.127947580805183
2026-03-04 07:00:00,7,2,0.0,0.6421418840545811,142.98734795427995,0.0,0.9632128260818715,53.67620076428765,57.323493183010605,0.0,12.250267076967246,19.14904772808329,19.749841825829535,1010.9849526656208,49.98183233159433,230.88071635073624,0.6394766760044295,10.527119021604943,7.8930928979901624,0.46505502564783485
2026-03-04 08:00:00,8,2,4.745017817441927,2.4414072072761086,160.85509793764493,7.117526726162891,3.6621108109141627,49.288833712534114,50.4278635414415,47.45017817441927,14.652209644894146,18.09657460346146,60.00955288496908,1006.4682194920811,50.02692615844696,228.79243875371765,0.6474251232745951,8.566558589987103,10.040707359974986,-6.233350219128406
2026-03-04 09:00:00,9,2,0.0,-2.4853757595839734,182.04195499614735,0.0,-3.72806363937596,56.8069326817695,55.39913088115262,0.0,11.509421939859303,21.69015097672221,49.49155310402311,1009.205038208489,49.99756764444072,231.03719040727668,0.6568928784312908,10.80721176357331,9.104462653037631,1.1567042924103719
2026-03-04 10:00:00,10,2,6.236935984894719,4.14742165485519,176.8380707222841,9.355403977342078,6.221132482282785,53.606456501941985,54.7441129032201,62.369359848947184,13.854554195181404,22.773721200631776,49.76533075993836,1014.8549849889304,50.02401515632287,227.5330010462942,0.6574435176512397,9.845758066247209,9.089366203519479,2.4891714722216447
2026-03-04 11:00:00,11,2,1.6137746805536695,4.917267412109496,181.20430284057338,2.420662020830504,7.3759011181642435,65.77049966430323,64.70459530707424,16.137746805536693,8.007470200525056,24.49852404622709,51.71675778279661,1015.7432968504645,49.959088212367305,233.24602506754553,0.6553496967148302,9.700002919563852,10.82078379316123,0.4850856098446896
2026-03-04 12:00:00,12,2,7.522079608825001,4.922310064781142,197.8763526389151,11.2831194132375,7.383465097171713,52.68349376420378,53.784164403325164,75.22079608825001,16.356351606989257,27.348532195405433,55.026003379071504,1008.5244424737557,50.056965832593214,229.8439473329717,0.6785186415414697,10.024054141956213,10.07094781466138,-0.7911338951042646
2026-03-04 13:00:00,13,2,0.0,-0.07244512123402776,207.44610788250495,0.0,-0.10866768185104164,64.21212650708324,65.06423885045994,0.0,7.463347296827184,29.295361983459163,48.776082718177456,1011.12863574288,49.99640033371767,230.90556482845795,0.677540332369819,9.319217511485576,9.985956943865208,1.3700817394471092
2026-03-04 14:00:00,14,2,0.2442837800578963,2.709045671310937,235.76263409861994,0.36642567008684446,4.063568506966406,44.3708861078752,46.203686033277435,2.442837800578963,12.539175366491495,30.55540602757134,72.7218300824183,1021.2590124574763,49.970212800102125,226.38613876704483,0.6846202375138153,11.010754779399567,9.59470159599701,8.56484139774733
2026-03-04 15:00:00,15,2,0.0,-0.2961024246876885,226.02038207243456,0.0,-0.44415363703153277,62.547656167536225,63.28391665602078,0.0,12.67563857576189,27.95842289663879,61.99322698234642,1021.1372099288127,49.97705336910443,230.6768274356692,0.6855546779705074,10.271987368877157,9.795474020329388,-0.4721493573093909
2026-03-04 16:00:00,16,2,5.089973137116288,5.461921322375757,249.32820831370375,7.634959705674431,8.192881983563634,46.61814582820549,48.80378244444064,50.89973137116288,10.866322974488202,26.989820179343685,35.28919262603397,1013.4257578389571,50.02475152462841,229.302004936796,0.7007324862820801,10.286741427151883,9.472775708889754,4.061817111159906
2026-03-04 17:00:00,17,2,0.0,3.0852144023499606,255.06946231492452,0.0,4.627821603524941,51.920277739709654,50.73862929108907,0.0,8.937505062624975,29.374342686740526,39.81804295337067,1011.3792650777235,50.07589850216593,225.7396472846335,0.692977169363568,10.81875318631797,8.071255758976129,3.7793887506187236
2026-03-04 18:00:00,18,2,0.0,-0.7823434746412286,258.39879174473646,0.0,-1.1735152119618428,40.826345749882215,41.83777326495693,0.0,9.872411099051705,25.425529851870056,51.317495782325345,1013.5679183412904,50.022756060705376,229.91345253263486,0.6835448562735583,9.465598843661146,9.25407483138141,-10.252591716720616
2026-03-04 19:00:00,19,2,5.000288983567818,7.646546205745558,245.29465628360367,7.500433475351727,11.469819308618337,51.01997430956016,51.039959300323126,50.002889835678175,11.88009625485234,20.76946551529421,50.19215276193466,1013.4068013308755,49.94285735269724,233.6197607434733,0.680598264481461,9.476210248481825,8.744172198516543,-0.5152243357723408
2026-03-04 20:00:00,20,2,2.99133693955667,-0.4171859364843633,235.47951201123382,4.487005409335005,-0.625778904726545,39.62453315917523,37.41883833657265,29.913369395566697,9.169839801778659,18.841849956762026,73.04768352364158,1010.9972295856537,50.00339896584554,232.51116022263705,0.6918823382761603,8.732656328976931,11.094811265207099,-4.316442895523037
2026-03-04 21:00:00,21,2,4.122049355859566,5.792203439574108,228.16771194737862,6.1830740337893495,8.688305159361162,34.11637977575218,37.4209210032909,41.22049355859566,11.43393886321691,17.74571748089356,43.16651659281878,1009.9557726272145,49.916208176485945,232.79744520154063,0.6671050342322936,10.589704341531844,9.293096911790794,5.0623030080693265
2026-03-04 22:00:00,22,2,0.0,0.8094528439464757,237.48586560824745,0.0,1.2141792659197135,38.12044207919982,39.7039545930358,0.0,8.118889610693925,20.285963954845613,51.962956559410515,1018.0918963400519,50.03859441107152,229.35760310969687,0.6639968530521645,11.111228264820319,11.104045381433762,-4.446275195299733
2026-03-04 23:00:00,23,2,0.0,0.8554987126352758,221.05994081441767,0.0,1.2832480689529135,38.127572042472124,36.00356166573113,0.0,10.394947436129835,12.246041763931222,43.95145731214587,1014.1279117222207,49.94539274987787,230.35958107727714,0.6658039393067225,9.663669362834396,10.11187395920032,5.507943620238497
2026-03-05 00:00:00,0,3,0.0,-1.8656483384859408,191.29803365933182,0.0,-2.798472507728911,50.498033182345466,51.24474332574371,0.0,7.011446700328384,11.37548820728574,55.45812948358951,1020.7912796270464,49.92619758516562,228.76584201465226,0.6522405821091358,11.03677606110745,10.586428895769135,3.9759081786521255
2026-03-05 01:00:00,1,3,0.0,4.779441245758066,180.06955171646226,0.0,7.169161868637099,39.35246232368079,39.5979269326223,0.0,8.304635106295235,11.8939651727225,52.86195890427354,1007.2062912347726,50.01684896877295,232.34803588660918,0.655829039602729,9.15122514700648,10.315269299852895,-6.974184613020648
2026-03-05 02:00:00,2,3,1.6146126433327672,-0.8168245939125192,189.17401820218427,2.4219189649991506,-1.2252368908687787,40.410820835804856,38.92909767103995,16.146126433327673,10.614765301499645,12.494804107780679,40.60883095254096,1009.2439547133746,50.054339807914175,233.20146212618118,0.6616648210614008,9.976466519498478,10.615777560593182,3.5359499589047836
2026-03-05 03:00:00,3,3,3.091310121484096,5.7209239798721345,170.83070407156907,4.636965182226144,8.581385969808203,49.29755455316806,51.186494492081195,30.91310121484096,8.0384659537831,14.533136538201731,55.931887082838585,1024.004430870805,50.059874240250245,227.80869154153166,0.6799756879229741,7.106984983968518,9.292899771934792,-0.4162458571148097
2026-03-05 04:00:00,4,3,2.376050871715006,3.8686057418232953,151.63846104329266,3.5640763075725093,5.802908612734943,49.680402386088204,50.41726381516153,23.76050871715006,9.968142583370192,12.441402416833018,71.62017707427901,998.6687662461013,50.02166880971116,232.60981417134528,0.6907093840875075,9.49307872788447,8.932682303986422,1.0037139994868878
2026-03-05 05:00:00,5,3,0.0,0.034528343468838284,145.8759040258889,0.0,0.05179251520325742,48.5906747581952,45.65948898119379,0.0,8.55983130207146,14.759225265194871,48.955298130182754,1009.47370647301,49.97731509136421,228.08554655505534,0.6792592629855443,8.706592966545678,10.293721830752025,-2.4913599864079163
2026-03-05 06:00:00,6,3,0.0,-1.1494555189594426,152.9094997880222,0.0,-1.724183278439164,41.510357148488865,42.21764588324958,0.0,7.209628232563999,17.57667460883271,56.52557649157389,1021.8713369478672,50.09105549268263,228.50707976493436,0.662519176298779,8.497700457821043,10.514028155141926,-5.7057612393290045
2026-03-05 07:00:00,7,3,0.0,1.0068310520071875,152.76007168323372,0.0,1.5102465780107812,64.53714796899317,66.0246399124907,0.0,7.992108252732,20.01191231996508,60.998310672486085,1013.3190450522653,50.02865349160149,232.9545868259474,0.6607599273770947,10.030232529355857,8.577037531417346,0.436351263656857
2026-03-05 08:00:00,8,3,6.972217563383654,8.189530538899383,160.93089001574938,10.45832634507548,12.284295808349075,57.37639311214844,57.62073977774727,69.72217563383654,12.258369588832165,21.580445142891552,56.32662456060788,1010.4389579455129,50.079805924214845,230.26810686797276,0.6671635589320811,8.762539103105082,9.251026726060507,4.054113115156801
2026-03-05 09:00:00,9,3,0.0,-2.454592598793131,173.20728130634677,0.0,-3.6818888981896967,65.6924214879206,64.94292539259393,0.0,13.144672639211322,25.451219540671545,49.346140498634135,1013.5860471963307,49.96648438403432,232.17583566343217,0.6738268175793033,8.204928195300727,10.510981494395692,8.023918469112669
2026-03-05 10:00:00,10,3,0.0,0.9528993366986549,190.8945166230327,0.0,1.4293490050479822,35.694049341422655,35.28386123308252,0.0,11.855234146498686,24.435595089706215,53.11409455476907,1015.2907793495602,50.02108625406358,229.569665322958,0.6738928676702739,12.183354400795615,8.222855616279853,2.7303153831269893
2026-03-05 11:00:00,11,3,4.809963782905561,4.085961027260451,183.59738118234216,7.214945674358341,6.128941540890676,55.80503573021669,54.66957267281799,48.09963782905561,7.751792146219,29.13081433063509,43.422897000247325,1016.0749519522092,50.024889656656526,231.81120073492846,0.6760234010423535,10.548022051226287,9.029121266374025,-0.029809623092350572
2026-03-05 12:00:00,12,3,0.7104167167098515,-1.525644287762859,205.43332375680183,1.0656250750647773,-2.288466431644289,29.475279072430965,31.17664489943291,7.104167167098515,8.284869084244475,26.840900436487924,64.24095396849685,1020.4945792497812,49.99010349577645,230.07656168565487,0.6862568972972047,9.014619624675989,9.684150452877281,4.128634153903582
2026-03-05 13:00:00,13,3,4.446178468845511,4.002160322838691,207.0906419096179,6.669267703268266,6.003240484258036,37.233059809824965,37.81220780234708,44.461784688455104,9.43069012326097,30.9309731871448,55.14077582142117,1019.1994709054264,50.01839294766167,230.77370600409452,0.6992617739075656,8.928600533506987,10.691068993037328,-2.719463491948501
2026-03-05 14:00:00,14,3,0.0,2.5528365677219815,218.63743168102647,0.0,3.8292548515829723,58.432237116696186,57.393326130784054,0.0,5.4195688769647115,29.468267036303885,56.76072748011337,1014.8826066812686,50.044297134122445,232.0052263394309,0.7067960633250555,9.597929263881339,10.675406996571253,4.281284312094605
2026-03-05 15:00:00,15,3,0.0,-3.2185279268376377,241.88414899534467,0.0,-4.8277918902564565,53.86598122154804,51.440570113436905,0.0,8.998491095933096,30.253640891097568,43.19876191012432,1012.765695101971,50.04659446339804,226.22272961707296,0.6984077070883823,11.983968532956064,9.683496056058043,-1.7532307918180967
2026-03-05 16:00:00,16,3,0.0,-1.972099646371073,243.1531492307588,0.0,-2.9581494695566093,32.613066816313975,32.6592305857532,0.0,10.16846765004296,33.719210875483334,59.04227575084857,1016.1220847003791,50.02388412226308,230.94458399939714,0.6858709598521582,10.655189840669685,10.277358108647073,-0.8201051120521031
2026-03-05 17:00:00,17,3,0.0,1.9806265696916343,248.2582419015369,0.0,2.9709398545374515,52.84542049195364,51.312869269153175,0.0,7.156605261514096,26.02821873679261,49.71383105127422,1011.964546077058,49.966963426114425,230.3522872109635,0.6781174332897393,10.606626804286892,12.409197652590104,13.960572037311271
2026-03-05 18:00:00,18,3,4.0248659094249035,4.608012166755396,258.203417512445,6.037298864137355,6.912018250133094,46.56095114366552,46.99309155469708,40.248659094249035,10.670821807167867,27.425266431586667,47.6884996193768,1010.1946366674042,49.95283724213269,228.03059568671037,0.6774045842514396,8.896054076123827,9.519747764069937,-3.347208861938729
2026-03-05 19:00:00,19,3,2.3178560522617713,2.0448020297813625,246.13653437869408,3.476784078392657,3.067203044672044,39.11669027722073,37.250844837781315,23.178560522617712,10.608388932457052,24.050122254117216,53.01885222389289,999.6621135401638,49.94371546452967,230.034852665068,0.6804875431232732,11.584252528886873,9.731930945190056,-6.763338197557875
2026-03-05 20:00:00,20,3,2.745726689855082,0.930593985489832,252.7070094027584,4.118590034782622,1.395890978234748,62.99536968265005,62.844868928479755,27.45726689855082,8.687119269510037,22.457982729369956,57.46728545718865,1008.8985772334272,49.91451507059707,232.04848232997801,0.6816790111755336,10.719801343352659,11.51330672245193,-0.926403367080063
2026-03-05 21:00:00,21,3,0.0,-0.6370428982412017,237.217843985348,0.0,-0.9555643473618026,42.97100802854845,44.30258145041748,0.0,8.872831549411357,14.655550167801772,57.71326512097153,1008.5714074817434,49.999931823224536,230.7985387254115,0.696685455061193,8.461016116742693,11.146290312336541,-7.074245584806489
2026-03-05 22:00:00,22,3,10.734860997969434,11.175061361404714,220.62451174063258,16.10229149695415,16.76259204210707,58.76005851230222,56.29259437235164,107.34860997969434,7.686895756864233,12.08215361061183,56.33849515183522,1014.2606603162884,49.93053255619958,232.05941204617673,0.6936344143388535,8.603063300195528,9.774330999400798,-6.082659169574875
2026-03-05 23:00:00,23,3,0.3152028124736236,1.5284714662754002,191.06289703789233,0.4728042187104354,2.2927071994131003,50.3361902045936,49.37592640732509,3.152028124736236,13.82396132246662,14.032625374590038,51.40693240875161,1016.36303712952,50.010538624934604,230.07786458501033,0.6910057315485796,10.36454114737856,7.523928061180727,-5.978390031910781
2026-03-06 00:00:00,0,4,7.744616488074455,8.01841261308694,198.5946769227464,11.616924732111682,12.027618919630411,62.87544181973541,66.6903325627882,77.44616488074455,14.195893840502226,16.18319780761379,61.45126400771678,1011.7548711682986,49.9898001721044,231.9218350603073,0.6837093326067211,11.082122974108717,9.243061833248028,2.8659598702478357
2026-03-06 01:00:00,1,4,10.911112673861819,14.502668477424434,176.87793017103422,16.366669010792727,21.75400271613665,40.417568978830126,38.030238952872345,109.1111267386182,10.621744383138383,10.444443828234505,39.88076638243111,1018.2990568517342,49.95155455639086,231.2697365343606,0.6928050030199707,10.179762977757681,10.763273025060334,3.24536172796357
2026-03-06 02:00:00,2,4,6.338005971087563,6.401534018934488,169.03930689035434,9.507008956631346,9.602301028401731,60.25459763512668,60.858083551378876,63.38005971087563,10.065917151302353,7.432345002740371,48.630610877595274,1016.3404027993105,50.005912586596885,234.106921535145,0.687778609576296,8.242803359664546,12.593075469040581,0.4028857940680935
2026-03-06 03:00:00,3,4,11.054840908299727,13.437553549711474,144.30509190518384,16.582261362449593,20.15633032456721,58.473875150561746,54.561066395095324,110.54840908299727,7.7709246586978455,11.430739602584946,50.46164965099907,1011.2226905913451,50.02474775397171,228.88779729950178,0.6930963464926366,8.349315806018573,9.019729652992456,-3.158419567260145
2026-03-06 04:00:00,4,4,0.0,-1.6429658138672616,155.45630800575196,0.0,-2.4644487208008923,54.56158506286344,53.413149168364576,0.0,8.773332623766152,10.423239784442819,34.34281977875258,1015.4280274951551,49.98267268498785,232.36338021489334,0.7034330265670907,11.533315419733343,9.240237351740033,-8.787754874704785
2026-03-06 05:00:00,5,4,0.0,3.775727827295267,133.88076176922155,0.0,5.6635917409429,56.55339886352673,59.41208039088916,0.0,12.245290091893548,9.75494192975867,57.05671939431307,1019.2792288049562,50.09493407816025,231.05291164099424,0.6890589588251441,10.987427901902526,8.731028681851353,0.5987506756169064
2026-03-06 06:00:00,6,4,0.0,-2.406484526082625,158.8101909442272,0.0,-3.609726789123937,23.656604846655448,24.944713994921525,0.0,14.244573771142916,15.046101110392062,33.47271963802319,1013.9535313668613,49.9303014268797,230.65443098163996,0.7020720042038384,10.705171936194333,10.177735009632496,-2.010889734398276
2026-03-06 07:00:00,7,4,1.3061756800376607,-0.4456582292065212,162.22796461617,1.9592635200564912,-0.6684873438097818,82.3789673416841,85.47679883707568,13.061756800376607,12.888753404325708,18.933355130808007,37.82110873901915,1010.7427231092022,50.015273375200735,231.1517654666361,0.6948698016476533,8.768589448980634,9.325114033249468,5.503559515272292
2026-03-06 08:00:00,8,4,0.0,-0.4092462876711389,171.0641998119954,0.0,-0.6138694315067084,46.587886320133165,42.16590978385685,0.0,8.525790000310025,21.250738231518785,49.95880004169682,1007.3661864976164,49.88455237724906,231.51170848887602,0.7145610031416346,9.671011471920453,10.120587617304535,-3.631429134949919
2026-03-06 09:00:00,9,4,0.0,-2.706502963297869,174.70572553608963,0.0,-4.059754444946804,32.777320114981976,33.12815086530943,0.0,12.438783067463229,23.220848397858944,67.09480839297893,1016.6048159150373,49.966852918712306,228.85200278670348,0.6947595982362611,7.2589863779187365,7.7864944179021744,-5.725054469211944
2026-03-06 10:00:00,10,4,0.0,-1.4628862475519187,170.3444287314001,0.0,-2.194329371327878,46.90785997206293,47.39904988367596,0.0,4.114820571448591,25.96455645696295,51.637783624451245,1017.5256149671927,50.06247651062507,228.92548530425992,0.6897378258616396,10.450074727425745,8.555798655020096,2.0577309607206242
2026-03-06 11:00:00,11,4,0.0,4.377897319802126,200.21005064417162,0.0,6.566845979703189,56.04061016435124,55.27397510018167,0.0,7.420410852266734,28.17672309621594,53.57248322074213,1011.953464566057,49.9352653508692,226.04808214799357,0.6772265225062589,9.944972501548618,10.927832600133998,6.097114613706309
2026-03-06 12:00:00,12,4,0.0,1.1024263421904705,193.59863665902316,0.0,1.6536395132857058,40.945806395995945,40.212427929541214,0.0,7.699050071181718,28.318053334800403,51.11001833158539,1014.8720675675421,49.9734823528265,229.30174022238418,0.6679839649699837,9.711813824464127,10.055061833118316,1.4791523830042261
2026-03-06 13:00:00,13,4,2.1500076869656275,2.7788302815030743,213.72730809649062,3.225011530448441,4.1682454222546115,58.43850886849398,58.867525346556285,21.500076869656276,10.514572424131508,28.728488608045527,55.52515920014014,1013.9712024556616,49.960229637309396,228.3609108221818,0.6762924829830892,10.538184857743326,10.81700833766953,7.610342280339354
2026-03-06 14:00:00,14,4,2.3818656366698914,-1.367481972775753,230.34310277161347,3.572798455004837,-2.0512229591636295,44.36530287200473,46.01567093306886,23.818656366698914,12.242485550856044,30.991527984808265,55.52349549576767,1009.766968637813,50.00235699936009,230.67862365019522,0.6697901116546717,9.969867250402293,9.944857098863011,-10.925745236038226
2026-03-06 15:00:00,15,4,1.3644227965502567,-0.026118410646535528,222.2676149710162,2.0466341948253852,-0.03917761596980329,49.125060381092155,49.257491792322554,13.644227965502566,13.209816349631136,27.74289714629822,38.518119947943575,1009.691868678601,49.95608602215843,228.92333642371244,0.6799064695170548,9.603247843433158,9.135182102309539,4.209944248756039
2026-03-06 16:00:00,16,4,0.0,0.7071701140244565,233.7798155300444,0.0,1.0607551710366847,29.297536737272758,25.12123901479079,0.0,12.590134127995904,30.949105474930153,46.54133917302918,1006.7279561002861,50.01264366893503,229.29560852309268,0.6812835398923083,10.302856126564015,10.491385747637462,-1.2783753790217947
2026-03-06 17:00:00,17,4,0.0,-0.6602824887872479,245.83848569518935,0.0,-0.9904237331808718,40.211658953022656,40.6797748089366,0.0,8.732695388033406,28.762535245544356,54.02300830522432,1018.101541143873,49.972647690573815,231.34015996123154,0.6884044621207608,10.75358558354675,8.739206924587029,0.021555919686478138
2026-03-06 18:00:00,18,4,0.0,-1.4859485777743697,240.00348590251514,0.0,-2.228922866661555,59.97560783618565,59.02159694520623,0.0,8.893812846265398,27.356795521489126,59.000012721941765,1016.0149819542338,49.9419567384033,232.2697580171238,0.6951010937335823,9.901994177244392,11.495144478339675,-2.9956843914129316
2026-03-06 19:00:00,19,4,7.272350323853405,7.673264379489491,247.29573763009475,10.908525485780107,11.509896569234236,51.88589530977752,53.0238239257022,72.72350323853405,8.68523907734167,25.244269849148964,38.76023153410752,1017.2803350427415,49.967524561682275,232.37053037453967,0.7080414183729762,9.489004233930551,10.235639551074462,5.189167920609153
2026-03-06 20:00:00,20,4,4.923126773817124,4.884060033627255,229.75728254976448,7.384690160725686,7.326090050440882,50.28819726990984,51.73035923050028,49.23126773817124,7.970391886177508,18.83563279533288,54.75676642972116,1011.0578013918907,49.99197443588631,230.12191641219007,0.7176759897994023,10.669312579595825,9.196052378229119,1.354804004422009
2026-03-06 21:00:00,21,4,0.0,4.652499212569929,237.66647203901465,0.0,6.9787488188548945,49.11719059508938,49.78947564914575,0.0,9.745044836137126,16.092746603546594,50.951504559252875,1012.8000712735508,49.933625469522504,231.43634448539484,0.7183803407551977,10.068742497194028,10.546489632456572,-1.3799192962418447
2026-03-06 22:00:00,22,4,11.324654144788031,11.371888718307746,221.25335465503125,16.98698121718205,17.05783307746162,54.48213942872601,58.51242846624819,113.2465414478803,11.270239363965391,14.42349758574404,57.16797082311584,1010.0365015057475,49.92981694291833,232.8524297472456,0.7269065755578734,9.370958456512898,10.289107407685302,-6.065294724361511
2026-03-06 23:00:00,23,4,4.378049819404962,6.696926478304578,207.8405363851752,6.567074729107444,10.045389717456867,50.13605087839002,47.72542156316304,43.78049819404963,9.039751694679785,14.160615665146123,45.43734682495545,1009.812094987966,49.993157181403404,232.48859615077836,0.723790484722955,10.447410316088025,11.464397403772487,-2.9341139008627604
2026-03-07 00:00:00,0,5,0.0,-1.4165523456097584,207.65874047065,0.0,-2.1248285184146374,62.94503847225646,65.85987298042794,0.0,9.729666279156133,13.03287916145555,64.20891611371923,1013.7298096391871,49.940052577955264,230.1773638833548,0.7393306765232935,8.5778603723875,11.307189643755724,0.9473873680978531
2026-03-07 01:00:00,1,5,0.0,-1.869276902194569,181.83292132986458,0.0,-2.8039153532918535,51.76806560831877,51.618450180669534,0.0,12.931046655470396,10.404137558493389,47.73282520772849,1012.0297568456739,49.976428577593985,230.6332569438489,0.7311074723233624,9.916857305400061,10.072741904887609,3.317180373367811
2026-03-07 02:00:00,2,5,0.0,-1.057018216099607,149.82914315114772,0.0,-1.5855273241494108,41.82085426329576,43.35545679324385,0.0,10.769676019213545,9.047577431546232,54.16436170019703,1014.1911745888458,49.96310361899701,232.05145482538273,0.721444686043113,11.809813488188563,9.81906446599872,-2.1896367731933446
2026-03-07 03:00:00,3,5,5.919200567801085,3.3923346249693895,152.5026801042763,8.878800851701628,5.088501937454084,39.37050542914703,39.2809569497583,59.19200567801085,10.625386698612791,13.296949503987278,44.751635827096266,1015.0998593597046,49.98971760859565,232.47728525130836,0.7174206171667193,9.43206537350428,11.07167413277894,-4.490077450690367
2026-03-07 04:00:00,4,5,6.928761144507147,6.718147949587828,147.4747382247606,10.39314171676072,10.077221924381742,43.61709061865393,45.449690544288295,69.28761144507148,8.7441123009041,11.64110851909398,51.001756903372716,1019.731564176701,50.021144268599016,229.05355345268146,0.7263074820572257,12.163460647057622,8.88535367177845,0.7828398501315175
2026-03-07 05:00:00,5,5,8.713052755246755,7.530051971872911,155.5007339222329,13.069579132870132,11.295077957809367,54.54517772161048,57.175070636600296,87.13052755246756,8.699456211245703,13.131889764086523,58.80758638698938,1011.7357294251301,49.9268597049257,228.50165808344525,0.7190059548311996,8.884748712463681,9.82233746437932,-7.166867406853532
2026-03-07 06:00:00,6,5,3.3020156935577107,6.331017999174322,152.52783458676163,4.9530235403365666,9.496526998761484,52.757626618912276,53.11836677404268,33.020156935577106,9.48472471566051,14.310691293409663,68.08643690586953,1006.8215125990148,50.04133812711898,229.9606421706472,0.7028010085077557,9.560510673360659,10.253611733895697,2.3939858555647735
2026-03-07 07:00:00,7,5,0.0,-0.11361512844325289,157.7506446866222,0.0,-0.17042269266487933,52.178325115758106,54.542962981105156,0.0,8.718787149169929,18.444480605429753,42.349684589668,1011.6276957522716,49.9768889743561,230.26667395608524,0.726411409462178,10.129669402645304,11.909602765859681,-1.2554746008819402
2026-03-07 08:00:00,8,5,3.7138639620944023,5.30760443928099,145.33028668653745,5.570795943141603,7.961406658921485,61.25359914518425,65.17496688975315,37.13863962094402,13.142667441424603,19.41385771393092,52.564308136058024,1019.5697311824704,49.956868027171296,229.8214240100892,0.731289206862697,9.528662310348004,9.657333128408572,-2.9867553841254457
2026-03-07 09:00:00,9,5,8.287749167582756,9.51195666667276,174.71504426714765,12.431623751374135,14.267935000009139,61.696253650274436,63.16997723919755,82.87749167582757,11.551950804678636,21.94161890477827,42.26410479772597,1017.8175136280258,50.05925927210418,231.54285869783573,0.7194133866230441,9.536646040803582,9.948921782046433,3.785621421415702
2026-03-07 10:00:00,10,5,10.640610475830213,6.949936452786116,168.52164795232738,15.960915713745319,10.424904679179175,56.05502866774671,55.941592601970136,106.40610475830213,8.351423985681166,24.37175834738051,39.05891720488774,1025.339468307364,50.01613027421941,228.80533175611558,0.7225407302090351,10.072708091106055,9.924670108264145,-1.3288034908966349
2026-03-07 11:00:00,11,5,0.0,1.9143455416254422,195.13782295874913,0.0,2.8715183124381634,58.687257084225614,61.1048542489023,0.0,10.96364299600642,28.267216696465,51.153083280242086,1004.1447845301903,49.958179949632935,229.7185322625906,0.7212840024865841,9.328688438055785,10.66568589426907,-3.859024388630611
2026-03-07 12:00:00,12,5,4.129568509841886,-1.3346371916832336,202.28356127251257,6.194352764762829,-2.0019557875248504,62.166907780023145,64.20022913613445,41.29568509841886,13.78363214278874,32.44372144709162,54.43675751631882,1021.6418315328584,50.050309613908155,230.05283233741628,0.7306111645801033,10.480187409928519,9.465634167211354,8.138398192781239
2026-03-07 13:00:00,13,5,0.0,3.393132143058104,221.6649379942858,0.0,5.089698214587156,42.812860704188964,43.41550381224416,0.0,10.79961057756813,28.086902949423415,44.4525348206242,1013.1143761422359,49.99253398246376,226.14230704904375,0.7459127954002918,8.603420434659084,8.86483365537803,-4.8426152178691675
2026-03-07 14:00:00,14,5,2.5929269123437115,0.9570064465748809,216.63341749671523,3.889390368515567,1.4355096698623213,55.2837989785081,55.67218831829004,25.929269123437116,12.253420892009164,28.592284066140078,50.116735261101894,1003.3764717262447,50.027860381751005,232.85262587207148,0.759256559246511,10.139735649961727,8.005657001115827,4.50875930995684
2026-03-07 15:00:00,15,5,0.0,0.9026516204280438,226.79964048598788,0.0,1.3539774306420658,52.67381363380778,52.690718755406586,0.0,13.26620459627451,31.45832648599333,50.70511652315654,1018.120830019387,50.032713319467526,229.92696439705648,0.7706485142661852,10.205918891226418,9.539294766955386,-2.413462429741306
2026-03-07 16:00:00,16,5,2.752671612860665,3.90366180383894,213.56914210594658,4.129007419290998,5.85549270575841,37.13846538521005,35.20785915983244,27.52671612860665,13.130504707354353,28.95941648767945,52.61399834886582,1016.8913139356074,50.0129927472416,230.04150073783654,0.7844797485402414,9.419744795365547,10.480447324769594,-2.837497642580393
2026-03-07 17:00:00,17,5,9.196385998757409,10.736160389483102,243.26976856870755,13.794578998136114,16.10424058422465,39.19756710692152,37.694797533912464,91.96385998757408,6.26206517363736,26.084030587292673,50.80078848036519,1018.0731069677717,50.01288560419011,228.98354177328292,0.8010952096043209,10.143984062583343,9.836809179260138,3.6761676393330407
2026-03-07 18:00:00,18,5,9.158359514251165,10.417682221274394,234.98966407920813,13.737539271376747,15.62652333191159,57.568342365531436,59.58894430855176,91.58359514251165,9.947346826885182,26.69923656613384,50.87041703527974,1018.3802814948593,49.95332183176777,230.46964774169192,0.7971708264663665,10.344269407357817,11.461985821298594,4.962727140663832
2026-03-07 19:00:00,19,5,0.0,0.09247578472280558,241.93907800601,0.0,0.13871367708420837,60.062907166763594,58.085022833955264,0.0,14.32936266978857,21.310242532373074,39.45564412768502,1010.9634507018781,49.95286217865287,232.28551516519826,0.7919058229289004,9.598157967319244,8.222798071006913,-5.73781676283798
2026-03-07 20:00:00,20,5,0.0,0.10401532943973145,239.18406886809336,0.0,0.15602299415959717,46.20488311308927,45.68515788515289,0.0,9.954811553939125,19.14701143215017,62.02805372165,1011.9528251406036,49.98943553966062,224.0602351643206,0.7840776711982865,9.947174888368338,11.547104501014019,-4.579280539932221
2026-03-07 21:00:00,21,5,3.6309008665033122,5.453833486570548,254.40214519309723,5.446351299754968,8.180750229855821,48.871206155278095,45.099343252540905,36.30900866503312,4.797604284435742,16.405326845150046,59.120036291690894,1018.1736843968156,49.84983582275386,230.41162123946538,0.7845819778480927,10.545605064213156,12.0306401196,-4.54956557095042
2026-03-07 22:00:00,22,5,0.0,-1.7661472994370657,249.52659646863495,0.0,-2.6492209491555987,42.121205441551474,46.604285398735,0.0,9.729006847076597,13.02504229842712,48.29845208235758,1014.3288391109851,49.95391941074013,229.84197487663968,0.775844539092319,11.464329325886839,7.825353950826797,3.1256904801501673
2026-03-07 23:00:00,23,5,2.745656326770387,5.154735007240175,214.43246870004376,4.118484490155581,7.732102510860263,49.34343913306814,51.628509493849904,27.45656326770387,12.992122743100666,13.172377015624239,46.405064584901865,1015.4611549484842,49.979014912435304,228.92820385675128,0.7616583578059157,10.16409147524038,9.593905431928633,1.270688461048157
2026-03-08 00:00:00,0,6,10.250522336712143,8.559913669344802,204.06020937300713,15.375783505068213,12.839870504017203,47.29845893249054,45.75266071421359,102.50522336712143,6.389688214475509,11.489378931686145,55.2498383938815,1010.1968700813206,49.984792424052124,232.0817121393205,0.7511239955282483,10.286258640547741,10.332957602220823,-5.600549056244024
2026-03-08 01:00:00,1,6,7.92547902827478,5.604515019061271,191.33787514141832,11.88821854241217,8.406772528591906,60.05596867196279,63.32832013630441,79.2547902827478,10.484370088279123,9.33145974603845,30.073974381582463,1013.5543320042738,50.03371483126033,231.53195092227037,0.7334910501177732,8.642291395084495,10.317500562379454,5.728550271150265
2026-03-08 02:00:00,2,6,1.2310732196434346,1.3020378996216355,176.1928816699211,1.846609829465152,1.9530568494324534,53.42023124200065,53.79525347127187,12.310732196434346,7.115966982774195,11.776873954459631,41.07194453238577,1011.4320365409271,50.05828544816702,230.14350934726033,0.7257123594648397,11.69907385724381,10.114239034160956,-8.938439689069236
2026-03-08 03:00:00,3,6,9.895066105940176,13.992487354919362,161.27712775403842,14.842599158910264,20.988731032379043,57.15526579032973,59.1352940863717,98.95066105940175,10.464595432262882,8.102619725312685,39.89253600482864,1019.5932752121414,50.04850211940788,228.8989904678723,0.7332622803020842,10.723713636791642,9.670326913418448,6.705798607400839
2026-03-08 04:00:00,4,6,0.0,1.784918459230964,171.33747845213838,0.0,2.677377688846446,29.674720170876864,26.813519058479965,0.0,12.866147571303713,12.159472115149498,59.63195599184869,1012.7848823245398,50.06733250773929,228.67502217924542,0.7289740523716781,9.228368684456443,9.45666371425037,6.1058884058618705
2026-03-08 05:00:00,5,6,0.0,-1.201373758135749,147.11906327480673,0.0,-1.8020606372036236,48.88805802531807,44.62762514943196,0.0,9.776986574685969,12.4348974901521,63.61884841894389,1011.1590149733842,49.97412791953519,229.1255865982876,0.7315126225777082,10.075643872739558,9.541575838198975,1.8896463142596556
2026-03-08 06:00:00,6,6,0.0,-0.841760689261764,159.3539046976127,0.0,-1.262641033892646,55.57729671004701,58.88623664065971,0.0,8.030509820009044,17.130960534653987,55.75097429088032,1012.4906303871614,49.99172368084187,229.63546872603246,0.7177264100649624,11.221692609552711,10.391523316948575,3.736203795405142
2026-03-08 07:00:00,7,6,0.0,1.2339698216024195,161.94738638576482,0.0,1.8509547324036293,67.08353312128622,69.31011937460329,0.0,6.845941430297582,16.432442765273283,46.571890900352415,1017.8253528370457,50.04742451987594,228.4457019335023,0.7128385077273748,8.997207140723873,9.678613499306202,3.64725302956667
2026-03-08 08:00:00,8,6,0.0,-0.8668550646545691,163.40363622858422,0.0,-1.3002825969818537,57.193358992282896,59.12025586162405,0.0,14.56855066633404,21.340692540361882,55.54000441743266,1003.0261283484424,50.017164412985565,232.00681755806795,0.7137377380318509,10.555314712594873,10.66355618774238,1.1978802789712257
2026-03-08 09:00:00,9,6,0.0,1.3268840529624235,174.73218803068124,0.0,1.9903260794436353,56.446976226462056,55.26207997536064,0.0,10.873227593404737,22.56980258334053,48.16169337593392,1009.9256067604094,50.046508055525976,229.59459764423477,0.7143577146784688,7.840621457643081,10.380466539635261,-4.716451822687724
2026-03-08 10:00:00,10,6,0.0,1.4194285475785622,169.34674785795272,0.0,2.1291428213678434,41.70948944302899,40.66154685572316,0.0,9.54530349141934,25.890126369302696,52.60824949452076,1009.2392788879179,50.003534437534,224.54447442333085,0.7091695551056859,10.699430127468348,8.726599841986427,-6.778609257006879
2026-03-08 11:00:00,11,6,3.9614016106503387,4.041904323170432,184.9622675314389,5.9421024159755085,6.062856484755649,56.19627633009716,56.6192673825136,39.614016106503385,10.696263716483069,23.85673235356933,37.153091925969306,1009.5705822477879,50.025026464718486,230.55328502933116,0.6971054431136725,11.315770946016471,9.835716598463657,-8.11611487593574
2026-03-08 12:00:00,12,6,0.0,2.508579602674632,187.09016004143663,0.0,3.762869404011948,49.89405115078508,49.35568161870335,0.0,7.655015582842402,31.913124129538943,46.92897932249426,1014.4475046953014,49.977202741198184,229.50283181493336,0.7091229601653675,10.199700479585811,7.970730074656425,3.3231400613954754
2026-03-08 13:00:00,13,6,0.0,0.8847713382517169,220.83983595963824,0.0,1.3271570073775754,66.00250107453893,67.26543120453923,0.0,12.225390704615464,32.99983209683149,60.03698719073306,1019.2380530556089,50.04885452785378,230.74788630205828,0.7016363586234025,9.09284996571659,10.176525281085704,0.5067578582548593
2026-03-08 14:00:00,14,6,1.027923447207765,1.6496585800940178,219.15808952755592,1.5418851708116474,2.4744878701410267,50.99361497508561,51.78299173389897,10.27923447207765,11.131634602418796,27.479759064269466,55.942307722698985,1011.5840800301899,50.076552571080924,229.1926068300057,0.7033655708540023,10.876454637785384,9.510882854918016,-0.32572167858805723
2026-03-08 15:00:00,15,6,0.0,2.9369173025552056,227.10086242973674,0.0,4.4053759538328086,44.19357824401716,43.417713495185126,0.0,9.043818914282305,30.982970939256443,45.527010794206475,1007.5045335964664,50.034194093257796,227.53506255111174,0.6906002352498051,10.770972703352077,10.69053738190423,-2.058872547429037
2026-03-08 16:00:00,16,6,0.0,-0.7158934382466158,232.17187698181863,0.0,-1.0738401573699237,59.31676538557009,59.42258754688526,0.0,8.763562672912729,28.54265983081538,47.94418725595505,1010.6038317044547,49.94665571281712,227.8595298357184,0.6584815784385041,10.411282744733573,8.63015496835563,-1.7907857338510738
2026-03-08 17:00:00,17,6,3.9600321225305186,2.5192822659205825,262.6466565279935,5.940048183795778,3.778923398880874,53.09931713115467,48.70851700020281,39.60032122530519,8.87187852211477,27.001156034876175,68.15743921473671,1008.1853847621542,50.036057023096554,232.88865821363692,0.6774550318224598,11.042621398237312,10.752491357032637,-10.986063435213518
2026-03-08 18:00:00,18,6,2.625529416755562,4.091365955133606,243.80292235197714,3.9382941251333428,6.1370489327004085,45.570569561157875,46.794122811649586,26.25529416755562,8.87362145023986,27.177831115712863,52.495665386567886,1013.2830719645564,50.05660064977529,224.98646026729105,0.6678707192903792,10.568478671146913,10.039673959900103,-2.298466243959538
2026-03-08 19:00:00,19,6,11.220751960819156,13.839185085280523,248.73153460779648,16.831127941228733,20.758777627920786,56.53160784669382,59.408140479451646,112.20751960819156,10.685540145556377,22.777427616854283,50.83520904000492,1004.3663199931411,50.014545589938145,229.90101772905487,0.680088821095327,10.584921085725755,9.528530066447527,-1.9784497795242286
2026-03-08 20:00:00,20,6,10.437217518155775,12.78197500659171,250.6596840574396,15.655826277233661,19.172962509887565,52.18837462580919,49.66285428830044,104.37217518155775,11.02424851884044,18.903829557053133,54.95366687854583,1010.472819378243,49.96357463375933,227.45925973551695,0.686619135139688,10.910833825257875,9.546983316398993,-4.80571327577691
2026-03-08 21:00:00,21,6,0.0,-1.2573068753745735,228.85853809338283,0.0,-1.8859603130618603,50.38984372496419,50.4208386540529,0.0,9.920805468009299,18.23588975838944,49.509977405126996,1011.711475246546,50.00034193954706,229.301405435381,0.6651244040580798,9.967464438466564,8.489434604813695,-7.574311767778137
2026-03-08 22:00:00,22,6,0.0,0.8291227813206363,227.72116056268578,0.0,1.2436841719809544,51.680234042355124,52.79715045799536,0.0,8.66335764057235,15.596234084862886,48.18545980030154,1010.4860661584778,49.96824839941495,232.94686272553872,0.6652746509547601,10.186809393968078,11.469137507947735,-3.285427618596251
2026-03-08 23:00:00,23,6,0.9333732480230115,1.2918507115685147,210.1381960347605,1.4000598720345172,1.9377760673527722,58.14802858081835,60.041580356000566,9.333732480230115,9.71128973814925,16.142397471555217,58.648412323912964,1016.2529436016804,49.98197386548171,227.84845800512056,0.653154857528698,10.100723018323047,11.088077911825335,6.938574093218666
2026-03-09 00:00:00,0,0,0.0,1.2711629746866702,204.31893896109986,0.0,1.9067444620300051,64.20162015260999,62.176842094511706,0.0,10.402526028782363,14.731454200719751,55.05528219442317,1011.9009916653666,50.00128646997545,231.58997808113347,0.6733905932466775,8.380274586286315,10.110510825005823,-1.8415519421260809
2026-03-09 01:00:00,1,0,1.1370912103968545,3.204990882523204,188.25911440360858,1.7056368155952817,4.807486323784806,60.323143948878624,59.82488133556765,11.370912103968545,7.751604500924458,12.262640475900497,56.16667565176367,1009.0426611426506,49.983952078116616,233.24424260899033,0.6715455702081984,9.13741080127863,10.421887176499844,5.426647741752052
2026-03-09 02:00:00,2,0,0.0,1.2565894675333313,159.6546660090967,0.0,1.8848842012999971,59.93736688912244,63.98061615432205,0.0,10.145707101243968,13.322480935427777,54.1596293290177,1004.004399848446,50.05258572946787,229.37442290077618,0.6635749954348722,10.562265978686545,9.585751686179899,-7.681644197310415
2026-03-09 03:00:00,3,0,1.287380835724679,0.4962420007464178,154.52314011941516,1.9310712535870185,0.7443630011196267,55.93570621466402,55.54085343079725,12.87380835724679,7.6628882323444145,13.137982532637663,70.91013626845626,1022.2771427608378,50.02255225129687,231.57962546655895,0.6568024435129365,12.467168005141628,8.61987940220395,4.414029392571083
2026-03-09 04:00:00,4,0,1.8106333415522438,2.9001926479051896,155.09100074471823,2.7159500123283657,4.350288971857784,47.52324336094569,48.52394512152672,18.10633341552244,7.0820215182664645,10.129344280364013,43.75613424109889,1016.6527755634202,49.97827735585223,225.19709617536807,0.6656824537318123,9.377451178464796,8.835622461391383,0.49332454701829315
2026-03-09 05:00:00,5,0,8.942166974126023,10.441800255137336,156.37751506507277,13.413250461189033,15.662700382706003,65.75927718922256,65.15848219250337,89.42166974126023,8.131135869938326,14.276805366197369,47.577644457295484,1013.770826368979,49.999363861151394,232.27881978859415,0.6672438292163203,9.5553782984855,12.000727716790102,2.0740571138408694
2026-03-09 06:00:00,6,0,0.0,2.8617308460801327,137.2188436739791,0.0,4.2925962691201995,60.33109362257244,64.66151821750725,0.0,11.04825809862262,8.763789442410015,55.64665249114897,1016.7581393344898,49.99070110294559,229.7417739892143,0.6627734134737787,10.889136741570368,10.179736993562708,-7.537380514595476
2026-03-09 07:00:00,7,0,8.200000682628872,8.436985350207319,150.6770122614625,12.300001023943308,12.655478025310979,48.59377629490764,46.912103623902716,82.00000682628871,10.652844911957846,16.431865078702426,58.75878554420565,1013.3842559555968,49.989497985303785,225.21259285185337,0.657681607866564,10.279733819019857,10.005271966801278,4.608407378496933
2026-03-09 08:00:00,8,0,1.2039494544159999,-0.338883140982414,150.93749340684343,1.805924181624,-0.508324711473621,39.18977509628842,41.48041365701866,12.039494544159998,11.32881170724733,19.331830398950608,47.4067240419627,1015.3814795673899,50.06155956727186,233.89786117611203,0.6746097364649727,9.118859547681929,10.412142154066338,2.92651732068935
2026-03-09 09:00:00,9,0,2.832260495907869,1.1475404150939599,182.33496886499853,4.248390743861804,1.7213106226409398,48.75068380516798,50.2830042908077,28.322604959078692,7.015758900901245,21.52959715515992,29.17745980131697,1008.3633468786771,50.001154876591784,230.91220532661708,0.6747088075208997,10.572048712738585,9.967348372804022,1.7959385626149653
2026-03-09 10:00:00,10,0,1.8948978784614765,3.075594634342921,171.894156092181,2.842346817692215,4.613391951514382,34.40328419150252,30.90556232266384,18.948978784614766,12.418007091873399,25.270939220615624,49.67162192663573,1017.6437687224935,50.0201980451872,227.91670197300593,0.6631954964774148,10.514784849477078,11.285164732805157,-7.755378220457648
2026-03-09 11:00:00,11,0,0.0,-0.8378905950204625,179.78459544663124,0.0,-1.2568358925306937,46.09308904915212,44.54500786551544,0.0,13.375899335061769,26.18515218724824,50.643101278138566,1015.0565692058808,50.02468046441,232.61802270925264,0.6734641312735888,12.881314364548237,11.11007833097797,-0.4815387409331736
2026-03-09 12:00:00,12,0,0.0,-1.742868435485444,206.06701542021798,0.0,-2.614302653228166,55.378347614797626,54.605847980918035,0.0,9.855188460384928,30.66696741142135,31.343574942750827,1006.4138142702117,50.03269595599744,231.72839917728015,0.6774586913910504,7.702382659892378,10.349311218179238,-4.0049881603186295
2026-03-09 13:00:00,13,0,0.0,0.6591413813187331,214.90205841674006,0.0,0.9887120719780997,48.64469793147647,47.95036643340208,0.0,8.630878422464912,27.807130919508435,64.61504957669793,1020.6710088027017,49.97247114611877,230.46579763551796,0.6595344328326074,10.947775584808072,9.716984543061276,-2.9628979898127596
2026-03-09 14:00:00,14,0,0.0,2.4675816734671714,219.09703662128248,0.0,3.7013725102007573,52.05122305642127,53.54296147661472,0.0,10.83543804942533,29.126752677972586,57.34216078658151,1024.2010513019136,50.00364299645653,229.2315958231155,0.6516625983627823,10.219432126537283,10.065794944904402,-4.710157698137783
2026-03-09 15:00:00,15,0,4.883396947142411,2.651668876180947,235.48040255006552,7.325095420713616,3.97750331427142,52.59416362623199,49.94548678570253,48.83396947142411,6.876106386613755,28.275449631366012,49.91855731492963,1018.1036569301903,50.04510829885291,226.24358199885708,0.6599633520188332,9.164009269716244,11.295486582301413,3.711303462355647
2026-03-09 16:00:00,16,0,0.0,-1.8639459598788315,233.2329737139689,0.0,-2.795918939818247,65.45316527460113,64.20238071891484,0.0,8.655182161370575,29.031571538887658,61.029200657754785,1025.514730347521,50.03161395641153,225.84535678285985,0.6772436257827541,8.809175770340412,9.517811558657453,2.6844594028289954
2026-03-09 17:00:00,17,0,0.0,-0.4960925657915818,247.65205884237665,0.0,-0.7441388486873727,50.515877930975215,48.842555286401286,0.0,11.678555587987788,26.467180628601216,36.7187476343788,1014.1177055795123,49.97904198131117,228.5800756608723,0.6793839801792793,12.151189699227809,12.040551677820735,3.934593055735795
2026-03-09 18:00:00,18,0,2.899050932089083,3.5015731463067112,255.1820312170129,4.348576398133625,5.252359719460067,45.06776230883468,46.19955232356758,28.99050932089083,8.77630378728687,26.594166574466513,55.292786455032726,1016.1558877568407,50.079762007038056,227.72981292277547,0.6697270832027866,10.06370037180334,10.347193568836746,3.6600244601443066
2026-03-09 19:00:00,19,0,0.0,0.5617153432332778,255.24224839747956,0.0,0.8425730148499166,50.6853091472442,50.31115654284289,0.0,7.88988183331632,21.790961150973853,52.721678748633146,1004.0657046453366,50.055542413174955,226.29106846644862,0.6506856830417208,10.431772599046274,8.449479589405026,-0.41052661491693454
2026-03-09 20:00:00,20,0,0.0,2.258623599784485,238.52286255425142,0.0,3.387935399676727,52.04492068322469,53.20619946844405,0.0,13.055204798070257,22.102331669366038,32.32109817296636,1011.798815380457,50.07772172284023,229.96613881449144,0.6469700020636684,9.640080759349448,10.629909357382088,-2.413681723927625
2026-03-09 21:00:00,21,0,0.0,0.9697304914613357,244.8733810806783,0.0,1.4545957371920035,57.27652991104236,55.38558291916572,0.0,7.3908257453241735,16.5676962232352,58.68431174495434,1016.3327683859577,50.06295826715177,227.79342771855576,0.6526882027180143,10.534131950351602,9.629657927672739,5.55179898182686
2026-03-09 22:00:00,22,0,1.5655900997515049,1.813996718143645,215.18153203433988,2.348385149627257,2.720995077215467,50.2172529350704,50.68878576483835,15.65590099751505,10.240131577519923,14.417047503976464,47.62231786669527,1018.092872496689,49.91841879962941,229.04755342959754,0.6508789319785454,8.938487840470252,10.065098292381213,-1.4517434261960318
2026-03-09 23:00:00,23,0,3.1727418468053608,3.801166125154816,192.31436667272848,4.759112770208041,5.701749187732224,58.906323752750204,58.60395001702098,31.727418468053607,12.638971745257727,12.24290729317887,61.1250670232465,1017.8761258810696,50.060699875373885,228.5096581986751,0.6644084151115066,9.902445095642763,9.213309525151288,-5.3652960572772015
2026-03-10 00:00:00,0,1,2.8126574173191052,5.307272890750388,191.80515686861744,4.218986125978658,7.9609093361255825,39.16485883713558,38.16762803903689,28.126574173191052,8.486369347683342,7.422941705186843,55.17805494927859,1007.6967673839287,50.02115851625497,230.94925548179097,0.6625671640313178,10.301921660655463,10.197049528458601,1.9155912219009263
2026-03-10 01:00:00,1,1,0.0,0.8153456777273137,186.72557585482681,0.0,1.2230185165909706,44.1656278469222,42.39097516803898,0.0,8.071983751857966,7.981754819378566,65.0855924680105,1011.8085758815522,49.98981561635471,232.52073560084798,0.6498954839160704,8.863198569283211,9.893903978037027,-3.853219710715412
2026-03-10 02:00:00,2,1,0.0,0.7617259746463578,192.16016035378084,0.0,1.1425889619695369,48.22921340989499,46.63076049354873,0.0,7.262051730743714,9.297579320281267,41.2293007053957,1014.6274599379389,49.998851822635466,231.0086217967901,0.6312353467814533,10.898617036075384,9.707639170008132,5.263585819514926
2026-03-10 03:00:00,3,1,0.0,2.88457040081615,177.94278830151703,0.0,4.326855601224225,43.13771157586777,40.141026995335956,0.0,8.212835277521972,7.694870098773167,56.68288152506224,1016.8489014599212,50.00778676295155,227.89264627442319,0.6401239106842518,8.172692749503309,9.822043708590122,0.4137264711192564
2026-03-10 04:00:00,4,1,0.0,1.1176337044259441,153.94203814839165,0.0,1.6764505566389163,51.11520696969159,51.16614413174686,0.0,13.31371249881641,12.529173237900135,59.41257001420105,1014.2622911360157,49.965894866209155,230.91361019468454,0.6367598122992946,9.960095761947418,8.479891818072561,-5.783040293675667
2026-03-10 05:00:00,5,1,4.565853797405496,4.323277490008216,151.70222930452064,6.8487806961082445,6.484916235012324,55.86065756740736,57.429130285550556,45.65853797405496,9.504922749847275,14.790071735323991,50.378881713807914,1007.3506539757752,50.027896434499795,228.59639846479612,0.6511767708324268,11.359589244075076,9.195291710189487,2.84937056225891
2026-03-10 06:00:00,6,1,0.0,-2.7169411572492392,146.90823765407998,0.0,-4.075411735873859,46.238818829786254,43.958763195266656,0.0,7.936212454934692,15.290145741093351,50.77632160734445,1011.3666068099254,49.952253550316776,228.08080885900637,0.6471997038514694,11.543049915422344,10.413586369505358,2.0211355356685687
2026-03-10 07:00:00,7,1,6.000791142331721,5.230292181015251,165.3379632734391,9.001186713497582,7.845438271522877,55.2617840390789,57.21666489850074,60.00791142331721,4.3653676885022605,18.27600661161147,27.253511368386096,1014.0411874556088,49.94342800706529,232.06589019280486,0.6498274376106621,9.681151112020489,10.199303198159148,0.5359381873943504
2026-03-10 08:00:00,8,1,4.761917466961601,5.84063286989282,143.03019880993878,7.142876200442402,8.76094930483923,58.67228595272596,62.62083308318225,47.619174669616015,9.994847659389803,19.672683654169013,72.07373837104808,1017.1866215239047,50.027376819369074,231.9328524808323,0.6558444735812603,10.624877752573337,11.051284914653213,0.9148864759422612
2026-03-10 09:00:00,9,1,0.0,1.2480554264156347,148.99796807990234,0.0,1.872083139623452,39.18284474819732,36.096541846535416,0.0,14.657595870564963,23.35232879874462,45.816587938142845,1009.7590163317029,49.94432045913791,228.34097895778578,0.6387611521515825,9.786540264703543,9.118181125744384,4.959394168334164
2026-03-10 10:00:00,10,1,1.411837173187308,1.4991295767865498,178.20346392156353,2.117755759780962,2.2486943651798246,66.84700267118359,66.49062086166644,14.118371731873081,12.006167459424706,25.548075989601376,24.928564599871127,1009.6970477053173,50.01480112143401,229.9416411052095,0.622241981774347,10.346874313629218,10.58699984429682,9.296554780875827
2026-03-10 11:00:00,11,1,0.0,1.668791448072542,182.04336696564084,0.0,2.503187172108813,55.55061832236058,55.649537976477724,0.0,10.600854327268543,27.099845904264082,48.05718444241209,1014.8481655768488,49.908048335984894,232.81462635452777,0.5977512761605065,10.875449711053093,9.061037832031163,1.961801658902497
2026-03-10 12:00:00,12,1,0.0,2.923313436652066,197.32331486580122,0.0,4.384970154978099,33.90087714885511,37.753389678418266,0.0,12.82167535028854,27.75738049437476,41.5135950839655,1009.4414683997928,49.9158959179088,230.44900678665337,0.5885968230567423,10.490589386537346,9.35302530113358,7.137147545114175
2026-03-10 13:00:00,13,1,4.233894136244745,5.681203169348012,235.71211675474254,6.350841204367117,8.521804754022018,40.57020151749664,43.5087710693585,42.33894136244744,9.786337385734281,29.679873284127716,57.95684208877688,1015.012838323054,49.98838661492474,226.8871021069576,0.59321386986144,9.202600654575532,10.864648565872011,-5.1232890970366345
2026-03-10 14:00:00,14,1,2.1033227080613424,1.6626977399455964,228.01234346628482,3.1549840620920135,2.494046609918395,50.04674041557874,49.44892996146739,21.033227080613422,10.15895841368384,30.743670672875712,49.55525631628988,1011.2470950032406,49.97100515392245,234.80892226260423,0.6044026950580232,10.533953978125165,11.778953920762751,0.6739857542712935
2026-03-10 15:00:00,15,1,0.0,-3.161349533347043,234.55133375836127,0.0,-4.742024300020565,55.92183037557852,54.062311594972414,0.0,11.614401557989268,27.531040058837238,54.80288773462227,1014.3030628951675,50.08425977577183,229.75605228863833,0.6099530430526939,11.08216685847677,8.421496204230802,-2.272063198184738
2026-03-10 16:00:00,16,1,0.0,3.616239470131865,247.2828579096976,0.0,5.424359205197797,51.2554142378281,51.001777712923555,0.0,10.531853499029772,29.547636719632045,46.923302391744,1017.347392463814,50.021259650353606,234.05716654266564,0.6135024053650727,10.652642170897021,10.9485774830539,-5.012507670699095
2026-03-10 17:00:00,17,1,0.0,1.4139440678168604,251.69178749165366,0.0,2.1209161017252907,58.344632391147414,56.648850516660104,0.0,8.729698593006926,33.26202973119045,52.57601529058503,1013.1424659657613,49.90421508228938,231.97380175660297,0.6237846109405508,9.872588037961608,11.984519858789124,2.7455997723926293
2026-03-10 18:00:00,18,1,0.0,-1.0833861076227695,232.20581506783986,0.0,-1.6250791614341544,57.606570619616065,61.21281433137862,0.0,11.44420491349701,27.196879379639906,65.22356774299439,1014.5437941425614,49.98721983952879,231.6800521494584,0.6476047161835894,10.158988927687467,10.317654134369107,-4.245262821950924
2026-03-10 19:00:00,19,1,1.7159283449364264,3.1463152483758208,219.19493683595354,2.57389251740464,4.719472872563731,45.40747418274561,44.84305072994606,17.159283449364263,7.555482054476003,21.775744129495955,42.61191933010695,1009.9779988485661,49.949887903096986,225.6785433551442,0.6247512412889417,9.789697970698546,10.172833226340886,0.2910949914730049
2026-03-10 20:00:00,20,1,6.270815621328838,7.91088188463612,241.76668928721074,9.406223431993258,11.86632282695418,55.806051409484,56.89216388116505,62.708156213288376,11.110832955161488,20.640573919916527,42.574788908369264,1004.8067483456213,49.97607625154407,230.73550314399938,0.620258531263231,10.985351295851945,10.35648367660104,-4.81285229863675
2026-03-10 21:00:00,21,1,0.0,0.3106536172213472,244.33254284647657,0.0,0.4659804258320208,51.00631206850758,49.58927284671069,0.0,10.17387939357934,18.51652597186067,43.301674880678675,1013.775858605099,50.04109553556656,228.78146799321462,0.621090245106231,10.548776599998217,9.942568092562842,-0.5372582994025371
2026-03-10 22:00:00,22,1,8.731379089792634,12.530520001647837,223.68717315736532,13.097068634688952,18.795780002471755,43.18987863850121,40.84579999230614,87.31379089792634,13.22127065151605,16.556426058139564,51.59287709190345,1016.4501945163204,50.060759215980426,230.84703312574953,0.6135988943539267,11.338236886859784,11.608910124738463,7.430820410239716
2026-03-10 23:00:00,23,1,0.0,0.4869642390096296,219.54814686442586,0.0,0.7304463585144444,32.9274803644272,33.39639534808994,0.0,11.921204893873693,14.877347729654312,36.878050017468304,1022.3283839740343,49.94328031270921,227.62493592688267,0.6247847220370416,9.908740174888495,9.922826490329012,-5.177635345056971
2026-03-11 00:00:00,0,2,0.0,-2.451728884743536,201.31239629873247,0.0,-3.6775933271153036,66.82059948869414,70.96902539291314,0.0,8.178618298192955,11.253887336239902,46.62814743588212,1012.8430304535408,50.01059057398527,227.10617941771457,0.6105678192726769,10.497285172031614,9.193392715291091,-0.9832619507910174
2026-03-11 01:00:00,1,2,1.8707063471879306,3.134109190466769,176.73159255718483,2.806059520781896,4.701163785700153,56.615758075999324,57.254444144988256,18.707063471879305,11.1116961697164,12.345011294158233,41.28561929532155,1015.2853026706708,49.96253529114953,228.5873318078218,0.6152294979883017,10.18453501490065,9.304134385828071,2.191663381961847
2026-03-11 02:00:00,2,2,6.90994585918392,9.714456234041036,174.89399903745576,10.36491878877588,14.571684351061553,46.17195212653485,47.72228521595722,69.0994585918392,8.616406510621228,8.876469680017202,50.83910229413615,1025.1150852964945,50.08907639063001,225.73848779574445,0.622400972941421,10.300920978870936,11.383054603563656,4.764703273048161
2026-03-11 03:00:00,3,2,0.18491028918941138,-2.112477730560046,164.08493607983877,0.27736543378411704,-3.1687165958400687,59.38078518615309,57.31686927079402,1.849102891894114,9.921060972901131,7.263071489347945,60.75134022373912,1014.9686425979402,50.015731912550905,228.87345599170877,0.6322203178838206,8.882412984904848,10.708110588942933,1.45099005844852
2026-03-11 04:00:00,4,2,0.0,2.8438414247996393,164.12538736511823,0.0,4.265762137199459,38.52980364196547,39.71677856453477,0.0,10.879641230691128,7.316493968954739,34.47422017304655,1014.9556159364554,49.968991228712255,230.52996973500808,0.6350291151757501,11.09298186453713,11.041655637341474,-2.015646486620215
2026-03-11 05:00:00,5,2,0.0,-0.28010963592133536,156.88504665539077,0.0,-0.4201644538820031,58.63815713217277,57.505342353849045,0.0,6.504789050485927,10.868714738025792,36.45308480534938,1011.0196387457421,50.0581331652851,230.59548971209674,0.6565799959085125,10.408230499121238,10.015620224109448,-0.07868869876867536
2026-03-11 06:00:00,6,2,5.1994572945861774,5.6659071528170175,135.17383666497574,7.799185941879266,8.498860729225527,40.15369893692835,42.21182957658415,51.994572945861776,14.496395111145532,14.066701208787238,54.59951475201719,1018.5478425803677,49.95706000269206,227.45933941020516,0.660742982018711,9.435861369921763,11.3295622146421,-6.235908459751663
2026-03-11 07:00:00,7,2,4.758335261140522,5.612051339004928,149.3355995062827,7.137502891710783,8.418077008507392,66.05770974557342,63.34447141418709,47.583352611405225,11.6398947672669,15.81968440367444,55.650294547089366,1019.9846891564467,50.00569977431041,227.58675384362613,0.674222211595277,10.263855635075414,8.097109613226763,4.906861303537798
2026-03-11 08:00:00,8,2,0.0,-3.199352704538735,157.2886359517308,0.0,-4.799029056808102,47.86879918444796,50.03913915064903,0.0,8.14026769834999,18.066523276557668,30.731543824766256,1014.4474904010252,50.087099097986325,229.21273150475724,0.6817185191725096,10.270179337888793,11.517555642562819,4.038056431397987
2026-03-11 09:00:00,9,2,0.0,-2.6397168025018276,154.97755659659194,0.0,-3.9595752037527414,48.84721707247513,48.92456579790374,0.0,11.438112944315694,23.433269039127076,44.861653426471534,1007.9120495331485,50.0583920685456,229.22967398842803,0.6840175024398136,10.604807132260827,8.635536507352672,3.4158356188110286
2026-03-11 10:00:00,10,2,1.2665675948931687,2.0737125198373176,167.7268646033826,1.899851392339753,3.1105687797559765,61.572660097624606,64.06615780747778,12.665675948931687,9.59330159615515,24.343196761528624,44.012181062537415,1023.3048353927808,49.96902406286015,229.13874166038497,0.6854683416774624,10.176428761586605,7.852851728980735,-0.776534808550643
2026-03-11 11:00:00,11,2,0.0,-2.604311009602177,175.9403041389561,0.0,-3.9064665144032653,60.60343975580979,64.340086773198,0.0,10.771100216599962,26.59149630593372,33.72454468769506,1016.2884589933591,49.97604883494658,230.19768196877948,0.6812709070252471,8.72421625835155,11.783975867820324,9.908727633509258
2026-03-11 12:00:00,12,2,5.8000431728096675,3.608363291933706,193.67371100029703,8.700064759214502,5.412544937900559,53.654432637247325,54.610045714484926,58.00043172809667,12.846340746164833,31.52869816397395,38.06265763322424,1010.1018065691756,50.02779862387676,231.56800038227507,0.6705570066542147,9.688278781343959,10.298463136950131,-6.0757858882199045
2026-03-11 13:00:00,13,2,6.909359347554501,5.434622737124509,192.07882642573816,10.364039021331752,8.151934105686763,56.43967549105395,60.36488847963013,69.093593475545,10.569879624630124,31.055145113549067,45.19202868173627,1014.5190126542742,50.02475632845858,227.2132445958105,0.6640614015357529,9.859145344837298,9.277445391004727,-2.363746007363916
2026-03-11 14:00:00,14,2,0.0,-0.6040753624171721,233.43016582928416,0.0,-0.9061130436257581,34.2609599119153,34.05179876473638,0.0,7.549342179446004,28.614443461792696,50.550037140021296,1018.7244962408822,49.959007409431955,230.71422856489562,0.6709556943868439,10.382946885427552,8.98605282677062,-6.623978826625116
2026-03-11 15:00:00,15,2,7.585424098543563,9.201331971986027,253.2699530148549,11.378136147815345,13.80199795797904,49.323755711490456,49.017170242627316,75.85424098543564,12.118877942705282,29.217518086678282,45.821903440420506,1005.3358035920006,50.01091313963124,231.93922535643634,0.6671082814243205,8.50831373739965,10.226911521598298,4.477496866371337
2026-03-11 16:00:00,16,2,2.1496449791151138,1.4077929011563413,238.90201470163993,3.2244674686726706,2.111689351734512,45.78423431336756,47.51648148964594,21.496449791151136,8.810682862566608,31.169193823441486,57.556310373192986,1014.3979567454144,50.0045310956852,232.79943914343522,0.672351842037243,9.661680231208518,9.202742441904311,9.63695587328632
2026-03-11 17:00:00,17,2,6.1747055939112565,5.172620703612138,256.5386265286886,9.262058390866885,7.7589310554182065,46.471204786988416,46.26744257627403,61.74705593911256,11.500495782430162,24.40024113399327,55.152595990094426,1013.6817752330471,50.05161353526889,228.36506994225792,0.6697801555659806,9.242896795299444,9.344746084359285,-5.883493644022378
2026-03-11 18:00:00,18,2,0.0,2.422496572428238,236.13995954216222,0.0,3.633744858642357,37.18296648481859,35.280041400322425,0.0,10.967995579002395,21.410401495375854,48.142133474667546,1009.8722271667464,50.040964199047664,230.0743722119585,0.66718715421044,11.536854030736066,11.064485126939282,0.5904948821693002
2026-03-11 19:00:00,19,2,0.37037366988132114,1.9286289112180277,243.8026076684317,0.5555605048219817,2.8929433668270415,28.97063150643863,25.842772892546204,3.7037366988132114,11.231301019641226,27.048582079463596,35.58812673419184,1022.9181461972476,50.07184785221281,234.98013412968888,0.6631205669861175,10.974952555495676,10.502942899528707,-4.7125424806132035
2026-03-11 20:00:00,20,2,0.0,-0.9649638718996928,251.24226049054198,0.0,-1.4474458078495391,47.75578833889695,47.92469580258211,0.0,9.521593492500436,19.82524392427983,38.03944973857237,1015.5919424777954,50.04412804761701,229.69077695638038,0.6528408596666294,8.74382498176223,11.132386602442452,-5.660717055469017
2026-03-11 21:00:00,21,2,0.0,-0.5553490006280942,246.40511290120077,0.0,-0.8330235009421414,37.59520215509973,37.95612855467976,0.0,11.630324590939889,14.805707589069435,50.9082809520238,1010.8851986843684,49.953245881755784,231.43581774989804,0.6465790362780635,10.082037891354396,8.179273940527533,3.6419294418865023
2026-03-11 22:00:00,22,2,6.96054243410868,7.265317893638918,217.67493056176713,10.440813651163019,10.897976840458377,37.10478013831512,33.178331714354925,69.6054243410868,7.668840552234242,15.365717385609232,55.668059519576005,1010.7945238498561,50.05065390497348,227.05083002868895,0.641930776754474,11.637050877351351,10.209995937049644,-4.074982397087998
2026-03-11 23:00:00,23,2,7.248364395117752,5.432453697974251,225.54555027001808,10.872546592676628,8.148680546961376,48.75579866197152,49.04608192611414,72.48364395117753,10.986032455757005,12.767013026992542,46.69018846567629,1009.0636107687408,49.97836115709892,231.10345785229586,0.6313445105568091,9.83380298661822,10.838035899475907,0.5744906083877375
2026-03-12 00:00:00,0,3,8.705874581615847,8.651523177962778,202.91767125275103,13.058811872423771,12.977284766944166,34.85338751660532,31.905838970974298,87.05874581615846,9.530782063073442,9.391407151574223,64.17261021740558,1000.7216928389009,50.017953518731645,227.45828292779353,0.634640457674126,8.782815298846172,8.433743852927336,10.113293999556861
2026-03-12 01:00:00,1,3,0.0,4.035713133096896,200.76939840282566,0.0,6.053569699645344,39.31993758722701,39.961148779441146,0.0,9.95061272324448,8.848874615545652,42.67979458852083,1016.2479877196633,49.94815450620235,228.41754828640256,0.6429235702281466,8.636080319763334,10.494562260484502,-2.7976367829177704
2026-03-12 02:00:00,2,3,0.0,-0.4536982344517852,169.35660713674903,0.0,-0.6805473516776778,64.84737478205969,64.34838940490846,0.0,11.674471815551442,8.795299553980453,41.56571585782396,1010.8314402885261,49.99880288224914,227.66173183642323,0.6392885119880176,8.254503657639798,10.435642970905823,-4.489354446411839
2026-03-12 03:00:00,3,3,0.12490997853723049,0.5087044809822766,162.66916162369975,0.18736496780584572,0.763056721473415,59.0202987864828,61.078836560854654,1.249099785372305,9.444659686854457,6.595955510280035,62.536476123382734,1018.7917386549232,50.01080345917874,233.24333671169265,0.6310467149875668,10.215832275158865,10.070995124697246,-7.12566963582813
2026-03-12 04:00:00,4,3,0.0,0.3437300598931523,164.88417560305035,0.0,0.5155950898397285,49.06913768797813,48.71761346412843,0.0,8.177012341306664,10.832939954962592,50.463030295993946,1024.2684035893294,49.9593959467284,226.5373001749193,0.6426027233195246,8.978545925016999,9.906593138938003,-4.339266299888054
2026-03-12 05:00:00,5,3,0.0,-3.2547328790927366,157.07200021941904,0.0,-4.882099318639105,40.904699004642275,39.63858890139679,0.0,10.065183866165619,12.81221074085422,68.03897218438732,1016.023910615964,50.05553465440591,231.1607192069601,0.6441948745954498,10.335707193430581,11.40149304521762,-0.00015710187266718934
2026-03-12 06:00:00,6,3,0.0,-0.6980337731326807,133.14394821501583,0.0,-1.047050659699021,32.705727197314275,34.81672733643011,0.0,7.209191972772694,13.671588167958195,47.0416443692948,1014.1831245536788,50.01036478348793,228.7217092953495,0.6398646577913908,9.765466771013635,9.76457349946078,-5.0894917265581565
2026-03-12 07:00:00,7,3,0.0,1.7100431786371235,142.0635417184555,0.0,2.5650647679556853,66.17928187426995,67.48244340270915,0.0,13.837846854416474,16.826599087310637,57.148174049139165,1002.5771336622819,49.96042465236634,230.11133048830217,0.6421798617925774,10.381072971524539,9.256266575404593,-2.230874532614065
2026-03-12 08:00:00,8,3,0.0,2.533501126297314,140.0418167827419,0.0,3.8002516894459712,50.70073197082625,54.171126312379904,0.0,9.438020513772365,22.01112672015493,47.84936009211094,1015.0489173394343,49.97103293854223,230.81080002074987,0.6308713357350264,8.508267392725813,9.350785961066812,-4.427519699024666
2026-03-12 09:00:00,9,3,0.0,1.5443517326758451,162.23096289603046,0.0,2.3165275990137677,43.43681451065996,46.14490059942852,0.0,7.496731286776316,25.287169209592196,43.314677375624555,1008.1784760214861,49.970881050522095,231.28637080190754,0.6364107347935339,10.165366538312606,11.237992600137703,-2.542610741755598
2026-03-12 10:00:00,10,3,3.5956228038158264,4.808904884844079,185.73205520194506,5.393434205723739,7.2133573272661184,55.156986606845294,57.19751260719632,35.956228038158265,7.171134893989713,24.32678866160667,41.47042690113416,1022.1063678591561,49.91919334956713,228.47595056663505,0.6328158043268128,12.063580990233403,10.39757793590631,3.4987937532230844
2026-03-12 11:00:00,11,3,6.184664205877125,1.5216285883478413,162.25599347091656,9.276996308815686,2.282442882521762,50.146559450786526,46.607106699727744,61.84664205877125,9.241019637776404,29.033575581948487,45.778849827514435,1016.5666258013594,49.96843670334589,228.88155183057037,0.6398880430612766,9.601643122995581,10.420747987755755,-3.8155895384891814
2026-03-12 12:00:00,12,3,5.028488341769949,6.737806581742705,215.71986403617868,7.542732512654923,10.106709872614058,41.160128720035694,38.22758993608633,50.28488341769949,11.720609399176809,24.68440795986462,39.65016937803469,1008.4623741888414,50.022091555944066,230.44267451351394,0.6554765555780374,9.753223493364558,9.461158003892708,0.49218109160519585
2026-03-12 13:00:00,13,3,1.371670651518516,2.9169065586934986,214.64963550953038,2.057505977277774,4.375359838040248,35.81419878806966,34.10731665375933,13.716706515185159,12.874398571416487,28.264146245200408,44.37697873263654,1017.2222868542417,49.922585728732685,226.46161120524295,0.6523981643741512,12.137362830320862,10.062050324902764,2.529324137821333
2026-03-12 14:00:00,14,3,2.327766674748669,4.3637030373656085,225.80190807589017,3.4916500121230034,6.545554556048413,68.35339381293382,71.68869707273527,23.27766674748669,10.720371673055322,32.935947241803326,44.95114898377161,1014.3880629224928,49.92852335305065,231.06557612723728,0.6509623724550313,11.989337600675325,9.878428106287238,-0.47059961605073153
2026-03-12 15:00:00,15,3,0.0,-3.7570546177646724,228.35955140151066,0.0,-5.635581926647008,40.765477547565375,40.85143259851863,0.0,11.876923300089842,28.94342059548589,56.109798090717625,1008.3519732301327,50.076375127636275,235.9394364296811,0.6356218761121109,10.60028254868218,11.005636227147072,-5.509351573378054
2026-03-12 16:00:00,16,3,0.6617677382977497,-2.026463672920636,233.1730053121998,0.9926516074466245,-3.0396955093809535,57.92317031669219,58.42444007871239,6.617677382977497,10.228011708606843,30.544171831937103,51.09672853458199,1014.9346734207166,49.954353076451895,229.70665497922863,0.6338910524676631,9.683826712114781,12.084517086231113,8.868765152923872
2026-03-12 17:00:00,17,3,10.906014361825493,12.889278580892391,241.46699195813605,16.35902154273824,19.333917871338585,52.034974109897526,53.776002525113896,109.06014361825493,8.342632904327552,27.755729993771908,44.51251654995038,1009.7290523788022,49.97263973868279,229.9034363342527,0.6244885444210148,9.33727755875051,9.901166411443294,-6.40553783816415
2026-03-12 18:00:00,18,3,0.0,-0.8252194827940316,262.0450218576263,0.0,-1.2378292241910474,54.858945370231304,55.88306455131507,0.0,11.474563751665832,25.508307937766713,60.463614900500716,1012.2533031094696,49.939621230195606,226.73946893506687,0.6232197836978837,10.271129476061935,11.495225043440335,-2.4965199567055167
2026-03-12 19:00:00,19,3,6.493109475448176,5.009406171807078,251.54849420346716,9.739664213172265,7.514109257710617,50.72063134631779,47.93697102754916,64.93109475448176,8.145436241453258,23.06273612456775,28.822356642316244,1012.8281298287407,50.04110626180949,227.95280259481635,0.6242007287609774,11.160054387784694,9.595556965620966,3.441388032939987
2026-03-12 20:00:00,20,3,3.700365048747518,1.9448906346760695,255.5650149689751,5.5505475731212774,2.9173359520141044,47.80796495327334,49.087873793264535,37.003650487475184,8.394603680112617,18.62192388801921,47.566906828207884,1016.3837914700827,49.9208548021683,232.64654372117786,0.621879526082158,9.104506101903606,10.65105747863148,-1.9899288302051352
2026-03-12 21:00:00,21,3,0.3986920951368276,2.4450892568119,234.34301006936516,0.5980381427052414,3.66763388521785,47.68917109144733,46.94296471038158,3.9869209513682757,9.23525545966214,16.44486676873852,45.93892522144718,1015.843173478811,50.02018865156995,225.74627941455535,0.6112379919451651,9.165796131819349,11.29020526546026,3.6825179157921677
2026-03-12 22:00:00,22,3,7.960171870011642,5.139377073216849,212.6090398676567,11.940257805017463,7.709065609825274,40.02679153708074,40.277773740233016,79.60171870011642,8.96017664582421,15.654573794657654,40.10929212740335,1007.2093542866479,49.902742643784975,231.75365743346245,0.6201923165460831,10.194605468828604,8.347733542651733,4.162514389393513
2026-03-12 23:00:00,23,3,3.5526600192412587,2.3370061990777007,216.9874529244966,5.328990028861888,3.505509298616551,58.49375675636188,58.905995889793886,35.52660019241259,7.84188620599396,11.345397567886602,52.266884960541084,1015.8728356091989,50.00289899275304,234.53645018615524,0.6091733068869515,10.562003211510035,11.570427859657677,4.1119671378628375
2026-03-13 00:00:00,0,4,0.0,-4.116291000700931,212.45675144156527,0.0,-6.174436501051397,39.079181020584784,39.46532511413877,0.0,8.219257606304758,14.650452830261619,52.997421115660465,1009.283433777552,49.963667470096915,233.77258856137067,0.6278184410322103,11.9159428697005,8.678091115343024,-8.918564584229111
2026-03-13 01:00:00,1,4,0.8314836463455095,1.0616237048003418,184.14977225608942,1.2472254695182643,1.5924355572005129,54.70097630734349,55.30887938317888,8.314836463455094,9.53385560143316,11.74998627440408,62.254225956914844,1018.9170461002278,49.98957670447355,228.1833773121669,0.6382390380416634,9.93781508585095,9.671810767764564,1.0939142302594382
2026-03-13 02:00:00,2,4,2.5405469161912424,-0.7300565738163955,165.31055657534804,3.8108203742868634,-1.0950848607245933,58.621451961156005,59.904838636027115,25.405469161912425,7.211214879509321,11.124029627118048,59.09556367276109,1015.1084076676877,50.01202488334742,226.81796659956828,0.6491579168399769,10.20485309644846,11.927765523066366,4.653170653864203
2026-03-13 03:00:00,3,4,0.0,-2.8695545213512346,154.4361414381502,0.0,-4.304331782026852,45.55470135693086,44.78062954795876,0.0,11.20803594760166,10.095531952838622,68.53757811969663,1012.8412928924339,50.02133260534748,229.48523538035707,0.6501277288901879,9.803913868520764,9.273862977473636,0.694792265516893
2026-03-13 04:00:00,4,4,0.0,1.9725070248688714,135.98747549383407,0.0,2.958760537303307,51.6643953794563,52.7086359564061,0.0,9.511181808971656,11.890126343903995,29.366473341658,1015.1949346188698,50.02128576373325,226.1721290436316,0.6358332272973786,9.716951186960868,7.566866098360503,-4.239641798418075
2026-03-13 05:00:00,5,4,5.50965879664227,9.373088038074153,163.39491256335964,8.264488194963405,14.05963205711123,68.06085448418565,69.01580395613453,55.0965879664227,9.241941879887982,13.913163783483585,33.806145060491346,1005.2060033979643,49.9824540664252,230.52001940939783,0.6465816222365603,9.175755786976229,11.730715969742498,7.809926533168282
2026-03-13 06:00:00,6,4,0.0,-0.774741267189447,150.9492835269612,0.0,-1.1621119007841705,48.34543926211545,49.10170128064894,0.0,9.783401803733211,13.759480797438474,53.655377009121615,1011.5101399551334,50.01611433222926,229.40314886178746,0.6487098915320029,10.572115159063387,10.912571351291959,-0.3982688121831154
2026-03-13 07:00:00,7,4,2.0208769212346627,5.285837475552405,151.2903112531031,3.031315381851994,7.928756213328608,58.07174851006033,56.57064919717925,20.208769212346628,8.569988298964937,20.512452171100836,44.74694088174694,1010.9987944816473,50.014986730817775,231.98633522771166,0.6454013123277929,8.256173705611019,11.801006420410891,0.9097238590489853
2026-03-13 08:00:00,8,4,1.2148347267336723,-0.6052206897328523,163.53204481987123,1.8222520901005086,-0.9078310345992784,47.94229171492561,45.21314424358854,12.148347267336723,10.699822738041266,20.775556400177496,49.807313341744205,1010.88497441108,49.98151957125183,230.3052839905986,0.627345695271685,9.259581525071352,8.726460628815651,-0.8730853496980472
2026-03-13 09:00:00,9,4,4.884108756084998,4.335821022424643,153.76466381004695,7.326163134127496,6.503731533636964,43.36400710238246,40.99340929933676,48.84108756084998,8.42096195519177,24.98699385614809,50.48202556577561,1009.9152265300864,50.0544467931554,230.16868912961775,0.6153008033385283,9.123002521927939,10.932799634938634,6.53984318187704
2026-03-13 10:00:00,10,4,0.5996568433928103,1.6598169493442563,171.5688091084251,0.8994852650892156,2.4897254240163846,58.069642093399075,57.63042381872486,5.996568433928103,9.768596982599844,25.16693624852474,55.2593559011512,1007.8781292055496,50.013097026932265,230.40284885853467,0.5946249986376356,10.016636618184448,10.151458001993976,-1.33126395837375
2026-03-13 11:00:00,11,4,5.84554843771806,4.140605369917162,206.35648230038254,8.76832265657709,6.210908054875743,44.477530060816925,43.86272661547708,58.455484377180596,7.49781419793073,25.987311275935948,50.99546176569633,1013.5473716265042,50.02548271631467,227.1561202934437,0.5880800389823073,9.071386169848623,11.553438612416022,-9.473999801840305
2026-03-13 12:00:00,12,4,0.0,-2.268381437795573,196.23952384483403,0.0,-3.4025721566933593,48.17158474256712,46.13796167342848,0.0,8.204507015674343,29.95662387573468,54.3766850355392,1013.8626655404323,50.06987650838428,232.01772017578958,0.5884849933767047,10.78997952806862,10.325243548829533,0.8206118183326233
2026-03-13 13:00:00,13,4,0.0,0.9117502622274354,240.3292873241754,0.0,1.367625393341153,50.25635128227601,48.65920401187236,0.0,13.4992520655432,28.713068649001677,49.99384315089784,1016.0023618662499,50.00714185797166,230.1491553353554,0.590737324725458,10.476978447960873,9.77990443750101,1.5681205378623873
2026-03-13 14:00:00,14,4,0.0,1.348148204947356,228.02685659706628,0.0,2.022222307421034,44.82549990706781,45.82531919633304,0.0,10.256846682980798,29.942025877491155,51.43141065506433,1019.3962326426592,49.98398847117156,226.66819497203255,0.5873424754540286,11.420682598811048,10.042218610793826,-6.120746741412528
2026-03-13 15:00:00,15,4,3.844776976414635,4.289190305433773,235.6594132313276,5.767165464621952,6.433785458150659,56.860771878743314,59.592897973406316,38.44776976414635,9.427938149639811,28.91088546701729,46.93881225472033,1009.3729074815732,49.95723333667408,229.62962449805516,0.5717786887022257,9.81260933055386,9.151213783843037,-1.4546798020833098
2026-03-13 16:00:00,16,4,6.877676295013917,8.086295286431298,246.53938355417387,10.316514442520877,12.129442929646947,69.27836827408868,69.71421352113923,68.77676295013917,10.181890746532627,28.601168972122327,52.08361928572946,1011.5525826376493,50.000515756240056,229.2000542348961,0.5759521134624274,9.38317659526651,10.106331308149086,-7.213071799572962
2026-03-13 17:00:00,17,4,2.8260488298619655,1.3049640101920756,255.35917042887598,4.239073244792948,1.9574460152881135,42.292693679727066,41.6039575611106,28.260488298619656,8.703923577301984,28.090468670674525,21.201478210613786,1021.0366585865104,50.013375562637414,230.86519971994753,0.5867868267265209,11.421377429399715,9.96157936010075,0.07379810996070618
2026-03-13 18:00:00,18,4,10.895465843875195,12.3368329257978,250.8362601192245,16.343198765812794,18.5052493886967,47.918355664941544,48.49254696372278,108.95465843875195,6.827851037287431,29.924328501058547,39.00292191606554,1013.3574157801869,49.987032126932704,231.63580901409603,0.5865368303407519,9.504256296096111,12.098126071943483,8.281675155010117
2026-03-13 19:00:00,19,4,4.074674844692984,3.6982995731621933,234.3164279536214,6.112012267039476,5.54744935974329,57.9131264198703,58.184709922945494,40.74674844692984,8.971792266843552,22.307800958282982,62.56512374645496,1007.6291776820677,50.04482258510923,229.3649404830967,0.5967104018480378,10.754666994740463,10.80914044556239,5.472720661306455
2026-03-13 20:00:00,20,4,0.0,-0.38792547657620874,244.81858087320302,0.0,-0.5818882148643131,47.20877355433961,47.960754414241144,0.0,10.821213612716912,22.739537690696483,54.61332723950352,1025.9495278246056,50.09894228300984,227.63978142215615,0.5846023813341602,10.449959217532536,10.232657641025552,0.25255988718878325
2026-03-13 21:00:00,21,4,0.0,-1.9016366318361617,226.09838116482672,0.0,-2.8524549477542425,39.45225103815902,39.14880744592051,0.0,4.441060826818934,18.116126480473852,41.84869882514957,1013.1523188809751,50.12130827652232,230.5443060617499,0.5817119089411681,9.495473381542222,6.774412870262581,-1.4839601295307174
2026-03-13 22:00:00,22,4,0.0,-1.4477417519333413,232.38844529754653,0.0,-2.171612627900012,43.83900027628264,42.484218137902175,0.0,6.525322538413313,13.920972461312338,52.762815651334314,1013.9684187615994,49.92870524848688,229.13005731049466,0.5811884550231228,11.627503551069113,10.38121731216532,-8.40356071537658
2026-03-13 23:00:00,23,4,0.0,0.630457139217427,223.2438844852463,0.0,0.9456857088261404,43.27713300726914,45.34414549133569,0.0,8.15492563842469,9.90210125295439,49.23570282559797,1009.0023894278974,50.020033703073224,232.77529434623096,0.5774832204956651,9.307874541397663,10.718770973987843,5.863313255197791
2026-03-14 00:00:00,0,5,0.0,-4.684940915011491,203.04998314693023,0.0,-7.027411372517236,61.02034145849938,65.47312220984901,0.0,12.290985838821417,11.84081756075371,28.899691047093125,1013.3931322459268,49.9263991020964,231.6258095667685,0.5803846013616251,10.383185882325352,9.71902119291216,9.240896840883119
2026-03-14 01:00:00,1,5,0.0,-0.6961307415651239,184.89172264971396,0.0,-1.0441961123476857,37.191626774262154,39.78299814221998,0.0,7.209675112257631,12.102041886670932,47.822222450970564,1010.8892165430451,49.97294127941856,231.5779472612727,0.5867470135339705,11.645884189253323,9.94905399470586,0.6868677074167445
2026-03-14 02:00:00,2,5,5.090944243382781,4.349959796923041,170.97084252567484,7.636416365074171,6.52493969538456,56.55146177011506,55.99512996062134,50.909442433827806,12.636245537390064,10.069500464839052,35.737983146191915,1010.1457826811543,49.929212545483196,235.78825458196195,0.580854913928753,10.691974186677982,10.828498288738762,-0.6652814478373055
2026-03-14 03:00:00,3,5,0.0,0.6732436933540463,159.05822330573255,0.0,1.0098655400310694,39.87797429750473,38.4049022855177,0.0,8.614017948490567,13.151595143644176,41.18501185090548,1006.8956374038978,50.10692966325049,229.05673265154562,0.5865494621280037,11.031750479831093,10.15529736603336,-1.2331470067941985
2026-03-14 04:00:00,4,5,0.0,1.9752072903683526,158.1271090651569,0.0,2.962810935552529,58.37584834234794,57.9329527272492,0.0,14.632125523102246,10.041228610516793,57.23868718483287,1017.3219671236238,49.95588195054603,229.44594068749947,0.5914045674358955,10.282437884841148,11.101973721147672,4.641824992840917
2026-03-14 05:00:00,5,5,3.9364611024376788,2.3528385769384697,164.5930437995016,5.904691653656518,3.5292578654077045,56.11415961184794,56.68231367928392,39.364611024376785,10.787859803651655,12.541904571931038,45.680474530954,1015.5914851415378,50.003827790123864,231.45905172795793,0.5836091252926486,9.124719070066622,10.971945078325934,-1.5595492542175928
2026-03-14 06:00:00,6,5,14.81330681826384,15.445451276688086,139.87700272495832,22.21996022739576,23.168176915032127,40.29135270677145,36.21101388406053,148.1330681826384,6.733899761255364,14.621298237075576,60.12968333641886,1008.0631164851462,49.99625975875068,228.3812938708498,0.5716056054759173,9.800590604300796,10.287438157367886,-4.5729864410389975
2026-03-14 07:00:00,7,5,2.786182859915162,4.167291096145082,157.76188970729663,4.179274289872743,6.250936644217623,59.89383947910952,60.75349236926357,27.861828599151618,11.786206746117806,15.503453000259736,57.950573562290245,1006.8882582079808,50.03533305071319,231.96643170804194,0.5660803157269491,9.489514327514451,9.172312384930606,2.8694456740679106
2026-03-14 08:00:00,8,5,7.341667999798427,4.669623154405073,172.18875849780613,11.01250199969764,7.00443473160761,48.47992456074294,46.574423971625585,73.41667999798428,9.621748048924289,16.852648980906004,42.315943569415275,1013.4357860752382,50.07960575733213,230.80859172849654,0.5573487578061691,11.216101432395165,10.75038982668121,-0.34565131106451663
2026-03-14 09:00:00,9,5,0.18872254286558077,7.220098295504872,147.57698190855967,0.28308381429837115,10.830147443257308,56.80294134707177,55.92055541233452,1.8872254286558077,11.210960139848574,24.444479511853057,61.00670449607126,1020.075420839977,49.93585791267494,228.12003625065807,0.5448773736714528,8.243073532634309,10.420608239311266,-0.16163024159748574
2026-03-14 10:00:00,10,5,0.12745438323106795,2.4512933826101277,156.4032074862865,0.19118157484660192,3.6769400739151914,56.73364001150524,54.20539482465588,1.2745438323106795,12.031131407768132,25.206033309407296,49.371065456764995,1018.9450695213411,49.96067176051459,230.64533457454885,0.5446342825008802,11.949413095718754,9.651995865326505,-5.492767512839405
2026-03-14 11:00:00,11,5,0.0,1.252856885826165,165.45714123296713,0.0,1.8792853287392477,47.45556879249344,46.54275214302665,0.0,10.408165847549544,28.73873011470684,49.006655661355445,1019.7561517756341,50.01263512868736,232.10900459948874,0.5527833340522554,8.202081566820643,9.65635024322046,-6.863191528043959
2026-03-14 12:00:00,12,5,2.685619845323596,6.003022276700976,195.8793716497867,4.0284297679853935,9.004533415051466,55.077340851813545,56.00225565456905,26.85619845323596,9.648432005238828,26.475960065786143,48.46212719431511,1009.5394824737292,49.97555991972422,230.153897205837,0.5531385048999188,9.631249570386162,10.062699213146606,-6.040385482768492
2026-03-14 13:00:00,13,5,0.0,-1.0398073018793428,202.32523465238495,0.0,-1.5597109528190143,45.3909740106675,48.40512283978227,0.0,9.772672884021095,31.165597281699885,53.78745668247026,1017.8868938727803,50.06586583056317,226.11512162386808,0.5537398483226955,10.562744654492297,9.449974665810329,-0.6518580800007483
2026-03-14 14:00:00,14,5,1.7612434062436302,2.1530674454177836,223.10253085212418,2.6418651093654453,3.2296011681266754,50.38376456827908,52.343225077557854,17.6124340624363,10.810463914570414,30.356000748256857,46.236576212162355,1010.864370714994,50.09668534413348,230.1851802999708,0.538661159009536,9.56676424357811,10.975831332744107,11.506943700550616
2026-03-14 15:00:00,15,5,7.9019605387239285,4.871814733823239,230.55403128547135,11.852940808085894,7.307722100734859,35.83104236832493,37.04352752010213,79.01960538723928,8.418351669083128,27.56873790891912,45.43532676627392,1007.6264334209852,49.991258989575016,230.06664440619525,0.5449503417170658,11.363441476757824,9.275284778304338,-5.985164356978276
2026-03-14 16:00:00,16,5,0.937433534821466,2.3592662932690756,234.69680024874626,1.406150302232199,3.5388994399036133,46.30792957884477,47.929722152576666,9.37433534821466,12.03341869711566,29.79874285261631,55.93817971517861,1009.8454172464208,50.064808279739744,229.62892253688995,0.5458970595113631,8.850105145147987,9.061013462404137,8.840024769511404
2026-03-14 17:00:00,17,5,0.0,0.9837414265360587,259.5575174798322,0.0,1.475612139804088,51.77284685240593,49.87821491762327,0.0,11.031844013820091,28.933243815025378,56.233771050114626,1009.0819448593231,50.00217069177535,226.62043541761295,0.5539017002919722,9.784653290287668,10.738493210317081,8.608727436140343
2026-03-14 18:00:00,18,5,0.0,6.198546404863766,247.22157631039093,0.0,9.297819607295649,57.64037229445738,58.619188326095085,0.0,9.802236564301246,25.023745644985006,61.7179748681973,1011.0133209767926,49.97014349038031,230.47012945785394,0.5689920353479124,9.563003781824381,9.96947171629956,-1.9547727204859702
2026-03-14 19:00:00,19,5,0.0,2.9017337719726854,241.39226655747277,0.0,4.352600657959028,56.0365609702486,53.47502731981125,0.0,11.001300267496655,24.501440402539682,72.4634220194703,1010.786102587091,50.08838360701127,228.95141226537916,0.562481603837696,8.616853683394337,8.371322675608912,-5.097792007298493
2026-03-14 20:00:00,20,5,3.229419083158401,3.3181625780713326,251.68690536462103,4.844128624737602,4.977243867106999,56.63558089392615,56.58765781524298,32.29419083158401,10.498356098574007,22.193937820098387,34.29667500694539,1008.0322428311955,50.0208810478947,230.2782090666662,0.5676659752300978,10.284321268000058,10.537098741919573,0.526997446576544
2026-03-14 21:00:00,21,5,0.0,0.5915391782116187,222.91008060494437,0.0,0.887308767317428,55.14339556260111,55.13958538241739,0.0,8.696547321232362,19.390110315486886,47.59952633162945,1011.3074146605726,49.974575758839876,228.52513660606198,0.5735071951612746,7.761617364721882,10.541884943773962,-6.78940351803618
2026-03-14 22:00:00,22,5,6.91963166276882,7.869527472299035,239.6023276798786,10.37944749415323,11.804291208448554,50.84711889896284,50.24703957234073,69.1963166276882,9.111787617752457,19.062221749874052,45.7763777707012,1009.0228432845192,49.8603911687909,229.12898282211003,0.5711735135349371,10.448352945649066,9.398778944910026,-4.7894660290390485
2026-03-14 23:00:00,23,5,0.0,1.1023359669902917,223.875604199907,0.0,1.6535039504854376,36.36308031933429,33.941240302402015,0.0,8.975177652743175,13.040279362951848,46.680306509939086,1012.0385803420277,50.030065150315245,229.7496110485547,0.5712030752881168,9.615336246167553,9.285643842596514,-7.79544986247631
2026-03-15 00:00:00,0,6,0.0,-1.6664712933116204,204.30224244157836,0.0,-2.4997069399674308,54.663183157131414,57.5833335067731,0.0,9.355075532734466,11.999575021851124,60.79753919828989,1015.9426809915625,50.011393975835645,230.46347083686018,0.572580662263182,9.043060558428824,8.07831772008892,-2.8674363227861823
2026-03-15 01:00:00,1,6,5.100574508438143,4.855287536357484,186.78776592859955,7.650861762657215,7.282931304536227,52.42024755174503,52.88369148236222,51.00574508438143,11.078320626742023,7.395358194353799,62.130071555071005,1013.1333416395648,50.03629698093521,231.80580256044763,0.5697968189743323,10.95465030326098,9.897099783176662,-1.8705594374824464
2026-03-15 02:00:00,2,6,2.1815820413780145,1.1966942844432984,180.61834135979896,3.2723730620670217,1.7950414266649477,43.03914618581995,42.54981187936828,21.815820413780145,10.023912153693638,11.836343462710028,55.57712089202037,1020.6130532046793,49.960760069146446,226.94674228386933,0.5649710479235732,9.916451912026156,12.175088818934462,-8.30988555269336
2026-03-15 03:00:00,3,6,0.0,0.27182703295329796,165.76785137292492,0.0,0.407740549429947,40.07599775250739,40.80508163845534,0.0,9.832409364907026,8.114385914935646,54.7279348246296,1014.2393692444922,50.012959712600995,230.88044278454578,0.5669267365010808,11.279749339087218,12.560933272773992,5.802407877855109
2026-03-15 04:00:00,4,6,8.16965280835529,8.18218355081609,157.73720548996442,12.254479212532935,12.273275326224134,48.05203939418339,49.271943973937155,81.69652808355289,7.560325782321772,12.485698800746249,55.6620229090919,1019.6924603635002,49.94356346051602,232.33116757154744,0.5564928564340081,9.744927200598578,11.322215871140429,-3.2580338829457474
2026-03-15 05:00:00,5,6,3.784701432626068,4.914104733167116,134.83582387237539,5.677052148939102,7.371157099750675,48.390899392070565,49.03680965490575,37.84701432626068,10.891105958089014,14.473451598663367,44.564222961784736,1017.0521813112598,49.9830572988495,232.1728562159638,0.5659466339728966,10.677929231889587,11.317629250370855,-4.132552164790687
2026-03-15 06:00:00,6,6,6.271625915870804,6.456851516293595,135.2408354391766,9.407438873806207,9.685277274440391,68.2665988026531,63.95491855757678,62.71625915870804,10.493376872216391,15.794542359237141,52.56254769963118,1010.5654968722458,49.93622510037648,231.66066665414655,0.5390141645362698,10.056820371048946,10.05686697647373,4.421400691911014
2026-03-15 07:00:00,7,6,4.642011962135648,6.119503684247867,146.73658596230058,6.963017943203472,9.1792555263718,48.98241656508184,51.05047834395881,46.42011962135648,12.390533544108932,17.437506595051424,57.105807648349696,1008.1263387649334,50.089267007259416,232.20374720405871,0.5212098684327728,10.559053067674919,8.614370378394923,-3.2871140721177246
2026-03-15 08:00:00,8,6,0.0,0.5004403464503328,162.88115722945585,0.0,0.7506605196754992,60.44012084154556,59.88705086080954,0.0,12.72506155394083,19.11308621840275,69.69848896972678,1006.7716127669669,49.96938375259241,230.95972748479844,0.5221324741789457,10.238148913487649,12.116348208634905,4.491944275695691
2026-03-15 09:00:00,9,6,4.179994002413986,1.7664604180872923,163.27415177418013,6.269991003620979,2.6496906271309384,56.314571033102105,55.12463548755191,41.79994002413986,13.072616110301862,23.762083707176096,49.006539979840475,1008.4397164614746,49.953078985971665,227.7413803088249,0.5296392531037315,9.646738642587975,10.313222948333191,-6.63944335603839
2026-03-15 10:00:00,10,6,6.5204301933461375,5.162438496393067,187.11747181447552,9.780645290019207,7.7436577445896,41.142914232393025,42.993294013083556,65.20430193346138,9.891406282951694,27.967305587497528,60.505855629875214,1016.7408003251394,49.97399605870378,229.87761663001575,0.5480625920998241,11.309123434232074,10.208620333077532,-1.0726558764975027
2026-03-15 11:00:00,11,6,1.259191340891313,1.9242521022366572,188.19530855132032,1.8887870113369694,2.8863781533549857,36.154423301124496,30.75408605165299,12.591913408913129,7.914208464577482,28.513945118483566,65.73190235997069,1011.9885951283901,49.96391244876681,232.87304624722984,0.5327887906509774,10.714022904197973,11.29741832218873,3.3606106593862854
2026-03-15 12:00:00,12,6,3.6139062837953437,1.4981689903415338,199.67650395404996,5.420859425693015,2.2472534855123008,62.45322643864705,61.2198219144417,36.13906283795344,10.996708264449765,28.817500108775377,60.78241939663765,1020.0540970894219,49.97603505669871,229.91227286769708,0.5249080519701865,9.083517238030396,8.915088354998652,-2.2033592236190853
2026-03-15 13:00:00,13,6,0.2219681981825965,0.2212030149479759,205.62924459012046,0.33295229727389475,0.33180452242196384,71.75643347533835,73.28950786285353,2.219681981825965,6.851160335344524,29.098275020543163,54.20439822048146,1010.7559544181979,49.98202441090213,229.1656147424532,0.5244581442197848,10.020951160473444,8.559839273969619,5.994145695874816
2026-03-15 14:00:00,14,6,0.0,1.305230263564355,207.82875550118382,0.0,1.9578453953465322,62.64990538654916,63.962905403804555,0.0,9.627537982720144,29.217246829565397,64.01576598402173,1022.4351119400008,49.97290917279932,230.8011006273541,0.5294684766586528,9.74631703262915,10.522015965462739,-6.234185566932936
2026-03-15 15:00:00,15,6,2.4931044353387186,0.40090834569854517,224.8883016858757,3.739656653008078,0.6013625185478177,31.376075750272218,32.890431310785175,24.931044353387186,11.692237348920644,29.074774921975774,50.75600168662973,1013.2282141875704,50.03477736061089,228.4996807838622,0.5363139050571019,9.083483679500237,9.393395323879293,-0.6465240192240065
2026-03-15 16:00:00,16,6,6.000678776587389,6.1877424056875014,261.3532970896677,9.001018164881083,9.281613608531252,51.6649563419861,52.941850721590136,60.00678776587389,10.890704021514535,31.951554246108934,43.985546859137415,1017.3641016939541,50.016009462699,229.4136349829088,0.5231172157806249,10.612695270149734,9.781148617396962,-0.6318869487075536
2026-03-15 17:00:00,17,6,5.488595746371209,1.2070745546244677,258.8223992489418,8.232893619556814,1.8106118319367015,59.39841934380517,57.165950419640126,54.885957463712096,7.833347795337454,24.389682934861266,55.8360947442781,1014.9236406952637,50.02817114524645,232.21897364087215,0.533495022179618,10.329584692135475,11.007955270991292,-0.8315430576801298
2026-03-15 18:00:00,18,6,0.0,-1.2265751864301906,260.15116045851823,0.0,-1.8398627796452858,52.33577522832104,57.42632159016527,0.0,9.332838144434103,24.704809325356884,45.986733479775985,1009.1724231113916,50.0002988642735,232.03845327562686,0.5366867953460849,9.94720803548932,9.668401311205248,6.175872469785485
2026-03-15 19:00:00,19,6,0.0,-0.5634580902317721,246.94136346600754,0.0,-0.8451871353476581,49.8221583608378,47.01241623992777,0.0,8.647827198836435,24.28818055312906,41.43400285586651,1016.6950137345004,49.97493587882091,231.66687985686355,0.5397372387329408,7.337039683498164,11.003760970332172,-2.4729450465214193
2026-03-15 20:00:00,20,6,0.0,-0.3913610613037633,248.38136429833904,0.0,-0.587041591955645,39.765498934700304,39.97268236217146,0.0,10.706054511936275,22.33421095462243,64.43651788248889,1014.5269609055919,50.00336319393207,229.6296701247388,0.5197902879792509,7.6778957748877765,11.40048351784801,3.9746966917941378
2026-03-15 21:00:00,21,6,4.88696947660182,2.698531623445609,238.40736035308862,7.33045421490273,4.047797435168413,49.38074574660148,47.2593479797246,48.8696947660182,9.938926815422064,13.571678407876774,49.0555911668864,1013.053397401063,50.06990042540004,228.69924092035785,0.5321160254595304,11.17726483844101,10.098886127284663,-1.7285702171044566
2026-03-15 22:00:00,22,6,0.0,1.8932976982908865,229.98546016468515,0.0,2.8399465474363295,48.034114123827145,44.69917474055374,0.0,8.89855106208974,12.924005306968013,54.27888038983161,1002.2973844769673,50.026316561023854,230.05963657476596,0.5293746414992885,9.054758289737583,9.682582190247285,-1.268908568839682
2026-03-15 23:00:00,23,6,2.220068672985229,1.981533085136651,220.58223552858078,3.330103009477843,2.9722996277049765,51.88582023276274,53.368495596589554,22.200686729852286,9.862884973126903,12.567361443142916,56.826897845536394,1015.1723260364039,49.98843877720265,230.15527757204524,0.5168361211444994,10.872762633169295,10.501654383625867,0.06884336896478202
2026-03-16 00:00:00,0,0,2.835358753943736,-1.8627028112486288,204.26862988073867,4.253038130915604,-2.794054216872943,39.96529369446002,37.35997393883301,28.353587539437363,8.52528608344912,9.653165857568222,56.27821410603552,1008.4730532186973,50.03443119585457,229.09252916197983,0.5087566652311639,10.225704390099756,9.648616855339743,-4.836145728223125
2026-03-16 01:00:00,1,0,1.494297841936671,0.20471543660314095,191.674024976895,2.2414467629050066,0.30707315490471143,54.38604519421457,56.02235281699499,14.94297841936671,10.251701097761467,8.39127949805495,37.43223275967212,1009.8362595007268,49.974099523978424,230.3710552122558,0.5018687605752561,8.887538116015824,8.441252231595172,-1.6714592489702866
2026-03-16 02:00:00,2,0,4.528130589791494,7.188554138469865,184.4124969954018,6.79219588468724,10.782831207704797,47.10301419055967,50.119784073415495,45.28130589791494,9.384715038048935,9.33937155504557,38.65550971604256,1005.3944932127674,50.0210678324831,228.39535616827294,0.4864082550529678,10.883042038102364,7.998796424953889,-1.133867317906771
2026-03-16 03:00:00,3,0,0.0,3.953313867356534,163.46558006218874,0.0,5.9299708010348,63.532500615961695,64.03948912958384,0.0,10.894724171849477,10.9206066951037,64.71644983436798,1002.330304677511,49.93112834771334,229.52204962414686,0.5014493428011857,10.231854098718989,10.843782539140925,-5.480054668276246
2026-03-16 04:00:00,4,0,0.0,-2.8047177452807492,168.1325564944185,0.0,-4.207076617921124,36.810902705304315,39.64833795342667,0.0,10.661575979523331,12.049473582166618,49.282667201010725,1013.8950051491765,50.02115048044241,230.78275441096915,0.5223558095494956,9.14263637210367,8.655079571712859,-4.744903946645836
2026-03-16 05:00:00,5,0,8.841034451360915,5.978423870467344,160.798630003009,13.261551677041373,8.967635805701015,47.62108343053437,47.388235068375025,88.41034451360915,12.268897841044062,12.151802494932292,66.741989220926,1004.9012037814163,50.03643436329387,229.40439582001167,0.5238516170382997,7.600244637043188,8.802054592281191,-0.5367427254558053
2026-03-16 06:00:00,6,0,0.0,3.7247843919124555,165.03744186085004,0.0,5.587176587868683,44.71715135447592,40.90872795855375,0.0,8.05560969670564,17.691156169243158,54.42709043558894,1012.0220757003029,49.97308938468844,227.53194639348592,0.5298677830400512,11.180620192366675,9.265938490103714,-8.237401158347804
2026-03-16 07:00:00,7,0,0.0,1.0299427328822857,137.99108122435362,0.0,1.5449140993234285,44.92939809541825,44.315896971590234,0.0,9.227423874342792,15.197911967669206,46.755635201164594,1012.3914905331973,50.05508424322214,231.09056332800688,0.5425967961354624,7.913051175249276,10.622461564941831,-1.1301576748124955
2026-03-16 08:00:00,8,0,0.0,-1.4124716829337487,157.80708518712686,0.0,-2.118707524400623,52.66288873897351,53.25545767920816,0.0,8.39856142179275,19.73046636955462,49.58456799321938,1009.1993955925844,49.96464006285286,229.61624650361193,0.543962294483875,8.831699352320378,11.166733733563062,2.808215037544292
2026-03-16 09:00:00,9,0,0.0,-0.38235801137644776,167.81278201105548,0.0,-0.5735370170646716,39.404640258278995,39.17727262854045,0.0,12.380585188741355,21.239074865840887,54.642003811580835,1014.7293618737109,49.97991358562986,232.33950479925159,0.5487757756285653,10.524353838939895,9.942470714036135,-8.882983580532283
2026-03-16 10:00:00,10,0,0.0,-0.2687185639931693,180.1958955206743,0.0,-0.40307784598975394,41.32122672275287,40.996751087152965,0.0,8.249845635545304,25.37526439104974,35.11131121250671,1006.0417290200513,50.08174122229975,226.06038707992585,0.5549947114675177,9.552521723806363,9.17635973753686,-2.8087225551533868
2026-03-16 11:00:00,11,0,2.320000910476352,-2.988253685081214,187.76900423330378,3.4800013657145277,-4.482380527621821,73.03214750305847,75.47022804138706,23.20000910476352,11.86634884186941,25.798557074323313,55.127630831187716,1009.7486435217875,49.96995679248291,231.0636533952473,0.5673960299846407,9.498483105857021,8.53897268976775,2.943966507416693
2026-03-16 12:00:00,12,0,0.0,-3.3914523400705527,206.88043207109905,0.0,-5.087178510105829,48.11910151909424,47.58161963275584,0.0,8.687821802289916,31.983769359068013,62.41893324354899,1017.5005782366551,49.95862287685841,232.3274406021106,0.5725503842293379,11.351751382099167,10.274313004187121,-5.882903166884375
2026-03-16 13:00:00,13,0,10.225507495514876,9.918102710226519,214.90523077045202,15.338261243272314,14.877154065339777,46.87217305000281,46.45392377505136,102.25507495514876,6.6167402073606425,30.346355424140462,66.35076754233839,1013.7580503949001,49.95704713951029,229.05955937187008,0.5554656927080072,10.75594736175943,10.361190740497985,-18.080563844545942
2026-03-16 14:00:00,14,0,0.0,-3.676964405400753,205.5305315029799,0.0,-5.515446608101129,42.90789972076027,42.352459119736345,0.0,8.997097143922069,30.90267150127628,57.158928549230176,1018.6289393208193,50.01923271781261,228.08932761668143,0.5576390830168134,10.327289325145983,7.964841026414198,-0.9594594761936333
2026-03-16 15:00:00,15,0,0.0,0.34342123316087897,234.83322970486273,0.0,0.5151318497413184,37.22098259332131,42.071051918563,0.0,10.314136806303813,33.76229044397325,44.91770387983343,1011.6480993765347,50.026274695176184,228.8826538258279,0.5437311293406732,11.054974643538335,10.793759589782477,-6.212875614481935
2026-03-16 16:00:00,16,0,3.0960156830687886,4.168202729747995,231.92440788338138,4.644023524603183,6.2523040946219925,39.22496226718435,39.05535095872229,30.960156830687886,10.562847017140507,30.578072851930454,68.07550005881328,1010.6284546420155,50.065089092134414,229.63796742657024,0.5316737136723173,10.616131104176297,10.056120060372995,5.358413716182927
2026-03-16 17:00:00,17,0,1.1089791676648402,2.853779964995198,267.94299521496674,1.6634687514972604,4.280669947492797,60.97522818316135,65.80200182550823,11.089791676648401,7.045920710443642,27.48743861184023,47.68621732687004,1023.0208541543979,50.07442936578543,230.34286817436973,0.5233327071913976,11.220262040914148,10.063148382477301,-5.374631832358969
2026-03-16 18:00:00,18,0,0.0,3.3066831497537557,243.06880430801112,0.0,4.9600247246306335,50.44196733889123,48.26900981400745,0.0,6.729789201819763,24.99880072973176,57.79519131510411,1013.8853895446575,49.993409204108296,228.20496211969171,0.5220208055047232,9.474006286868617,10.91559026558108,-3.6842992907751526
2026-03-16 19:00:00,19,0,0.8408193925150858,3.241674564889659,216.45289255711182,1.2612290887726285,4.862511847334488,36.107630418947394,40.43322208704912,8.408193925150858,11.350240172162334,26.064853136200508,61.334887893776795,1008.9981870101467,50.023787555669564,229.66586276789468,0.5227067013624555,11.892247086886726,9.42860191498936,1.3473168072818875
2026-03-16 20:00:00,20,0,6.638482959424494,3.1821724453634967,252.31183102979273,9.957724439136742,4.773258668045245,48.05898337998194,47.241081466695896,66.38482959424495,8.056646717030818,19.54444096589955,55.504741718582736,1003.5967116498349,50.01437408428169,230.22621910678362,0.5141582535557904,10.960665167692317,10.23350694931065,3.111839412353314
2026-03-16 21:00:00,21,0,5.846395576146056,3.4608201722984364,236.84234478837115,8.769593364219084,5.191230258447654,49.87975843002989,51.287457117398816,58.46395576146057,14.226844466004877,19.4344486273278,50.24607792290674,1010.5611976143053,50.05223844726892,228.13733636184728,0.5245485382902524,11.649445466723234,10.413802900550689,4.745616921311239
2026-03-16 22:00:00,22,0,5.342522620681095,7.1074851396669985,214.46946875833584,8.013783931021642,10.661227709500498,46.46011938511457,45.135974661506346,53.42522620681095,9.99843464739072,13.657564608814281,50.54763436069752,1007.1575569808599,49.989853473309516,230.19352099992776,0.5252200185462584,10.15303162201353,11.315942749298172,-2.7016705264216774
2026-03-16 23:00:00,23,0,0.05608723319501391,0.7383245866460324,213.69265272553653,0.08413084979252086,1.1074868799690485,32.57351075011694,34.376542472312956,0.5608723319501391,9.024836553856863,12.198341301282786,55.02890628218525,1007.6291676301483,49.93159088747226,235.00875744434418,0.5259303112801339,9.653345203473252,9.568900834059452,-5.042406938740337
2026-03-17 00:00:00,0,1,0.0,-1.7301019122823045,197.70350878822592,0.0,-2.595152868423457,41.66402463135041,40.97182207925491,0.0,11.319152826228082,10.175337740029963,33.48871645734582,1014.7869933939068,50.01883573614806,231.35065040094256,0.5304304423717433,8.901196550757929,9.966158564605035,-1.7320366458897942
2026-03-17 01:00:00,1,1,0.0,1.0340412933526937,181.58091813422146,0.0,1.5510619400290406,49.80843105320359,48.635453651622434,0.0,9.071782700149393,12.620791483262941,51.56617227999055,1016.1193395818868,50.00593173573826,229.94591943265453,0.512790984374962,10.742445080769734,10.155867891133475,3.540749916992192
2026-03-17 02:00:00,2,1,0.0,1.2170390942389262,173.71760426276325,0.0,1.8255586413583893,31.96755768765751,32.17171280947028,0.0,8.508422009276739,11.915034956819872,43.98532163119472,1011.3895700339916,50.02270634503178,229.90267905271745,0.5144363629050246,10.389733718588694,10.44919511367275,-6.974359693248906
2026-03-17 03:00:00,3,1,0.7250853939001973,-3.1959216496045832,165.38873067384068,1.087628090850296,-4.793882474406875,67.52806132425121,66.3374115934784,7.250853939001973,7.390708147140662,11.175424519669978,80.6576112469559,1012.7343125197126,50.016731777409575,230.40300488689394,0.5339884415441779,10.26944370092356,10.041323735521345,-9.953676444486774
2026-03-17 04:00:00,4,1,0.0,-0.8184052138032804,149.9999689537434,0.0,-1.2276078207049206,36.56658836122111,37.312282848118535,0.0,10.92953611921919,9.0669099829081,56.4080549423718,1009.3577202184977,49.969541257976594,231.89828844932902,0.5386185742242637,9.288193568074519,9.283567353465331,-5.4928832660989855
2026-03-17 05:00:00,5,1,9.392709126345279,7.611722866179422,160.88360677018994,14.089063689517918,11.417584299269134,70.20760874410183,68.89842142690404,93.9270912634528,15.394156250895307,13.043645561779863,57.84649834371847,1008.1935828223243,49.94909263634548,231.28323310247958,0.5225661906338936,9.391335849544316,11.44958088840715,8.652689054027242
2026-03-17 06:00:00,6,1,0.0,2.890442512160123,152.24342328807,0.0,4.335663768240185,61.84532971126336,63.88061326564828,0.0,10.971165024721914,10.201853014674967,48.94277443663562,1005.4736321241375,49.93190937825558,228.50199421617123,0.5180990437556705,10.117953105609146,10.506785771242582,3.286241665611139
2026-03-17 07:00:00,7,1,0.0,0.4147712147374841,150.81414551972716,0.0,0.6221568221062261,60.923190278737465,59.6226068155018,0.0,11.804824391757101,17.17807354612451,60.873631983451894,1023.8654794245718,50.05301760146311,228.57811345730397,0.5335442959830431,9.943503319932839,10.201638314736348,-1.813116600106721
2026-03-17 08:00:00,8,1,10.69504234290725,9.22963707347877,161.71249619399197,16.042563514360875,13.844455610218155,59.39246248725989,61.082134639362025,106.9504234290725,6.784175211515973,18.16470494811669,39.1669989911917,1010.7504057214796,50.01634461122177,229.85901402001574,0.5181484884761389,11.492864513601676,10.414566849693475,-3.6543444715841837
2026-03-17 09:00:00,9,1,0.0,0.9193153836397099,167.88619141553494,0.0,1.3789730754595648,45.19070353986119,42.834418143941534,0.0,11.153539503686654,21.57783634221629,58.64201297906007,1006.7873741330811,49.90819873674073,228.8757714049818,0.5331426271452511,9.942051955457453,9.500405990463308,-2.0442643799125664
2026-03-17 10:00:00,10,1,0.0,-2.5023459343638876,164.8210535276553,0.0,-3.7535189015458315,52.37021912413165,52.06919035199623,0.0,9.71447723341677,23.11583530625412,48.100502506018486,1015.045612871061,50.0046486510278,229.93123781843502,0.5262473809124136,8.863322592580026,8.092084300612143,-1.7895031759893691
2026-03-17 11:00:00,11,1,5.65829971043989,8.290910040577034,188.32600622463556,8.487449565659835,12.436365060865551,72.76359961791005,71.0572556222792,56.582997104398906,9.203720372462195,26.154120258560514,39.01862375917509,1014.7300311585827,50.0131138899777,230.34023245166702,0.5190085837988762,9.235727380367877,10.090413603610138,8.158528706252985
2026-03-17 12:00:00,12,1,2.6761418336365086,4.839561089933696,197.27298188143078,4.014212750454763,7.259341634900544,39.09831699123557,39.05534562225439,26.761418336365086,8.614205193916822,29.5730421138559,55.981439520252025,1012.7514419718817,50.09588732106644,227.8078659173964,0.5174146261355866,11.286540069821983,8.991727091366078,2.7960540042714714
2026-03-17 13:00:00,13,1,2.197028156751724,2.2219631356724063,198.63689515866764,3.295542235127586,3.3329447035086095,44.52500720231795,40.690902759444555,21.97028156751724,11.359854818873645,29.744601665552388,46.37506736645654,1021.0702349566865,49.98840958203908,233.11835017940408,0.5251297516840864,9.63137932183209,10.676684168367789,9.95396767115064
2026-03-17 14:00:00,14,1,0.0,2.0023772863611877,231.59505369565937,0.0,3.0035659295417814,44.4176478231724,45.187849202144434,0.0,11.280602953521962,27.787609322109926,51.37133667538513,1014.0837640077685,49.9809311629412,230.13995212798625,0.5176440431578124,10.133125471141287,8.110732916039016,-1.3359865425745474
2026-03-17 15:00:00,15,1,0.0,-2.0019168636775495,231.3658604121571,0.0,-3.0028752955163243,52.52786501893507,54.70853012550048,0.0,11.774047764008628,28.49267604028128,63.86682799858507,1009.2401495291703,49.956884132388275,227.93907721323032,0.5191475940509377,10.421912599167067,10.419210399602,0.3987312072052152
2026-03-17 16:00:00,16,1,1.8924667280896164,0.5592157191525697,234.66262864721148,2.8387000921344248,0.8388235787288546,53.10242359497002,55.28835346102639,18.924667280896163,11.166332240341088,24.65561745526191,49.54687995861772,998.618676484725,50.09812220212413,227.56196785387033,0.5163560100011579,11.099960055783388,9.996656279796165,-1.8620986918861133
2026-03-17 17:00:00,17,1,5.829256147127196,10.274952949279633,255.91236343906527,8.743884220690793,15.41242942391945,43.34131876050811,41.44331493765128,58.29256147127196,11.249990940403938,24.24292619477865,47.03673487950115,1008.6097593904921,50.02802816707893,229.75189423844742,0.5158115385876471,9.057621750991395,10.435306817300882,1.7855792734680629
2026-03-17 18:00:00,18,1,7.715407107706504,8.472759719071172,254.98021778522923,11.573110661559756,12.70913957860676,55.527592911923534,55.28706780642247,77.15407107706504,10.512812863242514,27.410755720699918,65.78817343294703,1022.7664393841674,50.01503543521641,233.98979528692706,0.5093788374635547,10.263783609699269,9.064415276008981,-4.934058958306214
2026-03-17 19:00:00,19,1,7.207055404685864,3.9683473932742657,238.69860147585547,10.810583107028796,5.952521089911398,42.97845339794509,41.931194670585164,72.07055404685863,10.546610445148573,19.462739201027137,57.21718740587471,1009.8053962211555,50.02869350393794,231.00568424706285,0.481235114255334,8.897099301141614,10.912285329276672,9.077681447844338
2026-03-17 20:00:00,20,1,4.369872320969476,2.772289638262287,241.92500797223872,6.554808481454214,4.15843445739343,46.45717200396191,48.93778760592096,43.69872320969476,14.298881779484613,20.60870218740657,46.860994319843904,1014.5910357944535,49.968225998683636,228.98162169872,0.48305791022527167,7.986252944534995,9.146070057848197,-4.527778154051635
2026-03-17 21:00:00,21,1,0.0,0.7142808466816107,243.25434584938486,0.0,1.0714212700224162,44.19142012056372,44.944559391242684,0.0,10.00642196834701,15.761985259831011,46.26545992601572,1010.9569089110166,50.05813879367762,231.84009680877594,0.478973564832177,8.694955281136693,7.888117089997059,3.110057898667632
2026-03-17 22:00:00,22,1,4.2188450447342145,4.225632252012895,239.59721919555898,6.328267567101322,6.338448378019343,59.18823836851119,63.891012042478444,42.18845044734215,12.260393878083685,18.413946923904696,54.902074667898916,1020.7876972505857,49.98978991919593,232.75968328409317,0.4803974504312737,10.209030072881704,9.82677403434361,0.03506487158785197
2026-03-17 23:00:00,23,1,2.8689128459145237,3.5676215525945394,235.86378734378124,4.303369268871785,5.351432328891809,51.601405590933794,46.7998872903491,28.689128459145238,8.983824787399774,13.428936920771227,20.61618662907083,1007.7066087385213,50.0565236208088,227.5477732907241,0.4965871695324411,9.353302653448498,8.829794852154514,7.26933730200745
2026-03-18 00:00:00,0,2,4.882164062559476,6.248252101142323,194.4173628385155,7.323246093839215,9.372378151713484,46.32629546172137,45.7119341667609,48.82164062559476,12.53059626346909,8.420972568717788,36.76614814561863,1020.2364627319977,49.98573311720909,229.05700026384628,0.49030445816671697,9.88183528777873,9.061504395955309,-4.4628673029643595
2026-03-18 01:00:00,1,2,0.0,0.07237520397554942,192.65997698327408,0.0,0.10856280596332413,42.7342280164395,41.331750173507764,0.0,10.384758441024818,12.07123426729969,39.49055771243643,1007.9883546399374,50.08425815346159,229.01632104276237,0.47544326439956375,8.577421839480138,9.652077506702415,-3.118597495120516
2026-03-18 02:00:00,2,2,4.519462569375653,3.922195500678878,184.58108990931794,6.77919385406348,5.8832932510183165,61.44713928124351,63.23551979275335,45.194625693756535,12.48927927444586,11.342335293175028,34.694520756788066,1016.0706860424124,49.86737728624029,233.1146513637601,0.48161448423074815,9.748599876983258,10.630924278973003,6.193776125937818
2026-03-18 03:00:00,3,2,0.0,-0.3778837852790452,146.94231000566123,0.0,-0.5668256779185679,45.2185941726127,50.108965562606016,0.0,12.722523431244408,5.647579655009256,50.51695842041585,1018.8489242832544,49.96970643684696,227.15952721002392,0.4875171279581406,10.292945622033843,9.118256031131432,-4.870183951199297
2026-03-18 04:00:00,4,2,0.0,0.20703014515037696,161.60472635173502,0.0,0.3105452177255654,41.62442263120117,41.94514260874141,0.0,10.050483315857736,12.003371864671397,36.16574170862139,1018.6540875303348,50.011853658726686,228.00090167436375,0.4981856588212928,12.367729769450246,11.01332433801738,-2.2925509715685157
2026-03-18 05:00:00,5,2,0.0,2.1613117207696666,152.83204652742535,0.0,3.2419675811545,47.004705040684556,42.36183186010006,0.0,8.646551507435165,13.503810988820387,54.52782693711287,1004.652147552106,50.05165288868403,224.8464747077802,0.48044352151000674,10.867537909392192,9.866571514016115,2.82032340392181
2026-03-18 06:00:00,6,2,9.090898964726842,8.67558193722997,159.65715492222495,13.636348447090263,13.013372905844953,49.59408705377775,47.752341799265196,90.90898964726841,9.810708846880932,16.31479840716742,33.42952859903925,1014.0074708732709,49.953021717623585,225.92191894384595,0.4753821287043186,8.299138350928159,10.643197729101427,1.2915111846857361
2026-03-18 07:00:00,7,2,0.0,2.6550296788988863,164.45675392977623,0.0,3.9825445183483295,52.586878517855375,53.54088158100255,0.0,11.145596500584686,15.860791456880593,43.89818405868248,1022.3800089941905,49.973813929292795,225.8430060106876,0.47049204417453233,9.25829945793129,8.33188261028935,8.813825726948105
2026-03-18 08:00:00,8,2,1.5638509078741447,2.5883951206383338,145.99729803074527,2.3457763618112173,3.882592680957501,51.41247996371885,56.2222493077153,15.638509078741446,12.537119568371725,22.974591858050346,55.15720511318317,1012.194653394237,49.961968745752785,229.06270098202654,0.4696284214607437,8.389743831332549,10.882357088438836,-3.023282012289174
2026-03-18 09:00:00,9,2,0.0,-0.6560996166748017,180.91974790911027,0.0,-0.9841494250122025,27.530486849171524,27.394538799755455,0.0,7.878929655417592,24.78978616166046,51.01431052701926,1013.271104941374,49.88924727277919,229.21544036308424,0.46918102461138106,10.344297046915019,10.993795610284591,1.4936801586215092
2026-03-18 10:00:00,10,2,3.233452572408226,1.2030361692758342,165.624663116628,4.850178858612339,1.8045542539137513,55.22319628522659,55.24814692560377,32.33452572408226,12.630561996394952,25.702203721424492,43.423727905088704,1004.1810857669868,50.03032757749612,227.98528228177153,0.4712406127380416,8.934516423049066,10.425219939146501,-1.0897666794938212
2026-03-18 11:00:00,11,2,6.777900775435349,5.814201703398967,184.79932026706055,10.166851163153023,8.72130255509845,56.016980398413736,53.31198222004203,67.77900775435349,9.819963247939286,26.46905443169351,41.304289078643315,1011.8978423863744,49.99624351194889,229.83197621405745,0.4649574635302885,9.067522928636354,10.696452143999233,1.855149608839828
2026-03-18 12:00:00,12,2,0.9030656298131,1.278847974181987,211.91272881051245,1.35459844471965,1.9182719612729804,39.93197363838331,40.87417791897213,9.030656298131,8.194452060848668,31.59248393995884,39.05403702488208,1018.0096492305755,50.039611200164565,230.99242646173468,0.4551296528713756,11.047348643770198,10.498860127547571,-6.732483260902951
2026-03-18 13:00:00,13,2,0.42855216687187925,-1.6118617642370254,216.5956116602815,0.6428282503078189,-2.4177926463555384,49.87526820148095,54.4475643546249,4.2855216687187925,10.356513300455537,28.846046231290583,50.01206926011523,1016.8570439975144,49.97615882604992,226.3544223245022,0.4608869818539951,11.164589759246182,10.480193345613491,-5.515091018275486
2026-03-18 14:00:00,14,2,9.431408227836219,7.74010189753727,234.037405728288,14.147112341754328,11.610152846305905,40.17781026386942,40.129472855195985,94.31408227836218,11.51631819126996,36.186710025731536,73.0241208819773,1011.212561689023,50.005355842506944,228.7711961607614,0.4780412325312837,10.637837060874329,11.651756595642414,-10.6489208636663
2026-03-18 15:00:00,15,2,0.0,0.7838504227982507,231.51935209000376,0.0,1.175775634197376,62.943422757879105,61.31941914557173,0.0,7.470897696432848,31.14220103725822,56.26941037148873,1014.0889550702656,50.018985572746374,230.2482689131091,0.4688820871486758,10.783647081237449,11.617902442648074,8.872887696989816
2026-03-18 16:00:00,16,2,0.0,0.6512131902625121,233.81051004898652,0.0,0.9768197853937681,47.72027737842163,46.64254612596014,0.0,10.917100541741132,31.528820422669927,56.15049114085063,1005.8632416684418,49.98944656624023,227.35890321419188,0.4508273477108569,11.469064410278166,10.16579755950501,0.3302565403628196
2026-03-18 17:00:00,17,2,12.733156314112637,14.425808371160823,250.70124755689008,19.099734471168958,21.638712556741233,44.527906628355225,46.48408823179863,127.33156314112637,13.008919026507279,26.591947847484576,37.03365422329413,1008.3751427644281,49.94385733277519,228.9615065425504,0.4498911280578807,8.896149381302655,8.972979356010576,-2.3887699935068647
2026-03-18 18:00:00,18,2,0.0,-2.78900666687486,253.96192173786815,0.0,-4.18351000031229,42.33246674265978,41.92399139940428,0.0,9.889364171845349,25.84728622220888,56.27355042914671,1005.3574923615103,49.97176868220573,229.58065139686482,0.4311247167454353,9.300336633767772,11.552077768485004,3.686293310424158
2026-03-18 19:00:00,19,2,0.0,3.8125745948763394,234.1050154760091,0.0,5.718861892314509,39.97330369637897,39.76358560538845,0.0,10.605050410454345,24.567286197832164,43.51035561430645,1008.057287277145,49.942545881699914,229.06744069881466,0.42078868741302305,10.500830671715946,11.81373188422235,4.9887782198482915
2026-03-18 20:00:00,20,2,4.027708723102343,4.726919510413644,258.5260421548277,6.041563084653514,7.0903792656204665,49.7767548943541,50.23195117454851,40.27708723102343,11.47792637077495,19.698808349830763,65.13307022093362,1006.8036026379124,50.04270846997997,229.21833684507004,0.416963781402913,10.13654472579482,10.552122841044234,5.179188423854402
2026-03-18 21:00:00,21,2,2.2276570402963856,1.6864580570535361,237.23182118839463,3.3414855604445783,2.529687085580304,38.81144081484118,38.84890637754266,22.276570402963856,10.475664269991668,17.532521626109656,41.554391619954664,1017.8348499576211,50.0006582195351,228.43220105726442,0.4289256200797232,11.481090999654302,9.586926524125163,0.26225081276464574
2026-03-18 22:00:00,22,2,0.0,0.08853272382914538,224.12242944622983,0.0,0.13279908574371807,41.72399793794801,43.03259488756159,0.0,7.084850747553512,14.36802805047596,55.19946168751033,1017.0842547850724,49.98535451527491,229.4913132339142,0.44681858128346935,9.130468975383323,10.691567235878669,1.783841927139197
2026-03-18 23:00:00,23,2,3.0482971690414926,1.615269779135367,223.62238049720034,4.5724457535622385,2.42290466870305,46.803925748680214,44.82100027411959,30.482971690414928,8.016823430902756,13.824576694252697,50.699979807151024,1017.8094269346093,49.92766661223423,231.89443832373286,0.450831029815903,10.266432624804636,11.100635908794276,-7.911732188901852
2026-03-19 00:00:00,0,3,0.0,-0.7065929335572588,220.67320847590398,0.0,-1.0598894003358883,44.45270205180704,46.04173070805169,0.0,8.405905471090257,12.346336226334794,46.618637813637505,1013.7632077042858,50.05993387571737,230.88290611080637,0.4535934284854647,9.71805947714496,9.704534924268621,-5.1790708710526365
2026-03-19 01:00:00,1,3,0.0,0.7021685011717468,189.13585944639166,0.0,1.0532527517576202,33.88031268045655,36.36608015629214,0.0,8.820412279653429,9.31941923871141,58.725908896493934,1007.0002125371565,50.02947785809211,228.47417028928356,0.47338116778671946,9.665539250618107,9.692158278396654,4.71029021881632
2026-03-19 02:00:00,2,3,0.969285001535128,2.3608063457537956,166.8463089270308,1.453927502302692,3.5412095186306933,54.390245028041114,51.21483424485518,9.69285001535128,13.056040748795958,10.129038779280865,51.69658692242937,1009.4324120508525,50.10601927513876,228.34405731017654,0.47846890449423557,9.528734543782445,10.351056763139637,-2.5657756977265707
2026-03-19 03:00:00,3,3,4.360265962601406,3.025516276985985,157.79517696068385,6.540398943902108,4.538274415478977,37.871150803364756,38.0882510344784,43.60265962601406,7.702461386123917,12.021116053039423,37.49854774527675,1022.5971814758345,50.00828249638524,231.03596240603233,0.4772826779840873,9.305494123722102,11.044668341461318,1.3859767446690618
2026-03-19 04:00:00,4,3,2.6686099318082057,1.8908039584536342,134.99922362809656,4.002914897712309,2.836205937680451,51.67935256862964,46.59740733904922,26.686099318082057,7.967971370314389,14.813925485782939,45.61703652018878,1014.9725134803466,50.03286490210065,228.33852409688575,0.4637412115756305,11.161293667412137,7.396910373010986,3.6986070310553054
2026-03-19 05:00:00,5,3,0.0,1.885270177310936,144.22913246425526,0.0,2.827905265966404,31.065515971557012,31.50586328012733,0.0,7.013582051867411,14.40790120040628,49.95915370465466,1010.2289621695745,49.966702619629956,230.4068961241256,0.45205631547958336,7.704525394299626,9.130451424075336,2.2991371394071063
2026-03-19 06:00:00,6,3,7.083834166346909,3.3791094485340545,141.21334922142862,10.625751249520363,5.068664172801082,52.27560317372985,50.815005860597,70.8383416634691,7.988176449145539,16.978752119911423,53.50224704421893,1008.1677151962294,50.010089639779885,230.3737032004657,0.45587855384728637,9.854785498948747,10.645275296191715,6.763251827812438
2026-03-19 07:00:00,7,3,0.0,-3.874171127583976,142.96221529765216,0.0,-5.811256691375964,55.88560014331174,56.641013622037164,0.0,7.796991979012676,16.1395100945472,60.19780437400394,1019.8071676908908,50.045072186098196,229.65467992109265,0.44132427942668817,9.613921787508605,8.958519305094963,2.3968126984227514
2026-03-19 08:00:00,8,3,5.690581669428207,5.011245514712091,147.12940551176578,8.535872504142311,7.5168682720681375,30.917372705861972,31.339528086575847,56.905816694282066,8.881765962390752,21.360062907186446,56.73326444674084,1011.3177171009114,50.006938186557754,228.7582037163721,0.4440322756498885,8.810988162305483,10.306593613301267,1.338050414974172
2026-03-19 09:00:00,9,3,0.0,0.5514403189024295,169.85982990320358,0.0,0.8271604783536443,49.701595006633724,49.17474786800707,0.0,6.426762589778379,20.711561672813087,44.37046393809352,1016.5356771785683,49.98639500987424,230.42090616084172,0.4425379796173458,11.165231421487935,9.936825594295739,6.630884286188747
2026-03-19 10:00:00,10,3,6.173029074105136,8.9550761491987,175.15188570406033,9.259543611157703,13.43261422379805,35.41647872549344,36.1971207035691,61.73029074105136,9.691516418602156,22.75454817595383,53.25419894317278,1014.3567198362431,49.970270284336586,229.13425609849733,0.423612336438131,8.712725439681964,8.720838271816845,2.7121472039327674
2026-03-19 11:00:00,11,3,5.337111128071346,7.228930836503199,177.48846236433445,8.005666692107019,10.843396254754799,45.106537502021496,44.70602369502398,53.37111128071346,9.652021258222728,28.38585640373507,49.890369611452016,1005.9966831445838,50.01859338885411,229.96822305922367,0.4342769979656192,9.391968268462486,7.510824551889369,-0.35747480026612327
2026-03-19 12:00:00,12,3,0.0,2.028716713662425,182.7832151470148,0.0,3.0430750704936376,56.35720497825935,54.323070297754036,0.0,9.079856089603568,26.583819460232597,26.309012994687002,1012.010911007639,50.01635557325912,229.07147587239587,0.43687557130913446,11.442847990595734,7.898399556335727,14.726720980230477
2026-03-19 13:00:00,13,3,0.07780560724053498,-0.47842184389590137,228.2127337986166,0.11670841086080247,-0.717632765843852,31.188062637321355,30.205017967760387,0.7780560724053498,11.021874801696264,30.3029293681491,39.973110058658854,1006.7255018501926,49.980891117887374,233.28840698504493,0.4373102368273905,11.542508641608784,12.291139964357058,7.2915957717810205
2026-03-19 14:00:00,14,3,0.0,0.5154066827740672,221.3933835515867,0.0,0.7731100241611009,61.27994714368396,62.435742096509784,0.0,11.433881786586236,27.0969762619956,50.691274859779575,1009.0293171663828,50.009249283717125,229.04935178716073,0.43542090371344006,9.380604886306616,8.94456380423138,-7.177911654653045
2026-03-19 15:00:00,15,3,4.886062511751293,6.457538784726678,227.4411182046904,7.329093767626939,9.686308177090016,52.465964266519876,52.251806930657146,48.860625117512924,7.729035726539276,33.53918293037503,54.48426803940104,1010.5513417438758,49.97842174997474,227.86725558811685,0.4164133617710271,10.981606029948043,10.347673769217566,2.300091719610953
2026-03-19 16:00:00,16,3,4.812580457472688,5.733471172741657,230.59340527847488,7.218870686209032,8.600206759112485,53.46143794235746,55.74340768607263,48.12580457472688,10.405637117824119,26.192680462122922,47.87924847426161,1025.6078297167262,50.085011780726184,230.85782023530757,0.43087466660788437,9.12502106088362,10.035799776322815,-1.9344889521998878
2026-03-19 17:00:00,17,3,5.022473988580975,3.0005667524692523,251.30724745573636,7.533710982871463,4.5008501287038785,43.852928141665124,42.73782419654692,50.224739885809754,6.921326941421034,26.392441102744534,29.587715187501942,1014.4604921750752,50.0299263731544,229.86248390305522,0.4302905688122098,10.00226245878193,10.712989025501777,-3.66282098327497
2026-03-19 18:00:00,18,3,0.0,-2.4422747980063795,259.99474698116387,0.0,-3.663412197009569,63.6062688221211,61.8735885976607,0.0,9.22971399769026,24.919782495926636,46.82552004274558,1009.0477921768,50.04022264191051,228.1697603647023,0.43670338864911185,11.014870203130286,9.489325820527904,-8.301774151931689
2026-03-19 19:00:00,19,3,0.0,-0.19613798847366673,253.07507210100604,0.0,-0.2942069827105001,52.17236676330952,48.90412509022367,0.0,7.613738565399439,24.942732379316844,57.4486196386312,1011.191522018205,50.03740805153149,231.27794879511228,0.43661731445838153,9.745645211279621,9.935284918822928,-6.275435638478541
2026-03-19 20:00:00,20,3,0.6592981888572386,1.0810767337413254,229.38525669740343,0.9889472832858579,1.621615100611988,59.093339302956835,57.31752631674446,6.592981888572385,6.8376830481326145,18.337931680496787,53.07695768323605,1014.6340417957554,50.00604910674593,232.55494518587508,0.42110751073649744,9.760428420644848,10.669674404755773,-3.9256658781085783
2026-03-19 21:00:00,21,3,4.605002829720008,2.5917600240936434,224.15109068768967,6.9075042445800126,3.887640036140465,51.807250380932445,50.64176450296313,46.05002829720008,8.457484311025723,19.58809250269936,55.82217621874784,1022.5242112312725,49.95223297320744,229.45829845809658,0.4213991885549233,11.464605803439541,9.083799036956497,-0.20623721031365908
2026-03-19 22:00:00,22,3,0.0,0.5507963888664931,201.32690075275477,0.0,0.8261945832997396,64.13389153997178,63.550371133217425,0.0,11.625103009605663,15.793245126187411,55.46862653068911,1009.4351473952828,50.029879884949935,227.3207679636028,0.40738521599108235,11.245356530864331,9.790795300566241,4.745045610770131
2026-03-19 23:00:00,23,3,3.51866944570319,4.83608459272576,202.80825542380234,5.278004168554785,7.2541268890886395,53.45562678405766,52.46240930469048,35.1866944570319,9.524284451220314,11.677669736756961,58.22222040785698,1016.6525697064668,50.05172506833114,230.2587692908136,0.4239897246355604,10.571886297982557,11.637279929022444,-1.3664514803025563
2026-03-20 00:00:00,0,4,1.7740080036424053,-1.99585698279465,216.33707548054292,2.6610120054636077,-2.993785474191975,48.635989877895604,52.889382649740675,17.740080036424054,9.145288390810492,9.866785522489776,61.916404657283024,1008.8689369900713,49.92354782141172,230.30227597173624,0.4024057515771884,9.669504783648163,8.666831142703575,4.624758078520118
2026-03-20 01:00:00,1,4,5.143929659582739,7.789981654137974,188.9131049520413,7.715894489374108,11.68497248120696,57.586284645580406,55.77423977559035,51.439296595827386,8.477619798425119,10.8609918530086,36.0372712055929,1007.2004995537126,50.01540439829786,227.7121859575595,0.41938924411927003,9.940113349848597,9.060374401342521,2.1684821650413415
2026-03-20 02:00:00,2,4,8.057773734003758,9.104372059691098,176.52335148222213,12.086660601005637,13.656558089536647,56.58816376851623,53.40548376726662,80.57773734003759,12.12802762718451,11.871908300229777,58.18885742841891,1015.0547101239414,50.04399696288173,230.9512754298793,0.41334822983920905,9.221931481626687,9.294571822105402,-5.306354326785322
2026-03-20 03:00:00,3,4,0.0,2.7685266920298566,175.48319329675206,0.0,4.152790038044785,48.39332422676206,48.312826164715474,0.0,5.676230626895732,10.7232677167612,47.59886446197631,1014.7233423782831,49.8999663321944,230.2672136683855,0.40393606357729306,10.80846577474669,9.61514225966041,-4.936969325344592
2026-03-20 04:00:00,4,4,2.1476811112032004,3.6727197739035464,184.23705852260684,3.221521666804801,5.50907966085532,55.980054245546306,56.02832636850837,21.476811112032003,13.347101219833224,13.510668505640933,48.10454638314083,1002.864046627134,50.13453321113579,228.99045923770925,0.3829079096538365,10.186400629564103,8.846201609635626,-3.518167339006974
2026-03-20 05:00:00,5,4,0.0,1.3678327813407847,143.62493057101383,0.0,2.051749172011177,38.97707386810853,36.51841929771369,0.0,8.883452031289101,14.14984653668407,50.13218116018877,999.7636094417718,50.0417414498908,230.01023812835618,0.39095183304953135,9.874589935739897,10.194444265081549,0.5599479239657065
2026-03-20 06:00:00,6,4,0.0,-0.30534023016098544,153.36186859766997,0.0,-0.45801034524147816,66.30246019336619,65.90031761015368,0.0,6.674319682628253,12.97782626998151,39.71920243007557,1016.0085488278114,50.081418205175254,232.1165945454311,0.39135821649784575,11.161639138725855,9.200927327781514,0.4026566179053482
2026-03-20 07:00:00,7,4,0.0,0.9723312155625407,167.45340561418877,0.0,1.458496823343811,49.01285326205747,51.26988599944194,0.0,10.891105910662153,17.748081884418816,63.19630858574099,1012.5940910418022,49.95929935806116,230.65538305186553,0.3952558896895183,9.012103034375937,9.289291758463929,-2.7017902568986703
2026-03-20 08:00:00,8,4,8.904595961562606,10.74675744722999,148.960073695997,13.356893942343909,16.120136170844987,59.658905356834424,59.32032272433542,89.04595961562606,8.686448181613336,19.51833869287242,54.62430627784187,1007.766010808408,49.97366922084288,232.33051809764567,0.3888034592904761,9.687784423200062,9.76427513597505,3.0672502605430756
2026-03-20 09:00:00,9,4,4.591079389560425,6.761251818377706,154.06270139316595,6.886619084340638,10.141877727566559,40.67639908849864,41.862472709507685,45.91079389560426,13.465512714130458,20.014087042471893,69.90344095022937,1016.3940247506057,50.10889757659168,226.06875673222507,0.4020323826662854,9.674800589216906,7.324673167652406,0.9426911547376577
2026-03-20 10:00:00,10,4,3.989008635360144,4.522718773777069,169.07462059219904,5.983512953040217,6.784078160665604,43.63706254506638,47.425852450095284,39.89008635360144,11.080447319265451,18.834005472429233,50.501221389825545,1008.6571883510348,49.98202620557954,227.0733460897434,0.4027003849851516,9.258042052706914,7.896408583432106,-1.1030772457508315
2026-03-20 11:00:00,11,4,0.0,0.08111693332037578,175.12378022965098,0.0,0.12167539998056368,50.53442173281298,49.64030912848968,0.0,8.955990130087017,28.549233582194734,52.79236513264932,1018.458936979,49.99485764641802,231.92315623134309,0.4086150726284189,11.568600630776078,9.209910205097923,8.062721808354024
2026-03-20 12:00:00,12,4,0.0,-1.7205132906830776,194.41745345059263,0.0,-2.580769936024616,50.718995752237156,50.39414606114536,0.0,7.746441947068922,28.465202815089647,51.43630576034704,1011.3620828900483,50.007475504385674,230.9384798329506,0.4074209989299208,8.635287096083015,10.678885788639544,4.483960773028174
2026-03-20 13:00:00,13,4,5.539333917488272,4.978949736960519,206.03617825665364,8.309000876232409,7.468424605440779,48.279215377268386,46.08947325130826,55.39333917488272,11.57885905460019,31.006279787532172,59.23700155690571,1019.4602235841012,49.97267599069109,228.57948109837008,0.4131508798165406,10.134577002541631,10.46434689375201,2.775203916160349
2026-03-20 14:00:00,14,4,0.0,-2.8520512732875676,230.59693558635234,0.0,-4.278076909931351,44.72096098600954,41.516335977740425,0.0,8.428850728030755,30.95847838413491,45.05645295426942,1023.3267919188236,50.04528548618466,229.91153038262564,0.43039404023127387,9.680981709863188,9.321847185988863,-8.38840880477769
2026-03-20 15:00:00,15,4,5.416006464178472,3.731825015925508,234.02259881275623,8.124009696267708,5.597737523888262,53.15086135327682,54.724891448422596,54.16006464178472,8.603887176244122,31.536399196711393,59.553373151138395,1016.5312015662306,49.954549370985994,232.60392778482313,0.4302869440696012,9.954776731878612,9.94277576109698,-3.415743558077717
2026-03-20 16:00:00,16,4,10.029922269841368,7.957622037358935,258.83055426934493,15.044883404762052,11.936433056038403,39.09725566446677,39.842379305214216,100.29922269841367,11.353304202358702,30.553128472906437,60.6373679405446,1004.8300559828825,49.96994123068838,227.30480819961855,0.44001281225404665,10.593253955265673,10.501950122358487,-1.1020792835996824
2026-03-20 17:00:00,17,4,7.06729252510293,6.907677111492898,243.82170568479302,10.600938787654396,10.361515667239347,60.59702082270595,60.92504934295559,70.6729252510293,11.910346871588997,28.185334204410612,47.18217547102932,1009.9290604665871,50.035243939531114,231.2391000409124,0.44751129777351806,11.083256264278761,9.281644835986244,0.242816975659174
2026-03-20 18:00:00,18,4,3.079793214657894,9.73697546800949,248.05350371545373,4.619689821986841,14.605463202014235,37.352398524284716,37.49338633626738,30.79793214657894,12.0700439109777,27.061965427078544,38.92039844110671,1000.6627635351934,50.00175780423493,233.49728487843205,0.4462339039760268,8.704937269591635,8.866601328498977,7.950657588078788
2026-03-20 19:00:00,19,4,5.761708639892373,3.2377746511558327,247.1050361587148,8.64256295983856,4.856661976733749,58.690418376297664,53.80173889180134,57.61708639892373,10.640774553635948,25.316439278984063,49.58430340016859,1009.1870234332927,49.997672611458874,230.53856208412563,0.44297272175943453,11.891121917087823,9.139617252929103,0.4957172155469544
2026-03-20 20:00:00,20,4,2.198508753122675,0.5016305470102429,241.32004132967728,3.297763129684012,0.7524458205153643,53.95283357015654,51.78123197154342,21.985087531226746,9.439679026183581,17.497189904014483,52.02191634345441,1010.3377505171804,49.943763888579085,230.83183372277068,0.43311041489852026,10.567102050082024,12.562792674553169,-1.834692335396373
2026-03-20 21:00:00,21,4,7.713634553500136,9.440487892200368,217.30820122964906,11.570451830250205,14.160731838300553,41.797854635228774,44.38179279486357,77.13634553500137,10.33412701893425,16.344535520344866,58.09584827039071,1015.878563375119,49.99446165293908,231.31295095516828,0.42085391858878674,9.364809906969311,9.440228515635251,-7.381820019580507
2026-03-20 22:00:00,22,4,0.0,0.15091765204216484,248.46045608874016,0.0,0.22637647806324726,37.16962173786409,38.914950816310125,0.0,8.510541653315553,15.265473206504698,28.84236505457408,1003.9733674253249,49.94407446260892,228.66814336342793,0.42196745883392583,9.774822504815788,9.025028217325586,-9.711855513302652
2026-03-20 23:00:00,23,4,2.462573348745538,1.358914761894705,221.45608322118034,3.693860023118307,2.0383721428420576,48.8540896792533,51.70447348890893,24.62573348745538,8.074517106165926,15.000321708300334,49.941949594208296,1019.4510358106879,50.04183560041373,229.09438516693157,0.4071062295726957,11.202067028089726,9.839417061475919,0.04867449880681106
2026-03-21 00:00:00,0,5,0.0,0.3153998044871422,198.7537026746066,0.0,0.47309970673071333,45.58094058398641,42.1541804591478,0.0,6.976136367600245,9.725047575800147,47.704101975382855,1018.6486952266016,50.0113658189272,231.32542137073415,0.4158268126600161,11.719305062697845,9.778853490389585,4.530584245619394
2026-03-21 01:00:00,1,5,2.240165055422521,0.8960210207542845,198.86483308102856,3.3602475831337815,1.3440315311314266,48.57303250994681,50.226014166022445,22.40165055422521,9.436198647860051,6.986309888365112,42.25084106332688,1012.4081360363309,49.92904077676786,228.37776873086355,0.41065857451481963,9.973010965564118,11.19319713771553,-0.2637948403964101
2026-03-21 02:00:00,2,5,0.0,0.6738530256568891,168.16311039465324,0.0,1.0107795384853335,49.75003558196177,49.75396238927529,0.0,10.598540144686362,10.892133496951574,65.49194627418296,1006.0544972184191,49.90120560118067,229.01792675794303,0.40232942807163563,10.621408479560861,9.301706871293062,7.790781840204949
2026-03-21 03:00:00,3,5,0.0,0.08006189756439848,172.05197788486788,0.0,0.12009284634659773,29.65385381383055,30.384420703883716,0.0,10.67142709044964,11.020517488939273,48.493109758906805,1009.8687641444483,50.00306391330289,228.32210611704954,0.3990370271858025,9.225839634932113,8.332609749661659,4.568968326679627
2026-03-21 04:00:00,4,5,0.0,2.2769525290267874,173.91533841627987,0.0,3.415428793540181,60.052861505615724,59.30856514206695,0.0,10.94474505289341,12.063514842746835,40.58854838092124,1009.5896710752556,49.99845355221683,229.17417477816662,0.4042973119201574,10.046291841054595,9.481297000364494,-1.7105611196579864
2026-03-21 05:00:00,5,5,3.4523458597492853,3.782829287785365,136.1365656055645,5.1785187896239275,5.674243931678047,46.20799300717129,45.72598423465751,34.523458597492855,7.764029133497738,13.423797513728484,54.8576542278349,1015.6074348638219,49.85352624086519,232.27164668105254,0.41177972252970524,11.213721957710934,8.952563959866575,3.8169370176353867
2026-03-21 06:00:00,6,5,0.0,-2.4920006680902995,146.81667838039155,0.0,-3.7380010021354493,47.62910780991713,50.86017963425375,0.0,9.493845486070914,16.80267254059055,40.622961542611584,1008.7731344259778,49.97213127903991,231.21519253257878,0.4348942289310746,9.331754255879627,9.624908871898707,4.284584335032954
2026-03-21 07:00:00,7,5,0.0,2.679226158384587,140.67149274746865,0.0,4.018839237576881,38.161771498087106,39.33055057063029,0.0,10.809392267404768,17.433900550133078,62.76839711532349,1012.7393110173003,49.98627187178405,232.92946747435894,0.43616624490311123,10.318659813297804,9.790352146835694,-11.678991585835274
2026-03-21 08:00:00,8,5,0.0,-3.0224484108424012,162.17540871899843,0.0,-4.533672616263602,57.50348480517721,56.93150874978519,0.0,9.052975676892832,18.125347410723997,67.1306154885761,1004.6994750761733,49.99110297851802,231.5482667932206,0.4242258384515696,10.142929185809347,10.811948300853713,6.09948093376299
2026-03-21 09:00:00,9,5,0.0,1.8258294383326439,174.19804996457037,0.0,2.738744157498966,49.57803930802224,51.55088894860852,0.0,11.807129665169857,24.398456324507965,46.71806351547454,1012.5967947162128,49.85614750613238,233.5156881795719,0.4116678408343383,10.271903925761203,10.411322054593695,4.080625491883822
2026-03-21 10:00:00,10,5,2.081776497475785,5.000160126621739,175.0367025442752,3.122664746213678,7.500240189932608,50.299784370506316,52.81432828988422,20.81776497475785,9.83026311706184,24.78222905888118,49.457513639261954,1017.2296938161722,49.950170287580576,230.99265557657884,0.38785260775374997,9.533758198545877,7.989029596424004,-10.376141924733842
2026-03-21 11:00:00,11,5,0.0,-2.5459114640323484,205.28708180875483,0.0,-3.8188671960485223,65.3602992900883,64.28466329327534,0.0,13.796737605582575,25.62259375134363,58.18599533405903,1018.3808805208358,50.01774786099022,230.57476089361836,0.3929226667805239,9.156522837757928,9.595826904935366,-6.8591161940685454
2026-03-21 12:00:00,12,5,4.875777668724981,2.412745302639556,208.31851681452392,7.313666503087472,3.6191179539593343,36.81583834361864,38.78414909340243,48.757776687249816,11.12383921035968,29.242220867561567,50.039808295204196,1004.9547682409366,50.05759448513216,231.07274118317272,0.3909830143002503,9.182476856674215,11.95944481650666,-5.307962602925036
2026-03-21 13:00:00,13,5,0.0,-0.5031143194917923,231.7393663846921,0.0,-0.7546714792376885,40.01547933261455,40.35041387562216,0.0,12.916019010892434,28.241714622218613,37.511933484350905,1024.1530926394182,50.05742287946843,229.49658831188324,0.4155822562514846,9.937938241469055,10.387858271810227,9.843699130351272
2026-03-21 14:00:00,14,5,8.052810042056233,7.152025207407492,209.82059186374514,12.07921506308435,10.728037811111239,46.7774733887803,43.896553085280374,80.52810042056234,12.357995991842518,28.743715698049495,55.00686140335265,1016.5347720092019,49.9062738960125,229.84571781714249,0.4131944710316639,10.9209757178316,10.101627030698694,4.724741054854782
2026-03-21 15:00:00,15,5,5.888131035706202,7.839457781929193,231.91453987197212,8.832196553559303,11.75918667289379,66.24008745977318,66.46428823816188,58.88131035706202,4.9538351887541205,30.58113001569586,36.43685473303245,1010.2957047885448,50.021486461029276,229.2791951227778,0.42606269569415517,9.880842880164911,10.20059587535792,0.7276089135272887
2026-03-21 16:00:00,16,5,7.5388686113729575,4.009523341564336,260.0266025455427,11.308302917059436,6.0142850123465035,52.03608850853402,53.57302116163432,75.38868611372958,7.44807871877101,28.664524568553414,40.532443654032924,1019.2935766507755,50.001270150174065,232.04421292768245,0.42019328077399354,9.442815505411389,8.846941712550027,4.838439470216857
2026-03-21 17:00:00,17,5,10.006321511324959,10.118080527270862,248.05094735014808,15.009482266987439,15.177120790906294,42.63899742298777,45.794430920492445,100.06321511324958,7.861624878710606,25.401961565931057,37.65017101618596,1010.5835787878689,50.03939481118775,231.69152622961136,0.4155314047800639,10.104099725689693,9.206473124315425,2.778769801641255
2026-03-21 18:00:00,18,5,7.481579714074519,7.52342418768824,250.35771136944288,11.222369571111777,11.28513628153236,56.14367729144375,54.84478990433586,74.81579714074519,10.922163795488286,27.262536402440386,62.646766461946,1011.2257652531605,50.040424621501224,226.90823830970524,0.42645787685754616,7.544104030531533,8.371475784452349,-0.2916682778695866
2026-03-21 19:00:00,19,5,8.018204750089632,10.563304031966943,263.4538781017172,12.027307125134449,15.844956047950415,46.08375777433508,42.43995125979719,80.18204750089632,11.036204897659951,21.616987523454128,56.17796936055506,1017.62755821707,49.96911654048289,230.49186176775243,0.4314690608838998,8.751306410388347,12.03254085177347,-9.173283049465113
2026-03-21 20:00:00,20,5,0.23313030198485266,-0.5678891244068566,263.0567454444582,0.349695452977279,-0.8518336866102849,60.00321855572976,56.857195077496755,2.3313030198485265,12.542084114186238,18.96419734644041,49.22400339740543,1001.3202674880197,50.01302065606496,230.30617855211193,0.42387587312171493,8.1058394514384,9.160626907346286,-3.0821406805500295
2026-03-21 21:00:00,21,5,0.0,0.7275216212044343,232.1775985335014,0.0,1.0912824318066514,45.15275400482638,44.87800235556759,0.0,11.019687032814508,18.56192082404663,59.51743304376207,1016.6571761270899,49.95311883446661,228.79757918572872,0.417622186010964,8.215337168707615,9.886106499498915,-1.9112758010300448
2026-03-21 22:00:00,22,5,0.0,1.322241151852964,232.2627494380897,0.0,1.983361727779446,66.92692497032824,65.42182456755916,0.0,10.865620138974602,12.537845076554069,46.693967790702736,1019.0855135553138,49.94965972504126,231.85233272637188,0.4238989006131231,8.784484052012369,9.970742638035125,3.8480675976586443
2026-03-21 23:00:00,23,5,0.0,-1.5329401620958811,205.960868996916,0.0,-2.2994102431438215,45.229993625894515,46.330863203296886,0.0,8.566030576918681,14.855294169948188,52.17540149379858,1008.7056082905397,49.975950089312256,228.3814996620609,0.4378500867914359,9.096764989738578,10.397577358363648,-4.999533665819013
2026-03-22 00:00:00,0,6,4.474397781379198,3.8573218789832726,173.29692513645654,6.711596672068797,5.785982818474909,43.624715460433514,44.28052028167293,44.743977813791986,8.773908118826268,11.506714130200475,45.35004308855064,1017.1362489827889,49.9774935227102,228.5855425870339,0.4410199372919427,9.322937559913663,9.979946915990276,11.572768054398475
2026-03-22 01:00:00,1,6,4.710402260965494,6.854768985634019,178.02192666095164,7.06560339144824,10.28215347845103,50.49502701552862,51.49913174159878,47.10402260965494,8.350806752616908,12.086761650953578,54.59276988723896,1020.1960975256301,50.045175873243636,231.0675476849411,0.42978814037579743,9.931705748000415,10.834801464369772,4.396043873178004
2026-03-22 02:00:00,2,6,0.0,-2.148228696118353,176.03214825899335,0.0,-3.2223430441775296,33.104100262630396,32.79579813349407,0.0,10.321843174366554,11.53833536390766,53.72075460427758,1009.4572129599277,49.99484950969225,230.71696840382316,0.43410906668672533,10.415019794824708,9.06290549205037,4.924166911716569
2026-03-22 03:00:00,3,6,0.0,-1.5878799125422411,166.44342908356728,0.0,-2.381819868813362,68.65922684756669,66.64345445764869,0.0,8.40008409624905,9.454000673481751,40.227639428908205,1020.8763848629237,50.0182023399865,229.32747490732146,0.4350050965849488,9.650005428118966,9.876623541968188,4.1021501580809625
2026-03-22 04:00:00,4,6,0.9231215613759705,0.21633188212034138,151.99047491583133,1.3846823420639556,0.32449782318051207,54.977661013667515,58.31611869966067,9.231215613759705,8.72572147541433,9.585876940086987,53.50050933287248,1008.3713142155271,50.05555886296923,229.29214390309784,0.4425206502768818,9.332096703180543,9.72868950398151,-8.0895270801919
2026-03-22 05:00:00,5,6,9.1133014850037,4.242050621022481,162.17009428754807,13.669952227505549,6.3630759315337215,42.335445473214655,43.68551680222306,91.133014850037,9.209237276436244,10.808019487549881,53.94315874219494,1017.0111445539907,50.05157482484072,228.32768168115456,0.44028899067235766,11.145093422424967,9.761794312176136,-7.009266726856054
2026-03-22 06:00:00,6,6,3.358348218540263,3.408279489653758,169.70884266710934,5.037522327810395,5.112419234480637,51.55222121615257,53.29707433259775,33.58348218540263,6.290417766673432,14.10175495362931,41.88801625299772,1024.2068643176838,50.045992635174905,230.46788189071037,0.428880285084539,9.201840823178697,10.351397647631668,3.210010950668394
2026-03-22 07:00:00,7,6,1.37527513112754,3.668232736287396,153.1246859726616,2.06291269669131,5.502349104431094,39.375728083482635,40.69027203270255,13.7527513112754,9.457936239733709,18.75086762047464,42.86863662870809,1006.6385020088399,49.98978560105643,229.54576966267334,0.42849213188453006,10.627065970632305,10.150029624912204,-2.424269165750376
2026-03-22 08:00:00,8,6,0.0,1.9700416808538694,143.33460393614504,0.0,2.955062521280804,60.12990779434671,57.731183571749376,0.0,13.358325067638148,20.423724778148937,26.55003129870615,1006.8869073258378,49.982689628870624,228.12987431777884,0.4460386234224576,12.126382166433261,10.10098691847482,1.4412153007509536
2026-03-22 09:00:00,9,6,6.672766461836161,4.447575473474176,160.9549856364698,10.00914969275424,6.671363210211264,54.756051496565846,52.64853949449019,66.7276646183616,8.15663841103377,21.560997305209266,47.48920872882053,1002.186802912148,49.9971683622808,232.65349162828917,0.45421086108401965,10.254951853514665,11.499958856778315,-5.691596809381564
2026-03-22 10:00:00,10,6,3.7159529073089352,2.580171557506167,180.90865358529837,5.573929360963403,3.8702573362592503,48.53551375490508,48.16695349826571,37.15952907308935,11.367764062991426,27.898632421646948,41.081714023897874,1015.537248083329,49.95268513705205,226.91414885787214,0.46901161935831565,10.423584617587148,11.089691009643246,-9.007782250670967
2026-03-22 11:00:00,11,6,0.7607999820925969,-2.7513534534910655,205.76181246343234,1.1411999731388953,-4.1270301802365985,50.96683615034032,50.655189640889155,7.607999820925969,9.235051443371976,26.848159914922007,59.16772624689609,1011.2577202913382,49.97035692422588,230.881465192028,0.4785899733460884,10.214322551086758,10.577480373735117,-1.0951695255036833
2026-03-22 12:00:00,12,6,1.4295446255771476,1.8966065295695984,194.005672843943,2.1443169383657215,2.8449097943543977,44.786781376507705,42.32880905439522,14.295446255771475,8.826592776283686,30.592512850727882,34.849915127519324,1017.5289155203698,50.01516501635134,228.88351724138786,0.46730170442034125,10.045461935113172,10.3766128614385,1.3196280662672522
2026-03-22 13:00:00,13,6,0.4354878796217393,-0.5257492698844681,206.91034278550507,0.653231819432609,-0.7886239048267022,44.11878718688208,43.10068891396269,4.354878796217393,7.899784332150348,30.877216637218986,49.155380535618185,1007.2721072837196,49.973729785369315,232.13157210768895,0.46747137509606734,9.90285595830449,11.304407288715995,1.3927127246946784
2026-03-22 14:00:00,14,6,0.45269406689473357,1.0070550114640837,226.0078977057976,0.6790411003421004,1.5105825171961256,49.06787354078756,48.99203907919613,4.5269406689473355,10.532370386667028,32.4126040205897,61.640297801461934,1017.2307318835794,49.991933946490896,233.20652148843018,0.46413680844934374,11.829890006153533,9.058797777398112,2.130243492306819
2026-03-22 15:00:00,15,6,0.0,1.3211644368847058,224.01806995083396,0.0,1.9817466553270586,52.47934524974791,52.01405615892709,0.0,7.102789122941134,31.230474836174725,44.75741938424565,1007.108013651683,49.98555286732054,229.54970785827862,0.4583667356294531,11.009665932318317,8.706560708567414,4.589505076920185
2026-03-22 16:00:00,16,6,5.411812825597647,7.310792758793188,241.87687015119312,8.117719238396472,10.966189138189781,39.50033647029249,42.19616851972147,54.11812825597647,6.2793197055982635,28.737186262517913,52.91101898479708,1012.8542768659818,49.961212720283186,229.72431801991635,0.4343283687266518,9.680343681502,10.116941579523385,-8.500481263944884
2026-03-22 17:00:00,17,6,0.7478646636811058,1.6086154706074254,249.08508489490364,1.1217969955216587,2.412923205911138,53.478555843607694,51.58219850926901,7.4786466368110585,10.843203830722553,32.05551221892918,61.656759143143674,1011.097843720633,50.029752087200706,228.4062201633245,0.4237353951299735,9.793018359051866,10.940360631385348,12.66080793933602
2026-03-22 18:00:00,18,6,6.200747274875888,7.3948674208738625,250.81489966776272,9.301120912313833,11.092301131310794,64.86024531817057,66.05784152000824,62.00747274875888,12.616320865023749,22.469748670006148,58.70807812604858,1014.3137120265675,49.94766471035217,235.84486356178843,0.42265951625670184,10.513179480183409,10.650342960128485,-0.004546873327825953
2026-03-22 19:00:00,19,6,0.0,-0.585006807183964,266.19156826054717,0.0,-0.877510210775946,33.92320824290664,33.25593403992235,0.0,11.33389928766547,21.839462170856482,45.75327102414282,1015.3040476866877,50.03642734155389,230.00179667946153,0.42923201186012494,9.328820965637128,10.121609672656058,0.02558627505302193
2026-03-22 20:00:00,20,6,5.262186682860413,2.899416382161141,250.89250055971561,7.89328002429062,4.349124573241712,44.370535375839694,43.72973007652875,52.621866828604134,12.33446728885675,20.509721651050548,50.90270775305214,1014.1837588696633,49.99847378998918,230.24830944822685,0.43735944245013814,12.070450627248661,9.968145275258014,-1.6753324872212252
2026-03-22 21:00:00,21,6,2.2797387528626754,-0.979970387094999,235.56181761824013,3.419608129294013,-1.4699555806424984,53.876233430590105,52.196297771826785,22.797387528626754,9.040074123228832,18.78748504134907,40.87004604405618,1012.1791857005743,49.94458655578106,229.15379154847386,0.425329112941962,9.85337161704864,9.425262556252239,8.497382749969812
2026-03-22 22:00:00,22,6,2.983259985022416,1.4780783082531765,223.11729544660434,4.474889977533624,2.2171174623797647,48.03084343833339,48.68474687516124,29.83259985022416,10.236213652089942,15.438253279166815,52.867155767411454,1009.6562077624847,49.95490529174278,225.5766789226425,0.4291329096664036,8.838666729634086,8.26266673949127,-5.167130243869739
2026-03-22 23:00:00,23,6,11.768496669633215,10.287861104083602,211.88239705756965,17.652745004449823,15.431791656125402,41.87164090523062,44.332063996319,117.68496669633215,8.26785025007867,12.861127626070948,57.17691968102211,1012.9710842276035,49.9718125606231,228.38667814354687,0.4418224299987468,9.930076663748418,10.796741576809296,-5.720786405068736
2026-03-23 00:00:00,0,0,3.254697224168064,0.45511928099267873,197.5247968140776,4.882045836252096,0.6826789214890181,47.21805394559762,43.45294283945786,32.546972241680635,11.50813159423762,13.06955391095616,53.99327298244992,1011.1481613352533,50.022825300383964,231.50926656087606,0.4498084406738439,10.250173866558558,10.4281249458796,1.2572590961256713
2026-03-23 01:00:00,1,0,9.849415983092944,8.830477200619631,205.07024786028487,14.774123974639416,13.245715800929446,43.477195988452905,43.35327498376186,98.49415983092945,10.875935275900488,9.555535300714325,51.47574308358422,1012.1873599016415,50.04656589794488,230.8194491887796,0.4552832300347519,11.409441080412533,10.551563972535119,0.5950571718956145
2026-03-23 02:00:00,2,0,0.0,0.4336182887921746,184.90291237681737,0.0,0.6504274331882619,31.163156578155434,30.908877110468847,0.0,6.849772874215919,9.748960139565362,49.47325675537901,1016.4906083127125,50.00531713658152,233.13108363737774,0.4566708300660127,9.942760924072827,10.099559797570162,-1.9206933623879738
2026-03-23 03:00:00,3,0,0.5019122570482926,0.6341712547026835,169.36360666103954,0.7528683855724388,0.9512568820540253,46.83631789937356,46.85690896160108,5.019122570482926,13.364030153992926,13.80590259125731,38.428785613899706,1019.653105608516,49.9138173672107,228.88044222926095,0.46800402990911233,10.5880143253282,10.360254456698158,0.33788748960829273
2026-03-23 04:00:00,4,0,0.0,2.6901076998063926,141.18888075577632,0.0,4.0351615497095885,50.612340156842336,50.378595257375736,0.0,8.337747170509052,10.39210098629845,43.097028080061435,1001.5483369511235,50.02333092813572,232.32806508408478,0.4795802845106577,9.327897576132479,10.890458898588056,0.52503140912282
2026-03-23 05:00:00,5,0,1.7255029767517114,1.9373260535542105,148.74054263311095,2.588254465127567,2.9059890803313158,50.46724979991967,52.90900412750226,17.255029767517115,10.9188262017141,10.000046022140683,72.62699305562079,1014.5546502926402,50.04499046719344,229.9597148512038,0.4876488843468651,9.595622712426787,10.148034855184545,-5.438793694111569
2026-03-23 06:00:00,6,0,8.091859785690405,8.214939410571976,141.3337139905799,12.137789678535608,12.322409115857964,53.97334752892393,55.82832236759862,80.91859785690404,9.54175470808542,15.316169127894089,44.188036924479164,1010.5375575129661,49.895247000779264,231.07486879841508,0.49195043731098614,11.726763324556094,9.602285372001974,7.526617782847712
2026-03-23 07:00:00,7,0,0.0,0.944174447064863,150.03831503644693,0.0,1.4162616705972946,48.04665372003473,44.2603047130612,0.0,11.396254698823276,13.698972779386057,35.40394778978738,1006.0528965968853,50.01438919986794,229.56109845953034,0.4921249680207751,10.131650778818253,11.851524589076446,-1.3005534329179587
2026-03-23 08:00:00,8,0,0.0,-0.998244232671797,148.7348785509612,0.0,-1.4973663490076954,42.72658353525025,40.53657712783702,0.0,10.856027446926028,18.434724225119602,45.03277513549112,1020.1166409230943,50.07162273962294,231.4353858963757,0.5062303705283269,9.885959825337725,10.715578922237121,-0.30112637262053565
2026-03-23 09:00:00,9,0,2.858468427829915,0.2962616648611034,160.63204476124935,4.287702641744872,0.4443924972916551,27.268096744154278,27.521812019562866,28.58468427829915,8.683673101124421,20.53875057899913,48.01396352037956,1020.448659948771,50.044939605178676,231.9909856327439,0.5008614078042213,11.033142117850883,11.034219510459437,-7.9731011902311835
2026-03-23 10:00:00,10,0,8.795245265877663,8.495576751873045,158.01908199132427,13.192867898816495,12.743365127809568,79.04149621118177,80.78444396556698,87.95245265877662,9.227805966360224,23.763517536625468,66.72586776302187,1010.0864000983647,49.99016071333762,234.49802108600474,0.4859487371680536,9.08583864198487,8.104571933908463,1.9146079036471633
2026-03-23 11:00:00,11,0,1.4685434931696237,4.067010366679002,173.96845392349982,2.2028152397544356,6.100515550018502,59.30528809496556,56.665409804443584,14.685434931696237,7.714658027325873,26.61548455382978,46.10575288149915,1005.4266806320478,50.02570623640227,228.73641451560596,0.4882445791477416,9.536699857260095,10.312483532529251,9.573963645048677
2026-03-23 12:00:00,12,0,3.636652834352697,4.095757165646843,210.7420586769093,5.454979251529045,6.143635748470264,47.37641874202281,49.61336564866476,36.366528343526966,8.001161741082456,27.58031894170047,53.15658103265023,1018.256454010625,50.016970190727676,227.68695879946054,0.48314670244240715,11.554912175033238,10.424462058759213,5.075587906273586
2026-03-23 13:00:00,13,0,2.214410701515198,5.180529678799399,213.05608372334282,3.321616052272797,7.770794518199098,60.99227235371606,61.39667755561473,22.14410701515198,10.717031304813377,24.943639826707916,43.19752785296237,1014.6747476311459,50.03204965110723,231.67559137938818,0.4667938831600802,9.814675968270324,11.824793279087773,4.372820986462729
2026-03-23 14:00:00,14,0,2.817252972331509,9.701503343329886,222.27050423381058,4.225879458497263,14.552255014994829,57.52391698813495,57.920416864105455,28.17252972331509,11.17430348611002,30.626329077585428,53.05778094616299,1008.2383781538242,49.98205947170779,230.5628113414524,0.4671831557289156,10.629528504711518,9.991884193589165,-1.2494942292293032
2026-03-23 15:00:00,15,0,0.0,0.3226427515100266,222.38039281879605,0.0,0.4839641272650399,64.26746775772399,60.298089492528106,0.0,12.956055930207611,28.987213038604462,51.53446197305805,1019.557346467902,50.10480703527975,225.4589491051594,0.4537836681341969,10.950430731857525,11.697353856866535,-0.6434399135140212
2026-03-23 16:00:00,16,0,4.723070814363924,4.44077485280032,251.15777797315468,7.084606221545886,6.6611622792004805,49.61620796702068,50.35990656367979,47.230708143639234,8.81998161436283,28.33673355757116,49.13246034007853,1017.5399300682378,50.00672970915998,230.67055649477686,0.44445025298965773,8.954674175444659,8.859685654095943,-6.453908223937411
2026-03-23 17:00:00,17,0,0.13161107016998985,-0.06921805409334533,250.55833380652555,0.19741660525498478,-0.103827081140018,59.67505344556872,54.21784841953842,1.3161107016998985,8.820044756992402,29.197573532354397,62.02975754364553,1019.9617349003372,49.96658022192394,230.28290629605272,0.444602630316867,9.10645099260027,10.007387001665084,-2.6538589916045163
2026-03-23 18:00:00,18,0,0.0,3.1971476876087785,250.51749234163918,0.0,4.795721531413168,64.10868128183259,64.90755939468072,0.0,8.870702334425545,25.2434639581963,50.10914495319384,1013.1566477038702,49.97388035289867,229.6469545898664,0.45871289499820006,9.325298566441802,9.216136419499326,-2.938989496752364
2026-03-23 19:00:00,19,0,0.2354707512991681,-1.9081977313531628,241.11511957423585,0.3532061269487522,-2.8622965970297445,49.33494593123628,46.508022638504606,2.354707512991681,10.148806174213602,22.581738272980704,43.562385632689534,1011.821153790518,49.92422322715363,229.7643200837726,0.4693807225144544,9.32449343279967,11.414671745423329,-3.542181522975885
2026-03-23 20:00:00,20,0,0.0,-2.5827280747246735,251.85492334595816,0.0,-3.87409211208701,49.61590562710666,48.210252440019,0.0,10.701740443920986,18.664995640372695,45.72474553789207,1010.1063593829641,49.9414656447353,228.9867842486546,0.47649688456121897,10.233969993929096,10.223326334561378,-11.282242655520243
2026-03-23 21:00:00,21,0,3.900832299616308,4.193111575097016,250.85948260697984,5.851248449424462,6.289667362645524,51.32606260923424,52.29347312175123,39.00832299616308,10.52021624045412,18.54415704075193,63.58875305928079,1010.9450607893775,49.98927557219954,229.80764185608282,0.4692279302841083,9.812648439885978,10.534715477492956,0.42820572269582746
2026-03-23 22:00:00,22,0,5.131636335443773,7.434554552951187,220.00297017153565,7.697454503165659,11.151831829426781,58.473337432658006,55.83051794221569,51.316363354437726,7.502688876457769,15.580933051255771,55.94681355613562,1024.2794497670666,49.97237360184598,228.46755520982953,0.4495644514631262,9.983642641266126,10.413072248951222,-0.6600096141364611
2026-03-23 23:00:00,23,0,6.817299508059406,7.1082761604459135,206.19248914599544,10.22594926208911,10.66241424066887,27.747950572649618,26.66966173926995,68.17299508059406,12.233408351149507,10.81040242203565,69.78680322359561,1020.6679639031045,50.00275125558496,228.69775031249787,0.4589207142662897,9.117067688659333,12.39419930083879,4.803658204340726
2026-03-24 00:00:00,0,1,0.3579072345110781,-1.1597032961106397,191.66172670436163,0.5368608517666171,-1.7395549441659597,53.653214758032306,55.39720901208437,3.579072345110781,12.356164325724372,8.748478373886194,45.644744577720445,1018.6545478607638,50.001297309606386,229.0692832681853,0.46628129892990405,10.889985084976274,7.921641484462398,-4.231604410770171
2026-03-24 01:00:00,1,1,0.0,3.6297417796453644,195.7326636389971,0.0,5.444612669468047,42.76608510921116,45.069975608972854,0.0,10.867238878233309,7.3472408788671135,35.31835650173649,1002.3334638096998,50.036557219246184,233.553610299918,0.45266705481428754,10.776017815305092,10.507944594350965,-5.387983905935534
2026-03-24 02:00:00,2,1,0.0,2.625538649974777,178.58818496365947,0.0,3.9383079749621652,42.00457991485839,42.20178340863937,0.0,10.386538849566167,11.989970664417998,70.8850378930085,1012.5571661159989,49.94395915018821,229.9868273549505,0.4549655505897771,10.590746911671758,9.694228499517433,-4.079713986375326
2026-03-24 03:00:00,3,1,4.042067934181458,7.577751710100056,178.180679134907,6.063101901272187,11.366627565150084,55.40169144059495,55.82955559022951,40.420679341814576,8.83768629209648,9.438952804309965,32.5803796130681,1007.3535423009002,50.0115106772718,230.23236645207987,0.45376908737899224,10.347921766358127,11.354792928829244,3.562129569578376
2026-03-24 04:00:00,4,1,0.0,-0.4954912941642578,168.62873679316863,0.0,-0.7432369412463867,44.650350615945385,43.66071352636482,0.0,7.194195312548899,13.719381315231926,56.96350352605194,1005.4301540030218,49.997465901814344,237.41319066610683,0.452660134682898,8.055169863224414,9.109056866976388,-6.362434137999809
2026-03-24 05:00:00,5,1,0.7348297932221409,3.476909986325761,142.755832089322,1.1022446898332114,5.215364979488641,45.15948000989547,45.04323782008363,7.348297932221409,11.382428606643545,12.708975325940374,48.01893140602127,1013.9420053285298,49.99050917283471,232.20995454651586,0.4443203190325679,11.061382650171034,10.860261347500025,-1.1956787305019636
2026-03-24 06:00:00,6,1,0.0,0.9048320224500157,157.51476114866514,0.0,1.3572480336750234,48.6876194151127,46.633751325035405,0.0,12.896589545543192,14.331443312872862,39.91976202226411,1010.5271192077196,50.10978666878282,232.2715425019972,0.4436089301262402,10.212794277456489,12.499848343444874,-13.465183253382808
2026-03-24 07:00:00,7,1,0.0,-0.3826330698666001,133.22345366398972,0.0,-0.5739496047999002,67.61353783978464,71.49856399831901,0.0,12.51573858975728,16.881509433760517,37.64183826052741,1013.7543489687797,49.99659646553083,233.10184475794787,0.4363794235789486,10.275583898891044,9.50269363857176,11.245681509757006
2026-03-24 08:00:00,8,1,5.239012549036017,4.7321248606039354,160.14951340549294,7.858518823554026,7.098187290905903,59.90573263267073,59.578163494850635,52.39012549036018,13.1356902045177,19.730634727474335,51.86726372602539,1007.8789909418432,50.01814509891316,231.8982519537729,0.4054893985937025,11.31190657556077,10.85394774391111,2.5993569836014614
2026-03-24 09:00:00,9,1,0.0,-0.5691518114211456,182.98045933273826,0.0,-0.8537277171317184,64.71954747039169,68.66544867789528,0.0,13.463320485539406,20.93696034628515,45.09314900258924,1011.869336483002,50.014575147119466,229.32488658317652,0.42638571117497415,8.83703760732648,12.026529663908054,-5.494681718110303
2026-03-24 10:00:00,10,1,5.602575839710866,6.335125667842006,171.9787790490367,8.403863759566299,9.502688501763009,55.37849062862964,51.06667738796748,56.02575839710866,12.206581854814708,20.485383983776146,40.39020923727252,1007.3067006783217,49.99534709055138,227.0535535081721,0.4247164550583517,8.594897655933975,10.704249412557008,-10.692529292368022
2026-03-24 11:00:00,11,1,3.2687636192378084,2.7166440748763785,202.59740086407584,4.903145428856712,4.074966112314568,45.91841153237876,48.31924143818845,32.687636192378086,10.704444133517292,28.163698691582724,33.501995822266466,1006.3844580396682,49.996831760561655,228.0651557245778,0.43017232275586476,9.157789570286875,10.387468255574147,-2.1163014441310417
2026-03-24 12:00:00,12,1,1.8364082053967952,0.6356411522406131,186.37904701055785,2.7546123080951928,0.9534617283609197,36.45187930729939,38.97968420584346,18.36408205396795,8.941591508876945,32.24480023664837,55.59031714101561,1018.537095318804,49.97152680739522,230.8449670301711,0.41504754790010967,9.55270253939656,10.793139968381318,2.2952694867514105
2026-03-24 13:00:00,13,1,0.0,-3.9005763231945467,210.8719879188019,0.0,-5.8508644847918205,58.986024915764354,60.75974915213013,0.0,10.51532761468811,29.843633688412694,66.50358143323322,1010.6202823198425,50.0872251805107,230.31196132834106,0.40481612355184765,9.534019325361816,9.459355223395102,-1.9566814052736692
2026-03-24 14:00:00,14,1,0.0,-1.1986133048598246,231.41699812372468,0.0,-1.797919957289737,49.495118980749616,50.893159880554535,0.0,8.431291022353335,31.542326388459077,58.232157976405794,1002.0903353010748,50.033927725590914,233.4063020580467,0.408871484716433,9.96099146756768,10.346198365637663,1.6659641358500166
2026-03-24 15:00:00,15,1,0.0,-2.3456950755784653,245.55406965337576,0.0,-3.518542613367698,46.77357038598803,43.20301616023595,0.0,11.018748210552733,27.12737603919204,56.929905555732134,1011.3748390736727,50.0560114745922,231.26713064990994,0.41019640343926383,9.7921112338298,9.46911240170265,4.20971580363193
2026-03-24 16:00:00,16,1,4.265919447451983,2.9672511855568042,249.7779773623921,6.398879171177975,4.450876778335206,59.50081882697423,59.37152688314502,42.659194474519836,11.535657196755642,31.134093910255235,24.04655439765079,1015.5336703750378,49.91095569657221,230.71609359095808,0.3950961406326508,11.362085306601928,10.768436635583042,0.4338774314681998
2026-03-24 17:00:00,17,1,7.3358729192772785,7.602955393843952,216.3302954617542,11.003809378915918,11.404433090765927,55.128039414600295,52.121035629530724,73.35872919277278,12.933761131047465,23.886622270324352,54.64333096993756,1008.0173977822604,50.0502015578912,227.1591825724426,0.3800241860449318,11.092643656793863,10.022034755847319,-0.6705095348289059
2026-03-24 18:00:00,18,1,4.0108061049877515,8.592201992636141,247.65749512183103,6.016209157481628,12.888302988954212,48.87518381638488,49.9022498790033,40.10806104987751,8.81158493570694,28.849155553561456,57.606018129460416,1021.9840961289892,49.98844066794551,229.4907807319647,0.37243818009087915,9.791039274127332,9.692863478876713,8.326338803088102
2026-03-24 19:00:00,19,1,0.0,1.0627179223996588,256.1880172087082,0.0,1.594076883599488,52.088668565645264,50.19556481627333,0.0,7.90949001608217,22.890129744567943,28.19703802587188,1013.7001631458902,49.95499712254107,232.04658579964075,0.3757040389928332,9.380751291846446,9.843349288393997,-0.22031612834520947
2026-03-24 20:00:00,20,1,0.0,1.81884021423157,238.8384557265388,0.0,2.728260321347355,64.62591363969327,63.52594278724783,0.0,6.278778323540015,18.14289339292787,47.36338244607348,1021.4815401028783,50.082770227101804,232.3121008084592,0.39019348458838204,10.015163054604628,9.586405113378069,-2.3466867418467747
2026-03-24 21:00:00,21,1,0.7075239724319694,3.3862989077303807,220.1503951455734,1.0612859586479542,5.079448361595571,57.67425443368054,55.39774093084734,7.075239724319694,8.418266251707204,18.890054100945914,41.645130460599155,1016.7649423300262,50.01209078846959,226.7110043165676,0.3685439435056759,10.02755845836208,10.648584621600559,-0.6246917076931934
2026-03-24 22:00:00,22,1,0.0,-2.4774475706641295,210.39857068736254,0.0,-3.7161713559961944,49.90269800394576,50.999143810552575,0.0,6.49707937288264,15.267039368154872,47.98508914805659,1022.2404667002132,49.96331882670754,231.18630996057655,0.3570261981320573,10.148001512200588,9.869083682991413,3.997159655245394
2026-03-24 23:00:00,23,1,3.296109802739435,4.841175985007654,207.26653091123205,4.944164704109152,7.261763977511481,40.1621575290686,40.4073049113576,32.96109802739435,11.430175890802627,12.003607246707654,51.11353160735599,1015.3244107039945,50.025434855227026,231.9366143227025,0.3644858258797463,9.700015984052303,9.970108943673242,0.4065034171847873
2026-03-25 00:00:00,0,2,0.0,-1.3609617213860323,192.94440320364274,0.0,-2.0414425820790485,41.45860731570137,44.53336286145698,0.0,12.681152436961769,14.38996268008188,35.40225978288763,1011.7063221440495,50.05012286422565,228.39570967375644,0.36461180888826317,12.454518489513251,10.257808182308624,-17.33387191394622
2026-03-25 01:00:00,1,2,7.369715483655874,7.08283599071974,196.41293632893309,11.05457322548381,10.62425398607961,37.34359023383888,36.9408265150528,73.69715483655874,10.704276043394941,7.14337207283053,40.41321432247052,1023.2596637035406,49.97566269957819,231.06822622329437,0.36964541789711913,9.342712889315388,8.019579853152848,-2.332686741896723
2026-03-25 02:00:00,2,2,0.0,-0.7803813537862823,169.8003172301116,0.0,-1.1705720306794234,64.54608290085466,63.64552094999902,0.0,10.285315786224196,10.145581751119021,61.805787000226815,1007.0144717884017,50.01242846702328,231.20273699823872,0.3625815283891801,11.29149952033208,8.585203916201088,2.8493163103797423
2026-03-25 03:00:00,3,2,3.1716049500505097,4.785269752507077,176.97080038135334,4.7574074250757645,7.177904628760615,61.69199957300721,61.185791020594024,31.716049500505097,8.146945666317606,6.575556529403759,46.46482306970892,1010.2672632295288,49.97611236369935,227.85904446025714,0.37692857124432866,10.408732310016033,10.82417262603535,-1.3953396281524886
2026-03-25 04:00:00,4,2,4.673450475319894,4.351339875590789,135.06209812523443,7.010175712979842,6.527009813386183,48.66971294524228,49.521732200284475,46.73450475319895,11.724671998195237,9.55237928938599,54.89885820198414,1015.1976040844359,50.07641510033023,230.36916491712907,0.37146939686304503,9.97441993608815,10.759342192120045,-1.6570996062563053
2026-03-25 05:00:00,5,2,2.9599648806317944,4.800444281564539,137.30437392812698,4.439947320947692,7.200666422346809,44.475521029589274,47.08931770101349,29.599648806317944,6.961279119626257,13.430594126527843,69.8049903636881,1013.9330452540836,49.94936109185112,232.22743596173962,0.37133202047587605,11.260736072357346,10.027782381520273,10.85552199746969
2026-03-25 06:00:00,6,2,0.0,-2.2479418144202454,155.38847715230995,0.0,-3.371912721630368,53.662546243384185,54.9974295531202,0.0,9.836417263510532,16.87330049028756,43.55294993907501,1009.3431451530303,50.15547904725633,233.10948018354813,0.37918537444803097,9.139812914754321,8.636247502544014,6.90329089365218
2026-03-25 07:00:00,7,2,0.0,2.1505365874619655,159.38561939504248,0.0,3.225804881192948,54.62359637646039,53.211817894346964,0.0,6.878305265586789,20.121086523961868,63.43461487116027,1009.9961358890101,49.93071312150326,228.27373942162447,0.38986866256872643,9.68907513512292,11.06657269564702,-0.6865757983213971
2026-03-25 08:00:00,8,2,2.02490205990195,3.4240184370712354,162.7750141887747,3.037353089852925,5.136027655606853,67.49423246257982,67.91906102934144,20.249020599019502,11.830941938556661,20.73463326757065,50.426687614016956,1013.5213914453373,49.99676904346648,230.25367912770383,0.40496814313895174,10.396994699975052,10.058687919962514,-4.820271350569207
2026-03-25 09:00:00,9,2,0.3263021617063422,-1.1832791727020624,173.223876151002,0.4894532425595133,-1.7749187590530937,56.25957964402974,57.36625170731371,3.263021617063422,8.883132835453686,21.357712780481624,54.80105084091026,1008.8131580852915,50.02735587596972,235.95183483262454,0.4159204936536407,10.167326465266223,7.899496114124826,-0.8648266023168011
2026-03-25 10:00:00,10,2,3.9881966685547616,6.015280170367426,185.90999833463832,5.982295002832142,9.022920255551139,57.23236699383823,56.89827563156016,39.88196668554762,8.093285668917549,23.82800375154359,51.95125770924966,1017.5190214147672,49.97648811144049,231.115976885617,0.4114018095119487,9.320191094942283,9.741390939436553,-3.114067222794281
2026-03-25 11:00:00,11,2,3.3032397990720557,-1.3544762807179338,184.6727131020364,4.954859698608083,-2.0317144210769005,44.092377000152716,43.63578471379865,33.032397990720554,11.069510010121169,25.470916882265936,57.02006005225157,1016.9619126764856,49.98178986561579,232.0084055239673,0.4190213693098268,11.559441250852496,10.011737100774116,2.33931181904249
2026-03-25 12:00:00,12,2,3.9847423467084604,1.690865794998118,188.4155621691038,5.977113520062691,2.5362986924971773,34.80475081073982,35.29609800136548,39.8474234670846,13.695230700494513,29.170655281650205,43.48959947569486,1005.9104724954963,50.01080905444931,233.79692181737053,0.40489493295460255,10.971214470530276,10.260542695399494,1.8928139773768113
2026-03-25 13:00:00,13,2,2.419151315828297,1.5889348282670506,212.70801010636012,3.6287269737424457,2.383402242400576,38.750087041257096,38.79919107714471,24.191513158282973,12.170114887163553,29.19122362035888,47.74354534379552,1009.3507048298246,50.01996979966775,227.53198696675528,0.4097865769928109,10.629750563327924,11.153240082505203,-2.6900558615948578
2026-03-25 14:00:00,14,2,0.0,-1.9323558932324483,237.7616911579492,0.0,-2.8985338398486724,51.25461793468301,53.64668736991448,0.0,10.011070766058037,32.87447223069807,35.77487547711927,1015.4797429274405,49.96970178393769,229.5598437959193,0.40002735979333903,8.844012323330332,9.587218510759119,-3.239135807805198
2026-03-25 15:00:00,15,2,0.0,-0.7233350669662776,220.29268941911243,0.0,-1.0850026004494164,63.498782092113586,64.12199778841077,0.0,12.465639766428936,31.451031053171604,39.50359792073946,1015.9877748768185,49.96935032059626,229.41195004744523,0.3943739685775115,10.096231835276175,10.589161219318568,1.651197437580637
2026-03-25 16:00:00,16,2,4.201465491978218,3.654206614972434,246.45051131990843,6.3021982379673265,5.481309922458651,54.23543261387647,53.89025339871691,42.01465491978218,6.504733316732866,28.582417680296924,65.95367422812492,1015.2143273616781,49.947969184613115,231.84561673340383,0.39821109141803435,11.581445296696147,9.977069761709645,8.116179782467498
2026-03-25 17:00:00,17,2,1.3014328518953708,1.2780697320327778,241.7252633215506,1.9521492778430563,1.9171045980491668,54.636427300373086,55.07357306615354,13.014328518953707,9.765675769969402,26.390832908207173,43.14874107323843,1006.6524668748384,49.94268814514524,230.15326888144477,0.4069480609875187,10.828749101341266,9.304106422684713,7.276609191922171
2026-03-25 18:00:00,18,2,0.0,-2.9759916699511995,251.75650652055785,0.0,-4.463987504926799,42.21122091298946,40.50038849322254,0.0,11.309251052839024,26.654495768426383,59.50647185487972,1013.2314256637593,49.987760434073756,227.54662118706415,0.4295457473596696,11.036570835632258,9.550315028106825,-6.004417778753349
2026-03-25 19:00:00,19,2,3.873440168571047,4.1163619681584,234.78492750785995,5.81016025285657,6.1745429522376,54.14353811798697,55.49220431167665,38.734401685710466,2.6520356336922086,22.388831346800146,56.45995492081969,1017.3284806312361,49.95286129057949,230.76924065334254,0.4261425708958191,8.991557462177253,10.71349433934962,3.4275606663855713
2026-03-25 20:00:00,20,2,0.0,1.4201497084484027,237.12121680391292,0.0,2.130224562672604,47.05866908172884,44.220846918936935,0.0,9.164214580760634,19.197425200868057,43.81514406686821,1019.8459850790813,50.027078933939066,230.072326451304,0.43333316345399464,9.060532520106317,10.418698755588975,-3.3547940881618796
2026-03-25 21:00:00,21,2,3.064865300951227,0.4391890796329787,236.6306850058658,4.597297951426841,0.6587836194494681,56.24826990234357,55.28791567883149,30.648653009512266,12.563019012959533,15.697525610898579,56.354211453944586,1013.8816679626632,49.99569014265533,229.31661317012532,0.4260381025618478,8.925344188063509,9.455270518238201,4.626293799974003
2026-03-25 22:00:00,22,2,5.610483141242159,8.579899993601327,216.38465211965746,8.415724711863238,12.86984999040199,48.623825492098916,46.86661746690169,56.10483141242159,5.198709857867378,15.473260135589921,38.73578827614265,1007.0125653323199,50.01624851742381,234.09964155290868,0.4399951068203554,10.69522329788871,10.204478324554103,-3.212106962932055
2026-03-25 23:00:00,23,2,0.0,4.222516410166909,215.07739264564722,0.0,6.333774615250364,54.69624461131598,57.599250035924854,0.0,8.392333789938428,10.09933605050636,53.91316712634844,1010.9217863649773,50.02360998767101,227.09149792935744,0.440207457528928,10.086939929302487,9.057589293993772,1.4645662063763532
2026-03-26 00:00:00,0,3,5.202862988620435,8.590987451888058,192.87550111947272,7.804294482930652,12.886481177832087,58.401576284006104,57.1309806496641,52.02862988620435,11.464685023111732,10.498790391792356,61.67578288443181,1013.1473753846517,49.98950228844219,232.5948535020529,0.4427870347039665,7.962588638267507,9.63712500273177,2.2739958721524696
2026-03-26 01:00:00,1,3,5.7509039786399,7.506497666712087,199.68764107429644,8.62635596795985,11.25974650006813,52.13810754805197,51.148811937193706,57.509039786399,7.1142819106226725,14.814457635551644,50.895075968035904,1007.4666074556019,50.02190245601582,230.8192359207279,0.4471482940132847,9.766824358393238,8.927526611931372,1.1446682129087467
2026-03-26 02:00:00,2,3,9.406997102056696,9.095642296154795,170.72700535791213,14.110495653085044,13.643463444232193,59.60458747750318,58.9263002087398,94.06997102056695,8.843119827708081,12.937534538049205,51.24217432212302,1011.6820006998876,50.011683723902166,225.83700936165704,0.44604605524109436,9.394426493585234,9.608314782552005,2.3546181357403624
2026-03-26 03:00:00,3,3,0.0,0.6882654206769695,173.20853933021607,0.0,1.0323981310154542,38.37101456741856,39.737326938577944,0.0,8.55523318637643,13.029469032693427,52.87273830401757,1016.0862481762429,49.981609946380125,229.0830724674991,0.42961705265566713,9.23833246698862,11.619133882612548,6.815429802944619
2026-03-26 04:00:00,4,3,0.42562413782483666,-1.602933744604582,142.16091873481554,0.638436206737255,-2.404400616906873,56.28512155304696,52.6855206670474,4.256241378248367,10.799284257726857,12.787283671203175,51.588316276472874,1006.5897871425706,50.01639087898031,229.09175408886153,0.4173903245225661,10.428208781130756,12.462429555364652,-1.8192933946864547
2026-03-26 05:00:00,5,3,0.5654082538054066,1.2898780873181965,143.74255763313494,0.8481123807081099,1.9348171309772948,54.41955548059119,51.280223160736384,5.654082538054066,10.620234140363895,17.459026376082125,54.40407406660754,1012.7273054110987,50.00161950295038,230.79784678438097,0.40682700074738865,10.481943100513126,10.280500274246682,-2.3601344088550804
2026-03-26 06:00:00,6,3,0.0,3.872958024765753,144.63394332573677,0.0,5.80943703714863,40.02608488742159,39.001322119114874,0.0,10.613561139024394,16.725762478988763,66.42574650052362,1013.9358242883053,49.9285953391719,233.57856802340282,0.40527795146089296,11.264926513534036,11.624535606624804,-7.7541990969742045
2026-03-26 07:00:00,7,3,2.5985896115896603,4.7318297364586,149.6102748807753,3.8978844173844904,7.0977446046879,27.468312593578446,27.076868450431174,25.9858961158966,11.612963388775066,15.618087205958009,44.82123038557536,1009.4090002000024,50.02110828560387,232.79751837390995,0.40581890424387296,8.884388913662912,9.598549975873683,1.4859268796634617
2026-03-26 08:00:00,8,3,3.6160304244699484,2.450082685534791,144.5124986289487,5.424045636704923,3.675124028302186,57.13265288954452,54.57931109661287,36.16030424469948,9.841374108539757,21.970099898757322,52.51897579497098,1008.7645330046738,49.99180834059105,228.90040837896018,0.41276509012680374,9.957214060413692,9.760847500433695,2.256945660022479
2026-03-26 09:00:00,9,3,2.462011395798071,1.1566237090131046,170.0411293714871,3.6930170936971067,1.7349355635196568,33.87663719547737,29.13153747567422,24.620113957980713,11.69704967354099,22.734061572754126,53.872822286352694,1013.7389905598715,49.99005070746726,230.75675709485952,0.4008762843950027,11.174501507517123,11.304793380163789,-3.871612634134809
2026-03-26 10:00:00,10,3,0.0,-0.2604600388364111,172.51616930837963,0.0,-0.39069005825461667,51.648213511618984,53.41629374086175,0.0,10.257444846252719,25.58688411650732,39.0596511075594,1014.716037341045,49.99273586463344,229.10155832489036,0.4098876242375568,8.715758069141659,12.187034633594273,0.24669132230326035
2026-03-26 11:00:00,11,3,0.0,1.3823396758924034,196.68452244445032,0.0,2.073509513838605,37.77218914515977,35.90222421572007,0.0,12.423564798033452,28.477378239186198,51.19099136283385,1010.4142459749868,49.94742495194023,225.83640552580113,0.4157175933415283,9.049915946510717,9.26922556295705,-2.9707495117559937
2026-03-26 12:00:00,12,3,0.0,-1.363240696936055,219.5151149598683,0.0,-2.0448610454040828,57.16770741323293,59.18168399889742,0.0,8.45907387010717,31.153138242021775,71.27974421028811,1019.6939082550537,49.95731698347816,229.23243370550244,0.4145189974407325,10.162501114828283,9.096825012677778,6.6236218555972215
2026-03-26 13:00:00,13,3,3.712894256066203,4.635828011775417,194.6648373487424,5.569341384099304,6.953742017663126,63.477032935882335,67.0517182613598,37.128942560662026,12.54744246382796,29.498761567095134,55.62470632231567,1007.766267145286,49.99586064813585,230.4952806923585,0.40669555182157324,8.448194902777358,10.638560507487497,-9.793676263407441
2026-03-26 14:00:00,14,3,0.0,0.9863308218608027,224.07795761723554,0.0,1.479496232791204,38.568573879891915,41.083755709390594,0.0,8.069205493837975,27.3114295468002,47.15560041919959,1013.681898991921,50.006973775090906,229.0866943970148,0.41715177365629663,9.502305985526538,10.085055261395894,8.498579043236559
2026-03-26 15:00:00,15,3,0.0,2.803924847356332,242.99088998426546,0.0,4.2058872710344986,55.107285020014494,53.81652302456489,0.0,8.401536531409574,29.05701961467898,44.770741274099834,1015.1449447162297,49.99888237430727,232.70789688236476,0.40063097700014383,10.908772672844487,10.183027623619058,10.12340943045868
2026-03-26 16:00:00,16,3,0.0,0.2997069598231254,249.83591316811717,0.0,0.44956043973468807,53.150726058573674,52.652139521841285,0.0,10.156922768783994,29.55664122446402,37.404355352680625,1002.9787448023117,49.946506114602236,230.44398416446373,0.37466146730044725,10.08006904541964,9.755473212865885,-0.033509482132424495
2026-03-26 17:00:00,17,3,0.0,1.9603847165037942,264.1115211457149,0.0,2.940577074755691,56.05881763341049,54.794842991612164,0.0,13.28513224886861,26.95371789616255,51.64512677647696,1012.0304266958497,49.991941788452074,231.81362651039282,0.35619397817325854,11.379127297968974,11.578731579858605,6.887926476741335
2026-03-26 18:00:00,18,3,0.0,-1.929844977011987,253.52076320564916,0.0,-2.8947674655179805,62.60190524746884,60.94892664596545,0.0,9.64981082766393,27.19252884821407,41.283167963020574,1002.6144413716664,49.93336884693033,229.10597044479235,0.3613766046607956,9.235268894268655,10.364345715218432,2.5626880486534285
2026-03-26 19:00:00,19,3,4.083224333766237,-0.8575972421129601,262.54406028723395,6.124836500649356,-1.28639586316944,38.806120945634746,38.96393064166542,40.832243337662376,9.170747601895663,25.566765084800625,63.44647576887086,1011.3960088059332,50.0357064345475,233.31737386920184,0.36087402566004223,10.070064862203829,10.09454251588305,11.16642693983366
2026-03-26 20:00:00,20,3,0.0,2.255087662047576,222.5004391330742,0.0,3.382631493071364,59.400982195194224,58.313359185043325,0.0,13.0646001774877,19.327465711372227,42.27005908578624,1012.1824844794562,50.073682561380075,228.3153626976756,0.3596406190377942,9.752782852387647,8.388144806342765,-0.08136755026895927
2026-03-26 21:00:00,21,3,0.0,0.024267639369651473,221.45838611334884,0.0,0.03640145905447721,48.83792040980353,54.55240684907111,0.0,8.847773940284167,18.700088813603443,31.754346404761094,1014.0643386053575,50.05393075003296,230.11776781664022,0.3528717625967557,9.213144113058844,7.19179855484601,-3.1388192073729826
2026-03-26 22:00:00,22,3,3.722758835245654,1.2453119198449674,209.00035599400545,5.584138252868481,1.867967879767451,33.71216622390742,30.948092399004555,37.22758835245654,11.874622444701599,11.797561902077096,38.72520370313805,1014.7746270755304,49.983630639532244,226.3998425918102,0.34450937563294465,10.172321684812866,8.84674621994086,-5.320674728715416
2026-03-26 23:00:00,23,3,0.0,1.81571020370979,191.2426336607081,0.0,2.7235653055646853,46.676467414835436,42.31976270822915,0.0,8.409862202910423,10.927575835541006,30.90197871920398,1009.9659187076169,49.95355385229334,233.2698582434384,0.34201248806799156,13.053528206305671,9.034761522456591,1.7052085855420294
2026-03-27 00:00:00,0,4,4.167271365170578,4.076892720470365,185.22269559593988,6.250907047755867,6.115339080705548,48.70075779352798,51.591649291999694,41.67271365170578,9.168422006422388,10.733866202462588,54.93280307670733,1020.0772418539173,50.00250125524588,231.6510955742906,0.345621820407011,9.779008037629822,9.909199792589117,-1.074743620947657
2026-03-27 01:00:00,1,4,2.973193078478147,4.196153766462293,214.34660284283189,4.45978961771722,6.29423064969344,41.78902835112996,42.38626687013869,29.73193078478147,11.583242892626133,10.386628217608767,54.43094537524652,1012.7196547646189,50.04967526770901,231.46126959589057,0.3495576705519191,7.891986704187337,10.801119770874232,8.205581244682286
2026-03-27 02:00:00,2,4,0.0,-2.7144090047883243,174.97588540137758,0.0,-4.071613507182486,42.7784789065093,43.83391109483032,0.0,10.968385166403063,12.02754295009842,33.96718025586716,1005.909058369718,50.09259505905151,231.46777423818344,0.35639180174472695,10.690071152351116,9.470222218502133,-1.0123402221908309
2026-03-27 03:00:00,3,4,0.0,2.5499844085684225,168.2563699830466,0.0,3.824976612852634,38.778270274115066,36.091556897192525,0.0,7.3543053302503525,6.250184373040931,37.28627580179078,1005.4522077140539,49.97358571491826,228.06099755900743,0.3510990226811239,8.297918677532879,10.847752738506257,4.927536067255415
2026-03-27 04:00:00,4,4,0.9768459043050904,2.6402141755724635,159.62960448342798,1.4652688564576357,3.9603212633586953,63.82567356900978,64.5874934633322,9.768459043050905,9.686432077843186,7.24985018637539,41.28484049967925,1021.7020885662565,49.94506024799863,225.28840293174338,0.3585755922821124,9.245647951140198,9.810792374840647,-6.49280899310071
2026-03-27 05:00:00,5,4,0.0,3.6907411839762196,131.92795012992465,0.0,5.536111775964329,34.725159967911694,36.71503039141225,0.0,9.268748811810376,13.823628964763952,55.377373946646834,1007.1552293631889,50.02680670612673,226.88628115700044,0.3542685849666057,10.170362948026225,10.101497211633829,-6.124358596677438
2026-03-27 06:00:00,6,4,8.866123506126511,9.072434162854266,156.6935357342442,13.299185259189766,13.6086512442814,47.68493819572997,47.594034814984106,88.66123506126512,10.632055450422593,20.202892996133098,43.344304792963726,1007.7484715660207,49.95088501154724,228.16813624764842,0.3551787992243883,9.182925872495005,10.520572753973886,3.9536550006899662
2026-03-27 07:00:00,7,4,3.2305276836332633,-0.605021455091189,172.68362215358167,4.845791525449895,-0.9075321826367835,59.35772053797726,59.934189127571656,32.30527683633263,12.540358049871909,15.424756522571064,38.207862615330825,1020.9083692085683,49.998190450855404,231.06877726649446,0.3440192858616484,9.24112644334139,11.220654770064447,-2.3352708453387074
2026-03-27 08:00:00,8,4,0.0,-0.3086509638630878,167.27839736791495,0.0,-0.4629764457946317,56.56441902919011,57.873071581316516,0.0,7.397866816426754,17.684745552520543,64.82781476825257,1007.9862188601928,49.92611905636068,231.7760350996586,0.3477822747379491,10.984074596714555,8.584790553764947,-4.031031791297412
2026-03-27 09:00:00,9,4,0.0,0.32392960172269425,192.08997287366776,0.0,0.4858944025840414,57.627632821972,56.91363297313994,0.0,9.774002529916558,22.242817341400496,47.52878370360012,1011.3404638599085,49.986877126190564,232.6325468461177,0.344231847001916,10.785226811083541,9.96879190333558,-2.659855493556569
2026-03-27 10:00:00,10,4,0.0,-2.0694608297964865,180.77833963654402,0.0,-3.1041912446947295,38.94062152070556,40.096303848114324,0.0,10.53500052012609,29.673010823181837,54.049935409174154,1011.7027742464892,49.969631282579535,232.03925952517918,0.3475598769897992,8.938201280652516,8.105355231848039,-4.907591140352185
2026-03-27 11:00:00,11,4,6.7409167798959215,8.84135104331405,185.24987876898564,10.111375169843882,13.262026564971077,56.3491974764656,57.216976084697194,67.40916779895922,10.381444697611736,26.574072163648456,55.79769753593743,1011.6988489650997,49.99604360777039,228.99488776978615,0.341333719886923,10.640796420386557,9.113752730006034,3.554913002473758
2026-03-27 12:00:00,12,4,5.43891771379498,7.266942239956334,204.32240474673105,8.15837657069247,10.9004133599345,59.069038192539935,55.74376834442851,54.389177137949794,8.647875701046507,29.897098026403278,69.34694399175255,1014.8578000425114,50.08696777106658,227.99099668794068,0.3448903502268825,10.633226299318013,10.150988281871705,-0.5922535840195239
2026-03-27 13:00:00,13,4,0.0,-1.2201850408275163,188.96293453427677,0.0,-1.8302775612412745,47.5183187079925,45.86106550895314,0.0,10.21640185706194,31.39337581980223,43.11713459070561,1009.9419712795037,49.964861561753494,231.10658285215746,0.3351299523518335,10.175053882205908,10.034710194573698,-10.223158941575022
2026-03-27 14:00:00,14,4,0.7054510024836985,4.659009744935034,230.0474467567281,1.0581765037255477,6.988514617402551,54.69741887956697,56.57551816889119,7.054510024836985,8.672202478749233,29.699010280182215,52.380045465394524,1014.79957871702,50.039115892198545,232.3192746718074,0.31918187878205806,10.113601539643184,12.135144646042187,-0.87831131901532
2026-03-27 15:00:00,15,4,2.4254576116262716,-0.17191917866237594,226.2431698238522,3.6381864174394076,-0.2578787679935639,59.93213544936571,61.62514117567811,24.254576116262715,11.113816576344622,28.89832769405317,53.954131349934976,1016.425574399345,49.898398094704866,230.12152190619386,0.3199192947794577,9.278525964577204,10.5799451694223,2.768585464897249
2026-03-27 16:00:00,16,4,0.0,0.9602186042461686,246.61221042023246,0.0,1.440327906369253,39.86261816630764,42.66314512947557,0.0,12.82881529086717,28.706343512302016,30.169372834300237,1013.7346767993848,49.974894201304686,234.26554071652257,0.3231185092501246,10.098678767800845,8.848866821862442,8.49553629344382
2026-03-27 17:00:00,17,4,0.0,-0.24878501360797747,261.0050776415789,0.0,-0.3731775204119662,50.19054250071263,49.47799117071344,0.0,9.140930991295395,27.775458288837807,35.67143347287366,1007.4848339199744,50.02160304998576,229.03737336273227,0.31736208090767265,10.312640324432383,10.133267096726527,0.5440149324096163
2026-03-27 18:00:00,18,4,0.0,0.2685467209062558,253.5370856807617,0.0,0.40282008135938374,33.46971916468682,31.44613265457002,0.0,8.851823512799598,23.080807432742876,47.71827451418025,1018.030101367535,50.10351967258745,233.4635630072234,0.3173456250956421,10.675924055331379,10.70375055355196,-2.4302457848109875
2026-03-27 19:00:00,19,4,0.0,-3.0323387623145215,256.49186073718715,0.0,-4.548508143471782,56.46288274123589,53.44468736218227,0.0,8.547378884967365,24.538082265438202,31.33465995454841,1015.7674711796095,50.10554292650349,234.23923453365182,0.3168502950740906,7.529718898742047,9.167492492220376,-0.5342944045506095
2026-03-27 20:00:00,20,4,0.0,0.36012036658169494,245.75567787251055,0.0,0.5401805498725424,53.94985931299148,55.26083630551412,0.0,6.823885051290814,18.674442732349323,56.95156724883239,1011.6795754805083,49.98949737256478,228.52630704090177,0.30407507997459976,9.472301881661224,11.45647937169434,-8.222012158407058
2026-03-27 21:00:00,21,4,6.824613394901938,10.621623831734853,219.05421671356737,10.236920092352907,15.93243574760228,32.71902981264223,36.31105415813326,68.24613394901938,9.313426050492529,16.861528234693232,35.167453719242836,1006.187792342567,50.02510785019371,229.76938132139546,0.3123156573425957,10.051744042225872,10.549324947215263,-6.453475126940872
2026-03-27 22:00:00,22,4,3.429874733755679,2.8081136204489283,236.12798879423477,5.144812100633519,4.2121704306733925,45.70946130703005,51.73701428835821,34.29874733755679,10.380740141327832,15.753544102270144,66.13681518740916,1009.2457989822799,50.00862060473429,227.9915426073754,0.30856020477842827,9.509142905630222,7.89294527201773,0.8241398654859362
2026-03-27 23:00:00,23,4,4.386570407680501,1.9419111137309741,222.24490694269016,6.579855611520751,2.912866670596461,40.001390434323056,37.46687183627674,43.86570407680501,12.778784608781907,13.667609642115083,43.8392636831839,1016.1788399880666,50.033021007070815,225.2292335306034,0.31685718597456086,9.316619385272032,9.74477386204236,-6.7140510631135895
2026-03-28 00:00:00,0,5,0.0,-0.5154794779667564,219.4626975945535,0.0,-0.7732192169501346,40.132941402476135,40.07794038511158,0.0,9.748832454584013,13.166196664258552,54.300409236148546,1012.4937351502458,49.96021311792222,226.80422126772464,0.3021157871643353,11.833440647132019,8.940703045017948,-0.8338608961826993
2026-03-28 01:00:00,1,5,0.0,1.4933106719191624,182.24388845739682,0.0,2.239966007878744,70.10039214674968,68.20113108315205,0.0,7.6850544684414,12.008609927370841,65.9185631318562,1005.7527709649393,49.95591277744138,233.20501589174197,0.312366032628671,10.410745832151763,10.279570970488406,-2.1362828567356518
2026-03-28 02:00:00,2,5,5.076519604109877,5.35893855216455,179.84168129266916,7.614779406164816,8.038407828246825,35.2853951090705,32.36430129125185,50.76519604109877,14.584014992507251,9.815175457112963,54.292012220466425,1007.5083310659317,49.98605317697128,227.30272984861668,0.31957588034090734,8.146136762315443,11.074410967995245,-7.1291392274244245
2026-03-28 03:00:00,3,5,0.0,-2.8134894496034635,160.90521670631165,0.0,-4.220234174405196,56.40718879673228,54.821878249108416,0.0,11.184169207505189,10.967563441318104,62.079636287340065,1012.9610249149497,50.081071170502,236.0747521786059,0.3179578698910379,11.080643778898214,9.289817128023648,4.3969796852083
2026-03-28 04:00:00,4,5,0.0,2.2533493628051016,149.97388089234042,0.0,3.3800240442076523,50.745669349160984,52.69644876241432,0.0,12.207658530106075,11.1878185775629,46.78936395037167,1017.5528005234615,50.01611066391635,231.50517875526413,0.3175279498704754,10.421512472453784,8.568514021364322,0.22765583799567266
2026-03-28 05:00:00,5,5,0.0,0.7294521118057766,144.46608236831858,0.0,1.094178167708665,65.6131151568203,64.52230404782709,0.0,11.186554966316429,14.295855321966703,48.91756890994415,1015.3923108971427,50.04917909620455,232.4124656406386,0.3245171782073207,12.105582018287667,9.278541386320164,2.9961603107497004
2026-03-28 06:00:00,6,5,15.929275585528849,14.725061865375043,141.60188464249063,23.893913378293274,22.087592798062566,51.378152550679175,49.30997372192616,159.29275585528848,10.716718223802065,17.11174501112936,58.94153749751891,1005.379802029006,49.96492426924286,229.8383449352882,0.3285154520548035,11.79646514705814,8.993625717513668,-7.056901323823352
2026-03-28 07:00:00,7,5,4.106962199297447,2.3693559977216907,140.4797697625394,6.160443298946171,3.554033996582536,54.549822343705465,53.230632056299456,41.069621992974476,10.610526170094795,14.664112437339076,55.64239373615369,1006.8756079877746,50.09121964052715,229.65767504967965,0.3221611212800632,8.446931614479503,10.84706421621549,-1.20159414125968
2026-03-28 08:00:00,8,5,0.6501849282476568,-0.8081323924400134,152.33217422430323,0.9752773923714853,-1.2121985886600202,74.1408046249861,74.98957032051541,6.501849282476568,10.903881374669133,21.358185857506076,47.98388994820836,1015.2675805891998,50.00108552370346,231.75084673085652,0.3222262995319748,8.509795524158005,9.534716131694045,-14.779341684010717
2026-03-28 09:00:00,9,5,6.494019755243004,7.829988932157413,162.47090467508036,9.741029632864507,11.74498339823612,64.38985452328826,64.33519026977788,64.94019755243004,6.9999889142772584,23.23886263724761,49.63467822114967,1013.7084002957205,50.00545119385523,231.03968977607147,0.3268542662956544,9.04337334291322,9.728909834544575,1.941371174903599
2026-03-28 10:00:00,10,5,0.0,-0.7741850560198954,166.94070971402164,0.0,-1.161277584029843,40.9810806330095,41.21534229279478,0.0,6.125388269699049,23.056578072587318,57.056980950340304,1014.9057045858117,50.03887161056307,228.19940207339462,0.32281931892277355,10.223917675705968,9.44260924036291,3.4914612560726455
2026-03-28 11:00:00,11,5,0.0,-1.3026330021913803,197.06867442954882,0.0,-1.9539495032870704,37.16977829201063,34.94992611918682,0.0,10.954697668034989,26.232414559186253,50.69249238410463,1010.0389933754252,50.032197328038926,230.94237559551297,0.3175077687624712,10.571978216384354,11.860411223992893,0.8833644123326502
2026-03-28 12:00:00,12,5,0.0,-1.0513907511234437,196.80761488755974,0.0,-1.5770861266851655,50.0316667350662,48.011110292286446,0.0,8.219701944944601,26.88697095072726,46.99607924052611,1014.8406629873596,49.968158550174415,232.09567070596236,0.31195431346981595,9.222667926699168,9.421171532275565,-1.7691034984711396
2026-03-28 13:00:00,13,5,0.0,-1.8249402647054895,212.6549764976834,0.0,-2.7374103970582344,65.59030360628948,65.03129196057404,0.0,7.287927706059104,29.92278724276329,55.25297320139827,1014.4182082082178,50.10042759535239,230.66054966121905,0.33056004882763934,11.2571541222784,9.430677837497216,-1.590775032653379
2026-03-28 14:00:00,14,5,0.0,1.7858363187662585,223.62045719610109,0.0,2.6787544781493877,43.706147304566976,48.45486511441012,0.0,7.063527899930308,32.37483728895183,51.38419718805434,1011.1059000312137,49.9461766198278,228.94434683535655,0.33537574823998245,9.25953096894703,10.072248604210735,-0.581473103948231
2026-03-28 15:00:00,15,5,0.0,0.772485128754043,241.77573104108268,0.0,1.1587276931310644,24.54255468192965,25.268692549956402,0.0,7.770771088758723,31.010136890006827,44.853091716009345,1008.5860036976204,49.99000918400283,229.96067137035124,0.34716301114620224,9.84151204199861,10.467857248503948,4.114962369606937
2026-03-28 16:00:00,16,5,0.6372266397090569,2.180577848758957,229.9072282484169,0.9558399595635854,3.2708667731384353,53.07166684766163,54.03082324269967,6.372266397090569,7.944065659733639,25.01328137148695,56.542934740967695,1010.1881450893753,50.0057162230455,230.5954883999264,0.3415869563025667,10.16117417974941,9.060304124867036,-5.718185603345781
2026-03-28 17:00:00,17,5,5.418920916034011,6.648618876283869,239.02404551657762,8.128381374051017,9.972928314425804,66.84202076059435,69.02541461464924,54.18920916034011,10.519111086920699,28.082885899664156,40.37268486382179,1014.1288565891119,50.016955266852335,230.51712104746343,0.32769210847094676,8.752489893202657,9.753500065550135,1.0726767512177076
2026-03-28 18:00:00,18,5,1.8844757838549173,-4.463026542475107,256.8410974583819,2.826713675782376,-6.694539813712661,35.294974294624225,35.54215671527056,18.844757838549175,12.483403272960109,23.37039689374985,61.444914941972115,1010.0399562226833,49.989686468235035,229.93727239322357,0.3240474021457686,10.446694053510393,9.847720634293006,0.2892590643072284
2026-03-28 19:00:00,19,5,3.502291168340927,3.389395730565222,254.83455068489098,5.253436752511391,5.084093595847833,39.439318034677726,36.89461890105411,35.02291168340927,11.650667492237549,24.521365284474598,59.25157587413476,1007.6916552530207,49.98225491683774,230.81182080449378,0.30263440671003217,8.449375319901893,9.048700724791983,-8.685230724129472
2026-03-28 20:00:00,20,5,1.446501713657629,7.3520823337343995,249.87003618777763,2.1697525704864438,11.028123500601598,45.955569431710856,49.03212627984473,14.46501713657629,7.8550438180341375,19.14591908638653,49.221825162760474,1002.8250382502872,49.99605684295134,230.8728958188677,0.3043117478787974,10.98966080729766,10.94847872419421,7.055670913750066
2026-03-28 21:00:00,21,5,0.0,-0.08552045257069006,225.81534925050676,0.0,-0.12828067885603509,53.82714471630639,52.25197958025582,0.0,9.620457620677367,18.69140852443653,42.401505720573056,1015.3840348525166,49.96533960065569,231.99417842061806,0.3031269545967309,10.841957106664315,12.03419701837201,0.33680554693525977
2026-03-28 22:00:00,22,5,0.0,-2.453727790503256,223.52597662305106,0.0,-3.6805916857548837,46.18885123606751,43.44280336740512,0.0,11.013428041086234,18.213745715766805,40.20447851291869,1017.2588431219411,49.822864909806846,229.9502519599805,0.3048724831154047,10.581471364201022,10.798580027970559,3.3672427019943814
2026-03-28 23:00:00,23,5,0.027992879881271235,-3.1925169934838427,209.35269901057717,0.04198931982190685,-4.788775490225764,50.34951073218004,51.26532964494382,0.2799287988127124,12.82829541547917,12.710861550897064,60.40048442157797,1019.4174098941465,50.12847617888538,228.0022929551738,0.3027467624336726,8.201312373743507,8.832250639084,-5.824540781925894
2026-03-29 00:00:00,0,6,1.4476249385210906,0.7422746270571798,182.44283262610966,2.171437407781636,1.1134119405857699,59.33169632671048,62.2477256180043,14.476249385210906,11.32739845989983,9.745484427684403,54.016079591918995,1016.0764577897784,49.954828235657025,229.16493506154606,0.31611455875295824,9.20467116139401,11.785018984277174,1.989941033833114
2026-03-29 01:00:00,1,6,0.0,-1.2561686136083576,162.12758153741328,0.0,-1.8842529204125364,49.98867913415013,48.78375915706164,0.0,11.673090649129238,9.93594801829293,62.42794319227265,1015.361752669899,49.94526293620663,230.73345302758653,0.31108243633414634,10.773813188120755,10.92599742707555,6.676709910961593
2026-03-29 02:00:00,2,6,0.8427657964714075,2.27657736070302,183.25239843529263,1.2641486947071112,3.41486604105453,64.09156167858531,63.64133165326102,8.427657964714076,10.194436006618231,10.626491272093123,58.42572858977099,1022.7042134850763,49.983282394317804,229.76660856943266,0.3172684164887923,10.255223936920238,8.743048052377729,-10.052513125943634
2026-03-29 03:00:00,3,6,3.025607960809713,2.6863805727560264,169.75137571100245,4.538411941214569,4.02957085913404,72.55215501763603,72.66957126489338,30.25607960809713,11.17295616509402,12.036114795264481,54.89381109198099,1024.4635617309725,49.990195071497745,226.119138251453,0.3174168188980362,10.719257976074985,11.430220456470142,-3.00008547748977
2026-03-29 04:00:00,4,6,0.0,1.0883574684135728,135.4077550506644,0.0,1.6325362026203591,63.19787864714171,61.13067415397405,0.0,11.470369865860095,10.452707533872491,52.200222482188565,1004.6595396817053,49.96787232348312,230.04260661908478,0.3108889602389604,10.608786313607592,9.604352488492744,2.1795709780608656
2026-03-29 05:00:00,5,6,0.0,3.0289928971034277,150.7255761258139,0.0,4.543489345655141,47.095687365634355,48.82313491729784,0.0,11.418172910671716,15.678939152321618,55.33252545840567,1007.8261231382893,49.98480908107198,228.2751584919276,0.3017747285202614,9.552710314865761,9.433078186779447,-6.546476417332171
2026-03-29 06:00:00,6,6,6.81886890252146,8.184664800252584,134.55394512763132,10.228303353782191,12.276997200378876,38.919238527068,36.73444699946931,68.1886890252146,13.776607128680425,17.279555435768728,45.50570170566703,1004.5998973237479,50.123331637323496,227.16809625214606,0.310299966831205,10.1265900706195,10.725891919193147,-2.0489893040213385
2026-03-29 07:00:00,7,6,7.655548858647427,12.858762497969186,154.64798003773083,11.48332328797114,19.28814374695378,51.0454710586942,56.88271613155191,76.55548858647427,10.868193048816957,15.31128568614885,47.457991628702956,1007.7447680437149,50.010569126399545,227.01609051845594,0.3031227949030557,12.028442224030114,10.45845994838778,-5.981701985567485
2026-03-29 08:00:00,8,6,8.960348365442474,8.863722037225628,137.57290033906344,13.440522548163711,13.295583055838442,42.843064642723135,42.17230139827499,89.60348365442474,12.019271813551686,24.910399656513988,54.80187679367876,1014.1653098030176,49.97584123282701,226.66353168848119,0.3112278068028912,11.0262835186319,8.265681468132405,7.610277567042678
2026-03-29 09:00:00,9,6,0.0,3.676912500174311,158.87930685848565,0.0,5.515368750261467,58.35110599450996,59.43844648068279,0.0,9.580698849853473,24.340305836781813,51.607772959393586,1011.5482994609964,50.06736924784753,231.49926307377643,0.3310722335184429,9.478597408916812,9.261608617041537,-3.9767782187962117
2026-03-29 10:00:00,10,6,0.5395686270546465,-3.7749416566321816,168.97849292945776,0.8093529405819697,-5.662412484948272,38.48497838680863,40.26920424143553,5.395686270546465,12.097187032617654,22.72024148672577,53.52138277357288,1008.2737065248185,49.9644757326991,228.04148583305172,0.3303529219181114,11.698125542491786,9.678103076930793,1.7995863889905541
2026-03-29 11:00:00,11,6,4.699181944669423,5.244713490381855,191.6621050132224,7.048772917004134,7.867070235572783,57.16511186577026,56.98700892718445,46.99181944669423,13.82538572822883,26.65920760643483,33.759918794920786,1012.6703328330824,49.97287762517806,230.16429183144987,0.3225070847613876,9.128877960472767,9.062013482577354,-2.0569355092110486
2026-03-29 12:00:00,12,6,3.8577115690245094,4.1669438003481165,195.27560671485833,5.786567353536764,6.250415700522175,30.64171569185038,33.037130165384674,38.577115690245094,11.921535054765524,25.949855734600927,46.9753324548479,1014.4615099673923,49.99739884855013,232.97255791174405,0.31377488601196935,9.153029900895648,10.22145115270223,-10.349904673772148
2026-03-29 13:00:00,13,6,8.484294157054613,7.327061081256273,218.71062177390755,12.72644123558192,10.990591621884409,39.867421807680415,44.153728185240915,84.84294157054613,11.707165717743857,30.754112286724258,51.04679885345082,1003.4192124457351,50.023234336925,230.45733314225282,0.32135925796574905,9.323875664007957,10.661071936199813,-7.624940133240664
2026-03-29 14:00:00,14,6,4.905126375531758,3.8871033353042455,217.1999424709288,7.357689563297637,5.830655002956368,50.481478818908805,50.48108732004261,49.05126375531758,9.652622673322492,28.96053306362626,51.082169217494304,1014.5541979899518,49.97568308972367,230.20009782673057,0.32461336380967265,8.483356692487664,12.425405458563342,-2.2082406943221677
2026-03-29 15:00:00,15,6,3.7273937958097743,2.872799747735143,251.45411188786179,5.591090693714661,4.309199621602714,47.08628686341535,50.05563005899366,37.27393795809774,6.1726191448809455,28.097937771760044,62.75815927626853,1008.6164631119435,49.9554300006786,229.8946415764512,0.3146859518929304,10.769491106687465,9.575782067056052,0.25624256040280863
2026-03-29 16:00:00,16,6,0.008182731518066366,0.9114403767330915,234.85594680994518,0.01227409727709955,1.3671605650996372,40.17104954928339,39.0656346260438,0.08182731518066366,6.865661332105461,31.32238930864944,78.48615180047724,1006.9896862007182,50.06235911749518,228.99678533498655,0.3017258777853517,11.345982019535583,11.434757594749279,5.790713967606321
2026-03-29 17:00:00,17,6,2.330201551008609,1.9475726261378314,266.81874832915264,3.4953023265129137,2.921358939206747,42.37124188497535,41.25217200412556,23.302015510086093,9.437602264695949,23.15839101734447,46.95680934218226,1009.180512151218,49.99036439521457,231.15692605783332,0.290172200438362,10.181413615396504,6.699676417918292,7.540825797093626
2026-03-29 18:00:00,18,6,0.8851219156343733,2.0351476117726275,246.34167095639623,1.3276828734515598,3.0527214176589412,50.48000527648791,51.99650599977627,8.851219156343733,14.472913182692757,24.541420940435955,53.39914890673688,1017.2101579422209,50.029420788950354,230.2913020246099,0.28654322300070134,7.498263516394417,10.468956776912094,-5.045318288092664
2026-03-29 19:00:00,19,6,0.0,2.5780550864682903,234.89860187979644,0.0,3.8670826297024354,56.794128129358924,58.25186179664659,0.0,13.132972518837533,20.293701207527864,44.37613907459998,1008.2969144307909,50.06474429822784,233.3573816689585,0.28143017128808945,10.810400881484847,9.803793528117241,-5.791178410804653
2026-03-29 20:00:00,20,6,0.0,0.9632456764545403,241.77056665064362,0.0,1.4448685146818105,42.329494706985344,42.40104099596184,0.0,9.340961845269678,17.39268577292386,58.56281730161218,1021.8302374014248,49.97650670634818,228.66642904370184,0.27910758183845263,11.871367741643345,10.913850355689044,9.364237083307007
2026-03-29 21:00:00,21,6,0.0,-2.0858872830942197,235.47683990800408,0.0,-3.1288309246413295,50.185588266073616,52.08872829179511,0.0,9.219022956419398,17.078237784715128,58.869508498324834,1005.6295245720037,50.00723660614272,227.57425309449488,0.2857022973639742,10.37507900044068,9.831004617772969,-5.877019478359415
2026-03-29 22:00:00,22,6,5.416696233928064,5.240092651191347,221.83200443623787,8.125044350892097,7.86013897678702,61.908470298467336,64.61456699569598,54.166962339280644,7.503990617130409,15.767267095105232,41.01007009623042,1010.2626460325447,50.02342370160446,224.86932094253797,0.27599536005159725,9.81147565484888,11.709995918369994,-1.896377930597565
2026-03-29 23:00:00,23,6,0.0,1.0017906450465395,214.69251005162576,0.0,1.5026859675698092,45.3907372749045,45.50071948897344,0.0,7.1452551725014,15.302960225260657,41.42035953912115,1017.8764210942733,50.06405312694774,227.38135346490188,0.28970519124003213,9.218785520706591,10.60870146968816,2.6857802607774235
2026-03-30 00:00:00,0,0,7.481799642767744,6.772160115818689,198.66386150929623,11.222699464151615,10.158240173728034,52.15700979965811,51.74727968106769,74.81799642767743,9.901873940902316,12.725132090733618,45.000308238216164,1004.3613696498769,49.95812582941952,229.81354393445295,0.2901390153541369,9.235353830066943,10.64182214504574,3.288198861393436
2026-03-30 01:00:00,1,0,15.090449186314615,16.885907618361042,198.58575896466593,22.635673779471922,25.32886142754156,62.168641330508486,60.382360248262785,150.90449186314615,8.73158511505525,15.516846556177969,53.79182002937155,1002.9153094481827,50.019135663486146,228.66412739955953,0.28947370665036076,11.427527175687658,10.262201576306916,5.132900963936682
2026-03-30 02:00:00,2,0,2.1711714009060836,-1.150988126588694,157.9084262168343,3.2567571013591254,-1.7264821898830411,48.67666577529796,52.315904019674356,21.711714009060834,7.322745351899963,9.47855758503936,59.38839787478048,1017.017895260545,50.00739867493166,228.52048320234837,0.2888897482351629,10.753271540909264,10.330633271050926,7.87185844395987
2026-03-30 03:00:00,3,0,0.0,-0.4477150780229018,155.6924964327286,0.0,-0.6715726170343527,71.6585305437051,74.60408780546933,0.0,12.33542023035006,14.567863506501023,44.84216298449428,1005.216088835523,49.94585537328252,226.52125783632422,0.30377852564879565,9.928362823905871,10.200978908111836,5.3801260699391715
2026-03-30 04:00:00,4,0,2.235386885917498,-1.5076318476944555,140.31996424730815,3.3530803288762474,-2.2614477715416834,41.29618905220417,41.58258899249363,22.35386885917498,7.859831302460358,13.827426973329713,56.884509906929495,1017.937891398973,50.001417180960544,227.47740502283946,0.3339434307274457,11.169402253187226,10.045450539212,-6.069664279394043
2026-03-30 05:00:00,5,0,0.0,1.2103493555878606,150.742279064392,0.0,1.815524033381791,46.4048215163211,47.40773937053378,0.0,11.01670604537551,7.858355474575549,42.95860921808082,1009.4587813648553,49.88437381995868,232.50118476596737,0.34370709017503637,11.234287261230925,10.64384632240263,0.4956926015923708
2026-03-30 06:00:00,6,0,0.0,-2.707330261363887,148.10621907553497,0.0,-4.060995392045831,44.59762091751794,44.842597763171966,0.0,6.021762834323516,20.654079583370496,52.607265773137485,1009.3747880755835,49.95903888991085,226.43955684662768,0.3323592624864792,10.95216358925548,10.543079465263899,-5.081932937541136
2026-03-30 07:00:00,7,0,0.0,-0.4944300053377892,156.6742502489832,0.0,-0.7416450080066838,42.61782041569145,40.6838652903111,0.0,9.023413033894457,19.856065365832627,49.44000983032856,1011.9720698090026,49.97675858041092,227.74727282054803,0.3385181076112692,9.306601267312379,10.559920523447447,-4.700747913770625
2026-03-30 08:00:00,8,0,0.0,-3.030818212138174,162.19764583149626,0.0,-4.5462273182072614,62.96600556890791,61.00264531242341,0.0,12.611475561075387,18.68081090991679,48.542748600654576,1013.2529008753968,49.96620924726136,228.2344000092874,0.3446177540132448,10.014191059621224,11.249611945542531,-7.4944899986081115
2026-03-30 09:00:00,9,0,0.0,1.1297894234468182,156.78829795645927,0.0,1.6946841351702273,64.03493454037235,64.96092910420789,0.0,9.048132073574523,21.422156345615758,46.68598144844664,1017.8544722999263,50.05898578143327,231.1190892303724,0.3274370944605028,10.387008150047084,8.779722732251802,0.1746961979564045
2026-03-30 10:00:00,10,0,0.0,-4.2234218020729815,170.74188562834038,0.0,-6.335132703109473,55.84074722845357,54.74701752886822,0.0,10.240697471806266,24.58350767246181,66.29133700598346,1011.8728233662553,50.13276164866304,229.2997353813579,0.33717899062200035,10.810197405936771,10.787266758983197,3.99493590870069
2026-03-30 11:00:00,11,0,0.2569540189886186,-1.089684243977745,179.57691658512442,0.3854310284829279,-1.6345263659666176,17.417462761925037,17.293245230759453,2.569540189886186,12.835535336411581,24.99179855395893,57.33944810555988,1012.1145464438101,49.978310968209755,226.88855555700712,0.35072583971293747,9.888069495095717,8.601587656102529,5.104490534916755
2026-03-30 12:00:00,12,0,0.0,-1.9068255414239337,193.43857859588817,0.0,-2.8602383121359005,56.12433500387934,57.27922754599621,0.0,9.179116552043432,30.095247118132846,67.775452813171,1007.584064660924,50.187527575437194,232.1024866695657,0.34131915799641654,9.639556595374257,10.88522494567881,-7.512880967081873
2026-03-30 13:00:00,13,0,3.198777207569957,2.3560848936840566,201.8649454772557,4.798165811354935,3.534127340526085,81.10920554816963,80.40589700448147,31.98777207569957,13.194404057332786,31.752241325244125,39.182590692703144,1012.2633919079863,50.1105160891878,230.7092055178311,0.34709051631177584,10.896714757983304,10.320055532574104,-0.7134004838764767
2026-03-30 14:00:00,14,0,0.0,-0.6913698969677698,224.5262523068712,0.0,-1.0370548454516548,41.398085367468376,43.75683379639974,0.0,9.94100630116057,33.11178234636859,58.09869503005956,1002.3739038700279,50.01940163661143,231.43619688411613,0.3491862452114677,9.239872473413167,9.062545500443317,-2.94685107522282
2026-03-30 15:00:00,15,0,0.7245586012068398,1.9049869983215029,235.6275408001901,1.0868379018102596,2.8574804974822543,38.216998976735475,38.08788368864639,7.245586012068398,14.643819218912594,30.01239778889715,54.08211394354483,1014.2707226043967,49.91139867084957,229.23046914983834,0.3356304538764899,9.472923289579889,9.660047672781323,2.7932923436442914
2026-03-30 16:00:00,16,0,0.0,0.31107840530323094,239.88788288314365,0.0,0.4666176079548464,57.726992658961855,57.32495486844423,0.0,12.409262465023453,30.45756115357894,63.2300731677543,1019.3917833336204,49.949432064265956,230.0980452844619,0.3372491702223078,8.878100073702752,9.541792043413396,-1.7969286064054257
2026-03-30 17:00:00,17,0,0.0,0.6507179888259271,244.29445370703502,0.0,0.9760769832388907,54.837142080965165,53.976930581338955,0.0,13.568186856471723,28.391452311827923,43.089020324760256,1018.3733653919147,50.070302779807434,231.5362348419905,0.33914840072023733,8.954782127505634,9.997621476253974,-6.999794348120244
2026-03-30 18:00:00,18,0,1.9085238782959983,1.2412113480163263,233.79531422207856,2.8627858174439975,1.8618170220244894,46.68679666169149,46.670798917371535,19.085238782959983,8.843160023761984,22.29839536208835,55.35743824970335,1009.3603752150584,49.975837193959684,224.75154570010395,0.3524755603982155,10.092418763887979,9.404714028100832,6.898985444358376
2026-03-30 19:00:00,19,0,0.0,-0.13475877426124477,256.04818365646264,0.0,-0.20213816139186716,46.250518259478966,47.70001182787877,0.0,11.139802807494123,23.174311933127004,43.202727786781495,1010.7922166740213,49.92540102190948,230.3579818302666,0.35225498078072404,10.81061493354077,9.783542593855302,0.5420891278684612
2026-03-30 20:00:00,20,0,0.0,0.483771926453694,254.32286685870127,0.0,0.725657889680541,61.33365198991429,60.91067249232345,0.0,10.458671266256388,22.319252154871887,63.38547808693928,1011.8173601492399,49.96717628156352,231.57738095931168,0.34392870120650154,9.577327133989074,8.967239069871594,-7.569087260840071
2026-03-30 21:00:00,21,0,0.0,0.0806864290970429,230.90269254722938,0.0,0.12102964364556436,51.3376361283086,53.01288202148535,0.0,10.892485441369177,18.039495502739072,62.756989273332465,1009.9333261944213,50.025345840743846,231.48653684316395,0.3505425624582608,10.156136424912019,9.974341531895998,-3.3899809120084785
2026-03-30 22:00:00,22,0,3.8484229320269274,5.369992882891468,207.80064845868594,5.772634398040391,8.054989324337203,49.91493774295991,45.103398751869555,38.48422932026927,9.45062845921279,14.620073229897185,39.98842205896587,1017.254665050305,50.05820952802383,231.28739195971954,0.34864335098132476,11.72270341740002,11.808855108120147,-4.834198149666217
2026-03-30 23:00:00,23,0,7.573773509773467,7.521241455619382,219.31971397224385,11.3606602646602,11.281862183429073,44.83568328814241,44.0916499686868,75.73773509773467,9.08356267537523,11.375848330297547,67.98049441646678,1013.841737907965,50.00103245336717,231.2076426037148,0.3477234417609265,9.405507958006444,10.72242721605749,-2.3940037563739986
2026-03-31 00:00:00,0,1,2.4509813822069724,5.963848487518887,202.96530360566922,3.6764720733104586,8.94577273127833,42.87663211880119,40.83997193116428,24.509813822069724,9.931489647010935,12.542179641746968,58.17247340917636,1008.7521050098035,50.07283257948512,226.49420849924633,0.34026021972740894,11.271361539427792,10.168280182941126,3.8097101991702105
2026-03-31 01:00:00,1,1,0.0,-3.138466590361698,184.13319866068915,0.0,-4.707699885542547,60.41053099981032,60.07674365537241,0.0,11.539906754832469,11.853319673947652,56.179924144185726,1022.1039892484915,49.99420315627378,233.7978812041443,0.3421395332272246,10.267792993130788,11.448804889551896,2.13022518073614
2026-03-31 02:00:00,2,1,5.358791164875985,2.6999966661421633,172.34765347664896,8.038186747313977,4.049994999213245,49.77995747854978,48.71733099042624,53.58791164875985,8.981828465881426,5.261059537553653,47.02957599730652,1018.0736674215372,49.99328474739666,232.84466681010736,0.3337652667402582,8.845643108667431,10.268983617401911,0.6232427412782179
2026-03-31 03:00:00,3,1,4.821469790603372,8.027497949558718,143.26813642461022,7.2322046859050575,12.041246924338077,56.768238410964294,58.70544439918212,48.21469790603372,9.86167004916304,8.183901731450131,39.37399116418318,1009.8020616728161,50.009591247294736,228.728725336939,0.3276323108477207,9.50190494368119,11.931012116649372,6.392754557361361
2026-03-31 04:00:00,4,1,4.56464466377282,1.9742419698505582,170.12720661316723,6.84696699565923,2.9613629547758373,62.3127422030991,61.19969315561389,45.646446637728204,11.990478503961397,9.825507634423385,42.28999576921532,1009.8747279610834,49.976133863170276,228.19031627776326,0.33494507706887544,10.511368503874898,9.868509893271314,-0.6336754147578159
2026-03-31 05:00:00,5,1,0.0,-2.4551743822219323,146.45322649749266,0.0,-3.6827615733328987,47.127630932457876,50.84563205191292,0.0,5.733343731099225,12.547782163684667,51.64920668877751,1015.9386650944703,50.0898033535487,230.7807004351307,0.3484382749324275,11.372336253580688,7.851570232599049,6.923804057766686
2026-03-31 06:00:00,6,1,0.0,0.2967794786349155,148.09098592647504,0.0,0.44516921795237324,48.15115012445481,50.09813429620451,0.0,7.065115654957728,13.349604054812545,32.3382359456989,1008.1692008522945,49.94499879491624,228.4907400179936,0.34969903003528147,10.476830867619901,10.422131514211697,-4.334678169874371
2026-03-31 07:00:00,7,1,7.026499659705362,7.877608909166555,150.36512138665876,10.539749489558043,11.816413363749833,45.42600027687388,41.52525078039009,70.26499659705362,11.601729420944551,17.83919612463004,56.77182901591428,1013.1476415074491,49.95267411438074,230.4843722492998,0.3312814904348288,8.774464562038665,11.719402136204657,5.722826853579618
2026-03-31 08:00:00,8,1,8.51395887542674,12.028060849902694,137.70718451585287,12.77093831314011,18.04209127485404,51.23232914634428,46.489538239796204,85.1395887542674,13.979031449757317,18.755276942210166,49.73572087681394,1012.6204874008572,50.05413643686309,231.67439511445417,0.3484676461515385,8.42691792058194,9.049613904794253,0.8345864132063961
2026-03-31 09:00:00,9,1,3.2596004978025315,4.507908593557222,159.0033854334642,4.889400746703798,6.761862890335832,42.73860201901011,44.510486866890666,32.59600497802531,7.859009693183662,20.393893477296842,58.15672982951216,1013.4403290917593,49.92472299615999,229.16374008617223,0.34424557797715594,10.293185219592253,8.609706136457065,-4.880283971054148
2026-03-31 10:00:00,10,1,8.210789151813177,8.209899561093621,172.16862858591253,12.316183727719766,12.314849341640432,52.266876650082835,50.894624316161746,82.10789151813177,14.191202397577118,28.147688071985204,60.234266268953725,1007.6594775897802,50.02327474608429,232.42359567406064,0.3459583372995705,8.942229856437956,9.084034387643213,-2.369991874732748
2026-03-31 11:00:00,11,1,0.0,3.461362998524477,187.66166441696365,0.0,5.192044497786716,56.538297828632786,59.49871761212316,0.0,11.070197144285853,24.334988914830994,23.06988312229683,1015.5047130564421,50.090392620893255,231.81625971876753,0.3594663123627705,11.015467525817629,9.823341805120254,-0.420888410351884
2026-03-31 12:00:00,12,1,0.6121430575806178,-1.0429039272031564,198.57568749453097,0.9182145863709268,-1.5643558908047346,61.936761635257795,60.302089039609974,6.121430575806178,11.024973997982787,27.761205987255575,41.99179569172838,1005.9663506018921,49.99650227835711,230.084304649818,0.36635820972008637,9.547606557294108,10.677134174391492,-5.370062640021684
2026-03-31 13:00:00,13,1,7.422601466309892,6.453823085751386,226.8268320138779,11.133902199464838,9.680734628627079,50.83791108305509,49.573128858243784,74.22601466309892,10.789152156697767,28.062896533450495,73.58172436432838,1012.8067695935547,49.97433924611399,228.80160983965135,0.3747507757273728,11.210759085506673,8.821041859641792,-6.741885068556902
2026-03-31 14:00:00,14,1,0.0,-1.8150657587475376,218.87236659322699,0.0,-2.7225986381213065,52.738350825867464,54.82844740578401,0.0,7.5013287466192615,27.96387295109232,39.13882465892088,1020.7188126576366,50.019448335322664,229.90240601555521,0.386506452145876,9.358338190125332,10.676164399091395,5.236179385918367
2026-03-31 15:00:00,15,1,1.693412887943787,0.9829339606343007,216.5208957800969,2.5401193319156805,1.4744009409514511,48.23685773895375,45.37033454134823,16.93412887943787,10.32335018819075,28.20012089066797,60.62462586321954,1015.8174838416888,49.98337145523931,231.4542679085902,0.37597090493742563,10.256351667265397,11.010305231296757,-2.6971509106944547
2026-03-31 16:00:00,16,1,0.0,-0.32998391258288134,253.78556510799794,0.0,-0.494975868874322,57.23769225408398,57.095001586280965,0.0,11.80318492088591,29.56562484418188,54.40435451704376,1002.9716529803412,49.99050307319529,227.73691454278463,0.3608503201039449,9.929166351907496,9.225570525997489,-3.2819459633875137
2026-03-31 17:00:00,17,1,5.527437633505033,6.04218945155287,234.01733387940095,8.29115645025755,9.063284177329304,39.96813647171859,42.96359796461461,55.274376335050334,12.09746961582118,26.190640366514387,63.35045202693088,1013.4838129359343,49.964881578866574,230.86874961889498,0.3597431969348275,11.246279003874301,8.35472619562807,4.412708862431963
2026-03-31 18:00:00,18,1,0.7982698261139471,-0.30893233106835116,252.97788494116566,1.1974047391709206,-0.46339849660252674,26.634713315264467,26.763672388804093,7.982698261139472,7.497421882670329,27.588484064313047,38.85976801423528,1009.2800751727916,50.00531938794117,228.23400888553113,0.35498187526946695,9.760427874656845,9.00477397940235,-3.573844778747659
2026-03-31 19:00:00,19,1,0.0,-3.1975609977653843,224.88753528554463,0.0,-4.796341496648076,63.60470586441694,64.25537847417807,0.0,12.227075500406249,25.60103065578857,42.59130262155892,1012.5618687557065,49.877558317768134,231.50642213373064,0.35805098177132993,10.204034598273703,9.728635651773567,3.2534029355607004
2026-03-31 20:00:00,20,1,0.0,3.3116531865313434,234.30031963948161,0.0,4.967479779797015,46.155838849697325,46.82847358837852,0.0,8.686819167863954,21.3579996165148,35.436191235679544,1015.0034326071578,49.95672825355192,229.56954053817194,0.35256981406381416,10.152116925217092,9.715670891379,-8.195107788435388
2026-03-31 21:00:00,21,1,6.883120637818778,7.634809520211247,232.4118334685172,10.324680956728168,11.45221428031687,35.867599216450586,32.30594136560979,68.83120637818779,12.729899308382032,17.549380253963488,40.95837348845893,1015.3089726986652,50.11344422701263,232.34573955044317,0.3588674980230272,10.126947396499538,10.094031305839971,-6.129886877995561
2026-03-31 22:00:00,22,1,0.0,0.1766737956715127,207.726008496598,0.0,0.265010693507269,51.39586534383532,52.33499603068044,0.0,8.824304145462866,13.814131331239642,57.68050263831619,1013.2533715064351,50.05225264563303,230.88521733326013,0.3817105687062877,8.766009656654564,9.829827779065868,-6.216852291465134
2026-03-31 23:00:00,23,1,1.4086905311992604,5.244201232744361,206.02590225680336,2.1130357967988904,7.8663018491165415,43.18457078811328,42.37105966597025,14.086905311992604,9.771036670022632,9.505362843705822,49.78053349901979,1029.3874687706605,49.9549991848034,229.8186926557448,0.3649745854474072,10.88678459579244,10.87517835168706,3.1174549004884353
2026-04-01 00:00:00,0,2,2.116463663237971,2.1697645635130476,192.31123048228798,3.174695494856957,3.2546468452695714,64.12524314066837,64.00498059307398,21.16463663237971,9.650325747971905,7.310262443557043,53.44898663245362,1012.4236195453104,49.99714822466554,228.18971396084578,0.3750388190802475,9.88777627091417,8.767889182603975,3.9819936142723145
2026-04-01 01:00:00,1,2,2.5710393736542017,4.614330122757789,178.8135024085944,3.8565590604813025,6.921495184136683,33.0130704883673,32.4423856042559,25.710393736542017,9.589460045719198,9.932173986393005,70.53029549672124,1018.0035755628251,50.11507443299134,228.66198398614208,0.4010345162449147,11.08595093229984,10.394312648816593,11.098372656624647
2026-04-01 02:00:00,2,2,3.9048578407098105,4.507586689322377,190.98448810929702,5.8572867610647155,6.761380033983565,55.89577342266508,52.478271030818334,39.048578407098105,7.253422616697644,11.005253533487114,56.02522251460098,1010.7649471135757,50.00450264497246,226.80707924954814,0.40760858069252726,10.696146774285856,9.990131248719896,1.1217901842661866
2026-04-01 03:00:00,3,2,6.506278815506548,8.63448885361649,172.86463126697024,9.759418223259821,12.951733280424737,55.72036396788506,56.83848500460931,65.06278815506548,6.744477865342585,10.044673305070633,50.260763477109805,1016.4022713872071,50.065133571664454,230.0140634053528,0.422902087936911,9.241456216697145,9.906704926949082,-9.829097855279441
2026-04-01 04:00:00,4,2,0.0,-1.9496239447573893,163.95972265551185,0.0,-2.924435917136084,38.88508407350173,38.36558634025511,0.0,11.284018084278898,15.490258730198036,44.19828381117099,1020.8914504270616,50.05574090344578,229.69506325327174,0.42543265265453034,9.650137366621735,10.432788175069676,-3.9203777575385867
2026-04-01 05:00:00,5,2,0.0,-0.10152992898622663,145.42045767452345,0.0,-0.15229489347933994,58.565557428029514,55.96792714348367,0.0,11.709500131368138,11.527737350898484,51.26375503784241,1013.8078962873219,50.02394286822851,229.32440865523853,0.4242792365816682,8.65046640259873,10.860876332513358,7.1794647902403685
2026-04-01 06:00:00,6,2,1.8585487000783651,-0.49760758932561244,142.4222440711421,2.787823050117548,-0.7464113839884187,48.04256125925464,48.425164475571314,18.58548700078365,9.3159492719428,15.975591717955508,56.517038919925014,1007.3946990362846,49.97443914704177,228.45939453589898,0.42166753216719255,10.451604481267502,11.285922272472517,-4.512567742947401
2026-04-01 07:00:00,7,2,0.0,2.018719874877125,148.81993633284563,0.0,3.0280798123156876,55.974099748994725,59.35505463085968,0.0,5.859151837887178,17.623461818463618,62.63440312905137,1016.081334940376,50.02254552897399,229.98440208834265,0.43059079963817254,8.266987849617081,10.721321942811601,0.04174208428699678
2026-04-01 08:00:00,8,2,0.0,1.1100994610403139,156.13107172144265,0.0,1.6651491915604708,57.379654439615265,57.19906666545679,0.0,9.472446758755865,20.901908586270842,60.88677032586833,1007.3446687327453,49.95851509896619,228.26296444860648,0.436055063535599,9.49556803915539,10.317770573531138,3.7305452398244943
2026-04-01 09:00:00,9,2,4.071062483475242,4.365532216206484,157.487551572721,6.106593725212862,6.548298324309726,55.074940316864016,55.02850885066442,40.710624834752416,9.64518026098915,24.118999877377146,51.343288880069,1014.1718473744378,50.00223134576661,233.03691554820287,0.4492584292840438,8.906870622712853,11.292684443292503,-3.5401652569919295
2026-04-01 10:00:00,10,2,0.8487896374154231,0.976411455452907,172.1739067045163,1.2731844561231347,1.4646171831793604,50.19216918965484,51.63513777364494,8.487896374154232,8.796979114553647,30.47262179831548,56.99785620554287,1015.9954290699017,49.95722507956018,228.2818526174598,0.44034418616103205,8.558206945538359,11.02224387918029,-8.451899611051054
2026-04-01 11:00:00,11,2,2.0811445042299566,3.8874980883617303,175.89975017497542,3.121716756344935,5.831247132542595,45.20477647959774,43.90149866553344,20.811445042299567,10.720240741420803,27.21428088087682,55.49093650873111,1011.5827591969056,49.99515885424694,231.62776305628753,0.45324432361662376,11.040518061885711,9.934830346051113,9.966009230416672
2026-04-01 12:00:00,12,2,7.321888069212926,7.882097342123448,194.07085965890556,10.982832103819389,11.823146013185172,56.22787551748381,58.449312525145146,73.21888069212926,10.948613807574016,27.964999846502458,57.79988485650749,1026.5144581055913,49.98975008298341,230.6923394903041,0.44546367416725047,8.35972386163401,9.35371538676404,8.418239322868619
2026-04-01 13:00:00,13,2,0.0,-0.1117559756980299,219.234095237544,0.0,-0.16763396354704485,41.99584626220017,41.87146715983482,0.0,10.793910366089284,31.464492630898977,42.43837215216923,1017.4565244808871,50.08634481312811,228.74854200844362,0.43999373320299284,11.615552455307158,11.961592420122175,-1.4453230525156435
2026-04-01 14:00:00,14,2,2.183534465492927,3.058604386533837,218.33762397135774,3.2753016982393905,4.587906579800755,29.565874367571713,28.267585043386244,21.835344654929273,14.032033871680696,26.905947171883433,38.84284447780536,1009.9498290111198,50.0879018852874,228.6543724369596,0.45839872781385854,9.38793093532237,9.571817611781178,9.42187222304322
2026-04-01 15:00:00,15,2,0.0,2.39158292423648,248.04255474628553,0.0,3.58737438635472,53.16675472724691,54.30562440636709,0.0,9.577246308421556,32.08958396006171,59.9661915758595,1004.8606779195238,50.09712325761718,227.89602716914953,0.4546630982629678,8.870212124727741,10.492058570007337,3.948597506104731
2026-04-01 16:00:00,16,2,13.294782899615777,12.816470554527843,241.3683459995058,19.942174349423667,19.224705831791766,51.79755059421678,52.408146679614006,132.94782899615777,8.56461353249658,30.3795633904906,37.72557063846548,1009.8887568277788,49.9530813075037,233.42263637427925,0.4564133864880692,9.925427875224859,10.60096278983932,-0.0017170475639178312
2026-04-01 17:00:00,17,2,0.0,1.2773270792778149,248.3278159694376,0.0,1.9159906189167222,51.51610268560629,49.005425849925786,0.0,6.170301996542791,23.532135320747326,48.37533601108575,1016.5522975728761,49.94284954182409,227.57217743129647,0.4636024338639902,11.083358100919044,9.491319347399767,8.452103204110804
2026-04-01 18:00:00,18,2,0.8839433304962514,1.4670015090315784,252.3936765783139,1.3259149957443772,2.2005022635473677,48.811077830826775,47.785804886638545,8.839433304962514,6.135186682015501,27.919019293600854,50.34206714728035,1009.3943450878804,50.004867923145504,229.89758345588302,0.4610393345553677,10.460766682820903,9.310411128018659,-4.866589261914429
2026-04-01 19:00:00,19,2,0.0,-2.6405035984114886,248.29903751204535,0.0,-3.960755397617233,47.5975851629116,47.25804404492025,0.0,12.77039233571519,24.67034459717269,45.36506064654932,1018.3480685910715,49.96519398584478,228.4002457070283,0.4655896025516345,10.195270107989126,10.021423262366358,-2.103502156254798
2026-04-01 20:00:00,20,2,0.6402581302251847,-0.5529582332992958,237.38151530408044,0.9603871953377772,-0.8294373499489438,50.29151005319971,49.5755659511705,6.402581302251847,8.282402129097463,19.92489226886462,44.72482882898029,1017.1665824438719,49.98719741114325,228.61960474518952,0.4728588804733687,9.293840056298503,10.141979663434757,5.73085241520063
2026-04-01 21:00:00,21,2,4.895532128426594,5.559442892504617,252.21256435652245,7.343298192639891,8.339164338756925,46.81560540204887,49.93529775885819,48.95532128426594,11.593313114523257,20.11970281895382,51.20903090122691,1019.2813168004103,49.96723172378843,227.5505752760637,0.4805605895853057,9.098951727896837,10.229102563342929,7.140262979412864
2026-04-01 22:00:00,22,2,0.0,-0.08109750742215457,229.84769842185162,0.0,-0.12164626113323186,59.62385701510114,56.588737109189225,0.0,11.939835874553832,14.641603047167644,51.16527630197843,1009.5887307365714,50.01491069642017,233.80153618856608,0.477670087311738,9.756854500071583,9.917077544345037,-1.0897192640655404
2026-04-01 23:00:00,23,2,4.430064961279626,5.934985578087823,213.87664999929518,6.6450974419194395,8.902478367131735,59.711589080723215,61.95521905515198,44.30064961279626,5.986288396041592,12.327167679000354,67.16251133263896,1013.4845656584375,50.04232144780759,228.55446923920434,0.4682770890245326,8.22533683523463,9.097331451257807,-0.9148274916741235
2026-04-02 00:00:00,0,3,4.351456917802217,2.7101478211557106,202.35852296069444,6.527185376703326,4.0652217317335655,50.19790210054877,51.1206142824149,43.51456917802217,7.424455546577661,10.061456243464296,49.16574677375344,1003.7032350205241,49.90141149139694,227.33745710083292,0.472239771820157,10.907162355318013,10.100486222432929,2.4101645187799354
2026-04-02 01:00:00,1,3,0.0,-0.6127170195900152,191.00469263907948,0.0,-0.9190755293850228,72.80012462700361,74.72811738538984,0.0,6.791093934948772,13.675893444236758,49.04161788582722,1020.6759924322074,50.01516178168939,230.68767667975254,0.4767451047138265,10.461326244563292,9.15602884688724,7.057558388747137
2026-04-02 02:00:00,2,3,6.142489901505739,7.771381963231696,199.04728035082593,9.213734852258607,11.657072944847544,62.42979490253339,62.543889958359614,61.42489901505739,13.6896183643216,14.172106732074349,46.71139487369154,1009.8675262716947,50.03170019654708,227.82246291765222,0.47819636145519684,10.355887777203849,10.750134602463831,-1.4503443055245353
2026-04-02 03:00:00,3,3,0.0,-1.5781138190772712,164.22626272979534,0.0,-2.367170728615907,47.2235246570217,45.97346699662686,0.0,11.566407614669336,12.789153626672638,53.65494929498823,1014.2474746125757,49.99857320253084,233.30668599881727,0.49176898221219056,10.023241965349218,10.809127023119336,-3.8221959440018605
2026-04-02 04:00:00,4,3,0.0,-0.2882521347998273,146.52116322123504,0.0,-0.432378202199741,41.912560171943454,40.75869435814169,0.0,8.035433007363158,7.993772721480001,41.56400791221341,1001.9134745571895,50.06226507702857,231.16838434886375,0.4948972524643303,8.637854038641226,10.480344664417391,-0.4423870140524587
2026-04-02 05:00:00,5,3,1.1101889119429795,-0.3910060793583332,147.41907819284177,1.6652833679144692,-0.5865091190374998,42.21252752778061,38.59204925163884,11.101889119429796,11.607699694829797,12.170772259285885,44.93121762869177,1010.2104031735983,50.006422590225455,228.63083065729157,0.4861581676023519,11.305199759441248,12.290420426441067,0.14601545582343012
2026-04-02 06:00:00,6,3,0.0,0.7275998610077744,147.67782980489886,0.0,1.0913997915116616,48.257677386288115,45.34575117868622,0.0,10.70283818619761,16.112910301334345,53.39067295738637,1020.665052138895,50.025629621474174,229.78331963096826,0.48177548141283316,8.853576450083745,8.365949949672121,-1.6370524339755599
2026-04-02 07:00:00,7,3,0.11654757832051876,3.022056723357522,146.5737515702614,0.17482136748077814,4.533085085036283,25.318493478457555,24.356598762288648,1.1654757832051876,7.242938840177703,16.166512775876846,53.40370092133483,1023.0038776088893,49.9580671993447,228.65298477553046,0.47778623695486533,10.445064164233175,10.281546502508682,5.237127605927857
2026-04-02 08:00:00,8,3,0.0,0.1254729338654005,148.33547713483273,0.0,0.18820940079810078,53.6817408885449,52.68191346695287,0.0,9.778969473641762,18.248719146086522,44.28310568285809,1001.7296501112013,50.006672930180876,230.23592070728625,0.47577105442551804,7.553244395504555,11.311307724756052,1.9901061876426154
2026-04-02 09:00:00,9,3,0.0,3.4786707642160803,152.53509531897976,0.0,5.218006146324121,52.14689216746258,52.15206567626566,0.0,6.280761533894314,24.08338297749994,54.316338692222836,1013.3910575572221,50.01712983791244,232.47154504775676,0.49877883839308895,8.088865466147574,10.281886558325793,-14.774783422880502
2026-04-02 10:00:00,10,3,3.7529925128037225,3.7063377858639726,184.51341535784908,5.629488769205584,5.559506678795959,50.51829388446744,53.73770064193805,37.52992512803723,7.5474294534326365,25.033285756187848,68.3408371933161,1016.1303051349576,49.91487806129301,233.06869553331813,0.5022764806530643,11.002831525597644,10.336284511418578,0.4433349288505461
2026-04-02 11:00:00,11,3,0.0,0.7223824083479605,168.6381260104388,0.0,1.0835736125219408,52.47471419656212,52.42205403202055,0.0,11.746408512021144,27.226392659888663,39.58866865376945,1008.3381765705303,50.070029377733945,228.09750457010233,0.5137140137487658,10.166785330499579,8.777062858004976,-3.4031084881173363
2026-04-02 12:00:00,12,3,0.0,2.639125975383563,193.32948562628815,0.0,3.958688963075345,41.369618976983354,40.22368998837018,0.0,12.687433043270904,33.37181527639962,39.27447660129438,1014.0683916673311,49.970673503907236,230.97372463122662,0.5291536436086691,10.665718873448284,9.868482587192224,10.280967271102766
2026-04-02 13:00:00,13,3,0.0,0.6764495763820175,213.88979818129835,0.0,1.0146743645730263,46.54408976769172,50.357873361883485,0.0,8.375337552763124,31.946084697222513,45.05261556728253,1004.881766873608,49.95008640601745,232.4266543253343,0.5257177864562593,9.633180073202329,11.731411977292028,0.3197352507820303
2026-04-02 14:00:00,14,3,0.0,2.0811845356436542,221.5154299176805,0.0,3.1217768034654814,54.277801602789175,55.81405679117436,0.0,8.126529504770184,31.145733739950494,63.8694062291306,1015.5433802446738,49.96965570258939,234.2731597319693,0.5342028862492456,9.12667296746802,8.829031051189615,1.8732047483531902
2026-04-02 15:00:00,15,3,5.793543490042728,4.927513467305475,260.0483948800724,8.69031523506409,7.391270200958212,53.86554831793735,54.69681704421556,57.93543490042728,7.408217558278535,27.60840948688715,63.58849648801546,1010.9082350829327,50.01837679008493,230.11245160169076,0.5334994437680219,8.427650004318096,9.596047969267179,4.135755838682958
2026-04-02 16:00:00,16,3,5.027113615770352,2.0042138940131506,231.12401124426827,7.540670423655528,3.006320841019726,40.03129654902416,37.688303585605944,50.27113615770352,8.196243408319624,30.88182820815913,67.44262352277018,1013.0887683147115,49.99447758420627,228.377603337705,0.5286496824601984,9.847274785878563,8.544615326155967,4.731025063039153
2026-04-02 17:00:00,17,3,0.0,0.3438440349962339,244.74154546379762,0.0,0.5157660524943508,55.16358675790812,56.37041228426483,0.0,8.463741499783293,27.764767770784335,47.58707382634697,1007.7569029065786,49.99870791342767,227.42110946477234,0.5155264391558381,9.024077690214055,8.985919738009995,0.04515063334858339
2026-04-02 18:00:00,18,3,0.0,0.7750234572732858,255.03417573448428,0.0,1.1625351859099287,50.307039302436294,47.328981139853994,0.0,9.429176105787093,24.86980632887096,58.773970826275836,1009.52325368582,50.06005695878007,226.75458344460455,0.5239658329508732,7.671201649052389,9.837435970231233,5.345933091658999
2026-04-02 19:00:00,19,3,0.0,0.4839925382775282,231.04110528380465,0.0,0.7259888074162923,47.081185939942486,47.37741100479233,0.0,8.695019387918967,24.335390847539042,55.40043850660269,1015.0254390977848,49.940626638607704,229.70423614707968,0.5326731960948771,11.204696615272033,10.703523505431813,-7.270883134597113
2026-04-02 20:00:00,20,3,4.13112432764816,5.72859485995337,220.8358100645753,6.19668649147224,8.592892289930056,56.29017751495829,55.41476663335538,41.3112432764816,8.827141333882544,18.963093689197933,51.17933400562979,1008.8196471061981,50.00442118383461,229.2117311362576,0.528502741827759,9.240465883672945,11.007339483432775,1.4417961037940341
2026-04-02 21:00:00,21,3,0.0,0.0429349713130309,247.77323716979467,0.0,0.06440245696954636,60.04069805366423,61.39524373608261,0.0,12.647717165446291,16.139282968399286,50.64627637030238,1011.6181269237413,49.971256864692855,230.41425653860227,0.52922085998765,10.16813982921232,9.128102617403325,-2.8622862741765607
2026-04-02 22:00:00,22,3,0.0,2.23519593118243,232.7438098638747,0.0,3.352793896773645,48.54390004436104,43.840893314403985,0.0,8.392599926634418,17.77636072919899,52.80434321756516,1015.9612685634357,49.99685719230785,227.94941979082975,0.5139644439348152,10.933904151599052,10.824137968476782,-1.0489238486599635
2026-04-02 23:00:00,23,3,0.0,-0.7685817797212215,214.0846381985369,0.0,-1.1528726695818323,49.3506638066402,51.01107386400869,0.0,9.763965735413809,10.88125976055329,44.17283160884183,1013.9901564455928,49.99572236128901,234.08653603005482,0.520264281042113,9.839488775062128,10.971922871846576,2.346474107258728
2026-04-03 00:00:00,0,4,1.6705941311663537,6.145123779186256,216.2460227856451,2.5058911967495305,9.217685668779383,74.4878471695611,78.4525600290865,16.705941311663537,9.323127642768208,10.910029602880343,45.936002606545465,1009.1844053026135,49.95498433433325,231.89280272773337,0.5154366051132983,7.999339609369512,8.990251005436976,1.6941498349856796
2026-04-03 01:00:00,1,4,0.0,-0.7695648914787451,193.94570817589786,0.0,-1.1543473372181177,39.17449363951894,38.91514792436952,0.0,9.723520991378981,11.342529749971552,37.70456763908648,1006.6134612975762,50.01746056760813,229.69814440383576,0.5126629531554076,8.59938301146894,9.890519236759829,7.29214178159395
2026-04-03 02:00:00,2,4,0.0,-1.087143386890069,174.71383560888074,0.0,-1.6307150803351036,60.53073290407729,57.80948325863607,0.0,13.165905216234446,10.613531741865993,52.98312799318657,1019.2646282346575,49.98345743389418,229.89703783061083,0.5264806479533893,8.810179789496281,10.844631800889461,2.925872838904225
2026-04-03 03:00:00,3,4,0.0,1.357652106053735,185.74907244578236,0.0,2.0364781590806027,53.37153761098777,54.52208240476569,0.0,8.97269694806082,9.165967016154065,42.36615326666406,1018.3842266646751,49.9870560361796,230.1875463230531,0.5283123137535419,10.229924561630645,11.262443052120418,0.1930129605198279
2026-04-03 04:00:00,4,4,4.968921990435696,7.317757501753096,158.28226654760329,7.453382985653544,10.976636252629644,66.06333797979077,66.41163527155491,49.68921990435696,8.209834106132092,10.91442078467245,64.35623651936045,1003.4957788372458,50.00773714146189,231.34086637219332,0.531234202285199,9.446381995574814,10.469280598416812,4.369373478344075
2026-04-03 05:00:00,5,4,0.0,-1.0212830749521609,157.73743598680173,0.0,-1.5319246124282413,66.29316828130068,69.26900184323691,0.0,9.635082558297455,12.797354551806215,46.303770735718906,1014.4308969688956,49.98952838045958,232.90087384606457,0.5277238616120592,9.697041887551928,8.667584151056023,-0.9146896485853793
2026-04-03 06:00:00,6,4,8.161734001714041,5.301984902012043,145.2573929125111,12.242601002571062,7.952977353018064,47.70183649378573,49.483111613474,81.6173400171404,9.895108636825737,10.623016178048479,48.02987894853575,1008.769298244468,49.91121561866878,230.7998950052115,0.5196947320602653,8.286909326151028,9.650246324065474,2.695424329370086
2026-04-03 07:00:00,7,4,2.747463331317954,5.1107643727698076,150.0848515798155,4.121194996976931,7.666146559154711,32.48976871965692,33.70162861664592,27.47463331317954,12.122408171870152,15.785812495292184,53.419163317236105,1014.9384261333969,49.99622461374682,226.7753891980597,0.5111143312541917,8.54147563706115,10.620388549366076,4.180408098056744
2026-04-03 08:00:00,8,4,1.049859434113223,0.550585274699273,148.5914405378021,1.5747891511698344,0.8258779120489095,47.6928840698896,47.828080780888094,10.49859434113223,10.567244210380435,17.186000501999757,64.74521267341493,1016.0494597536734,50.03486790424422,225.45688660957273,0.5198552935681325,11.016698612876166,10.95699212436501,7.134172506313075
2026-04-03 09:00:00,9,4,3.294331092231898,2.4420176929364574,172.2384500274636,4.9414966383478465,3.663026539404686,48.45051839812942,50.61855018645928,32.94331092231898,11.708585419573815,23.539387496984016,49.53180246119325,1020.345495075931,49.97600195329776,228.14235533970032,0.5402780828436766,9.670672805709634,11.132754324718398,-2.2687998001377667
2026-04-03 10:00:00,10,4,5.001409830483053,3.752205241780402,170.41528132594246,7.50211474572458,5.628307862670603,49.844926190253254,47.71461128715988,50.014098304830526,12.763286216416924,23.53376606705984,35.0054575200648,1015.0334669352071,50.0810896529511,226.7770020710019,0.5362412202157756,10.78119649169018,9.365867688825283,-2.1622434976355445
2026-04-03 11:00:00,11,4,0.0,-2.1049016555902833,172.1631953017309,0.0,-3.157352483385425,61.85303684553915,58.35419851013873,0.0,6.496126485539779,27.467775436915232,53.095339832049355,1021.4625538447943,50.004434698284726,228.26053104233,0.542508371522791,12.015925617019768,9.720577100597644,-6.574420383329141
2026-04-03 12:00:00,12,4,0.0,-0.8544480226450405,208.92088833030857,0.0,-1.2816720339675607,60.62634285953512,64.57374658153121,0.0,10.78629542784638,29.966755041960557,61.823935257484194,1009.7110750497861,49.984254493991074,228.46905630898618,0.5585857755238178,10.99349262107428,9.43407518975521,4.7932815771069475
2026-04-03 13:00:00,13,4,2.3683079684611954,0.6089641526075309,223.7946481845013,3.552461952691793,0.9134462289112963,56.65091726842626,57.581468087621914,23.683079684611954,9.485267169143288,29.766108707063644,59.506760850101045,1019.9159451049893,49.88281352409406,231.6044310264979,0.5491934775936428,9.776573637142919,9.66495470078233,0.4290165041829211
2026-04-03 14:00:00,14,4,0.0,0.896648446758499,223.63023075176852,0.0,1.3449726701377485,35.197567145971995,35.12256528534999,0.0,11.531080063925158,31.114306289961828,43.987782237717504,1009.2153552199914,50.0516356203467,227.53689753842087,0.5570891840537195,8.056764802534932,11.018330415116143,1.5045398820957425
2026-04-03 15:00:00,15,4,12.678218043810713,9.638497715737543,224.16187097931058,19.017327065716067,14.457746573606315,51.6273512043001,50.41686658073602,126.78218043810713,8.150525103069606,26.331757718785536,52.64810068177724,1011.1767750415506,50.035509545468706,230.53729368926764,0.5412776334962879,10.611038791194431,9.835414700063806,-3.5834710086376793
2026-04-03 16:00:00,16,4,0.0,-2.796420655705742,236.56514733062752,0.0,-4.194630983558613,51.709285748036216,52.98107651246176,0.0,8.429786643319058,27.373954843996778,29.690987100184497,1013.5565056065402,49.95077357936894,230.09542054802765,0.5305930396272072,7.890645080473949,12.28639083927433,-0.4162466301007472
2026-04-03 17:00:00,17,4,0.0,-2.845423107859106,237.5788889241442,0.0,-4.268134661788659,58.6189751731897,56.378086492053114,0.0,10.800749056546564,27.9954171040216,46.29041642153673,1008.0610842899146,49.94680604608851,231.15266452807833,0.5315097565894747,9.076285314235193,10.706338277104775,6.369929065863035
2026-04-03 18:00:00,18,4,0.0,0.34868663388409915,241.63651174760213,0.0,0.5230299508261487,38.866323519865915,34.43355500731074,0.0,9.561318676919432,25.88604785208425,55.34014975675732,1008.9485904438742,49.910211499809435,229.4301825994368,0.5323712604005698,9.292817990772226,10.65744326443881,0.6150922541101137
2026-04-03 19:00:00,19,4,0.3086392900711194,-1.9960062921874342,253.8807147677986,0.46295893510667907,-2.994009438281151,38.59464297348411,37.629901664674804,3.086392900711194,8.936094978565121,22.332030902320714,49.29029688579006,1012.7152051472733,50.003895913146785,229.58242648817247,0.5437030124588295,11.168057369145645,10.22780679150132,0.8109748660514442
2026-04-03 20:00:00,20,4,11.596730421234305,11.851487513954302,255.01593072234076,17.395095631851458,17.777231270931452,38.83861600898513,37.14224539457734,115.96730421234305,8.396808602105251,18.46069666544218,56.172921478726806,1008.8671118987204,49.94931946941109,230.62743474424536,0.5257453038643553,8.51255750245148,8.553290954687586,-5.06911542074352
2026-04-03 21:00:00,21,4,0.0,0.7392473022177954,222.6696785932562,0.0,1.1088709533266932,34.07670326040769,35.672281034356374,0.0,6.654810552628392,15.764935876357066,50.176044878334224,1018.8107251163204,49.99399893366063,227.387716972152,0.5339378481494159,10.108413686903233,9.8151738340696,2.5483173061139204
2026-04-03 22:00:00,22,4,0.0,-2.873222857515834,240.03809129108166,0.0,-4.309834286273751,66.466901780596,68.23284585342816,0.0,12.925330932249896,18.25568150816503,55.29870069904033,1010.250911349592,50.00260058881315,227.65423092966736,0.5333236564905528,9.637653585764435,11.246696171411026,-1.5634036884351763
2026-04-03 23:00:00,23,4,1.3799307119981106,1.8707464260586002,225.90736564821378,2.069896067997166,2.8061196390879,44.522452241358806,46.59318243352776,13.799307119981105,9.97278034723768,15.469022369248073,39.61649677541168,1012.2190098638433,49.93658154612831,230.76689977142442,0.5351345301956435,10.098679920441157,9.093982839270026,-6.811365837105963
2026-04-04 00:00:00,0,5,0.0,0.0677234131967029,203.0097705874408,0.0,0.10158511979505436,52.590940874167465,51.762423626697824,0.0,9.23438585908587,12.246303117738101,42.39082548930624,1006.0716679548525,49.95431055989591,228.80604016798972,0.5347264660241985,8.97248160769357,8.030308051675465,-0.9741495836501255
2026-04-04 01:00:00,1,5,0.2965473013842184,-1.5496474881034956,166.71217526659535,0.44482095207632766,-2.3244712321552434,65.9976627101484,66.9081867194139,2.965473013842184,7.363261294806028,10.016166969518293,57.83455038535904,1012.8608044760502,50.01744484403396,227.73349798528128,0.5274659523051226,10.022642567045773,10.11636024719157,-8.990298401497789
2026-04-04 02:00:00,2,5,0.0,-0.9072527490906599,184.77610989950605,0.0,-1.3608791236359898,52.95364514474452,51.10528869419422,0.0,8.49950924783243,12.120888310052097,44.39811257087829,1014.8664569074541,49.95654126038877,230.94392885343473,0.534430061025696,9.549081765004512,8.65820380708622,16.56171260494705
2026-04-04 03:00:00,3,5,0.0,-0.698154507095278,166.54610751873759,0.0,-1.0472317606429171,37.131388618656935,37.57800933778444,0.0,6.570834050069588,11.999689094176876,43.02600570148784,1015.05983367986,50.020998540070195,232.9856354496267,0.5252765860935531,7.293907615527728,9.920988953703336,3.8182228345048013
2026-04-04 04:00:00,4,5,0.0,2.729231717354679,169.03940891039682,0.0,4.093847576032019,42.400503183969235,41.26368400183726,0.0,6.896040299174631,10.812477960295759,55.64404728256586,1014.7898650786746,50.05509245190372,229.03061380622012,0.5142292250770727,10.885548919830503,11.410358892154603,11.57337323906547
2026-04-04 05:00:00,5,5,0.8178978174245556,4.811730835469236,139.68204483995737,1.2268467261368334,7.217596253203854,63.874714971313225,63.54622398578482,8.178978174245556,9.613782817202706,12.952070052407159,54.482803242504836,1012.6546808341853,49.96603244641601,228.8855471476917,0.5184683096184884,8.045804312679829,9.410945078105991,-5.483391021698399
2026-04-04 06:00:00,6,5,0.0,-0.05790885581156166,154.4173265539456,0.0,-0.08686328371734249,58.80643766413554,59.043152858490686,0.0,11.855607071342822,15.151009868299244,49.01085445355389,1013.5784566676945,50.07333972951791,228.38271436262875,0.5267306861617999,12.838965055885089,9.334266599628116,-0.9308860223574691
2026-04-04 07:00:00,7,5,0.3412008544001055,-0.2030932831672615,148.06590273597973,0.5118012816001583,-0.30463992475089224,46.644325871710876,48.53381128884705,3.412008544001055,9.069584234360486,14.672819270711468,54.385002507231505,1009.0635806876628,50.016585134544954,230.42175593309264,0.5423938687718706,8.766397730836799,10.35365599905073,2.136618061446681
2026-04-04 08:00:00,8,5,0.1372509489778424,1.5918355145586924,178.5874018878641,0.2058764234667636,2.3877532718380388,44.33450548473816,48.651050020187334,1.372509489778424,10.362166085555565,15.124005465049517,35.74671799764046,1015.400994813894,49.99744945355182,227.793317171786,0.5614958677531892,9.818807638098303,9.25133054043377,0.8262774746357568
2026-04-04 09:00:00,9,5,6.411670523686622,7.762810670225253,143.27346859973096,9.617505785529932,11.64421600533788,44.99988276928236,46.065479422501305,64.11670523686622,10.677112754594242,21.834376615184272,51.94957674609431,1013.015236767169,49.97766276495013,230.50921875684566,0.5498999034156745,9.210445830545728,9.574800511907284,13.29607785637089
2026-04-04 10:00:00,10,5,2.4188191241669164,4.912737524703301,178.11437581531283,3.6282286862503748,7.369106287054952,38.8197242481979,36.97697777677309,24.188191241669163,9.10927127874661,25.445004947838576,51.86907899957677,1014.0319618239793,50.070465527864,231.39981900561284,0.5514469656729728,11.370323407739313,10.484338930614614,4.83205719950559
2026-04-04 11:00:00,11,5,2.0395006125882333,-1.0894045072302756,174.87910217191208,3.0592509188823502,-1.6341067608454134,55.399810505445295,53.95012695711731,20.395006125882333,9.90702687935092,27.732385201510887,51.84490382327131,1014.4066020650797,49.96714526635621,228.9495476829002,0.5400849942643929,9.75122465327824,9.777324030998445,-1.187974849297526
2026-04-04 12:00:00,12,5,0.0,-1.3801552407481643,201.68490431289408,0.0,-2.0702328611222462,40.706975004082764,38.685133192902995,0.0,8.966208952704331,26.231454222346237,40.614828256000024,1016.0176327818996,49.981642732673656,234.69883224803817,0.5359309644297511,10.120746347528042,10.845266128875345,7.125739089878761
2026-04-04 13:00:00,13,5,3.7343159801274073,4.644914687297118,191.167346477938,5.601473970191111,6.967372030945677,51.80237419287651,50.41299384621017,37.34315980127407,13.38655727051163,31.47599662947382,58.73118186466687,1009.9378836053088,50.04024702515048,230.26570438230604,0.5263274960659605,10.990633417893799,10.216925530700985,-3.1010756889686104
2026-04-04 14:00:00,14,5,10.816119910823062,11.191676123949543,226.1035596082258,16.224179866234593,16.787514185924316,29.861570759853425,28.890557050209566,108.16119910823062,8.423598633904497,30.793807949045064,38.33041676296273,1003.4641994707049,50.037871005982254,232.0226997455688,0.5280769581137797,8.39457500105448,9.235784573649978,5.552705002778621
2026-04-04 15:00:00,15,5,0.0,3.320023288377522,226.6572174295497,0.0,4.980034932566283,43.30326121840913,44.689974886234985,0.0,10.9213854876436,25.981420601478245,48.69734105786755,1025.1698410851675,50.0206200584492,230.30318916553938,0.5412174231851555,11.404763922608176,10.8909755271253,0.5425974751965056
2026-04-04 16:00:00,16,5,3.1063936939556664,1.4067338166524521,238.77951334526188,4.6595905409334994,2.110100724978678,50.82925393176384,52.316000505349606,31.063936939556665,12.068764382441683,27.807128958736623,47.96736597973289,1007.5621483612216,49.95729404023953,226.99424217282598,0.5493046824062213,7.6494737544554905,9.456169913071715,-0.7902263987649212
2026-04-04 17:00:00,17,5,0.0,0.18163131595732643,250.44497499631711,0.0,0.27244697393598966,47.7366137720532,48.036475108740525,0.0,9.987145742070942,27.378622279392555,57.25649091250311,1013.9791284721803,49.912865268242534,228.93696422904762,0.5588427339427563,10.831027055062233,11.033678640090427,-2.171745622818977
2026-04-04 18:00:00,18,5,4.607052539952712,2.6149842022771086,256.71898810522833,6.910578809929069,3.922476303415663,59.01263570438938,58.08121212960882,46.07052539952712,12.010124545896492,24.29096356914081,49.41643551679285,1005.4804129117748,50.01739637371386,231.89409229292778,0.5623419788195044,9.519045035697376,9.323929020450054,11.233071811527411
2026-04-04 19:00:00,19,5,3.8708066593950567,2.84616851911906,251.59233853195036,5.806209989092585,4.26925277867859,37.889409540575976,38.71578649833681,38.70806659395057,8.238068641605361,24.367782020927745,49.08454109203495,1012.2428332716181,50.02159603900169,227.65556162882433,0.5425413527080848,10.451951681717862,9.97779063544945,-11.469681618702987
2026-04-04 20:00:00,20,5,0.0,-1.5702809808299083,243.85783562952238,0.0,-2.3554214712448625,43.84897946445964,44.27616907194889,0.0,12.48346674216188,20.30279247467456,41.5553042271917,1009.1688085521106,49.920790402349176,233.11675541425424,0.5470688054261368,11.742023110860822,6.945840267456962,-7.3359662427957195
2026-04-04 21:00:00,21,5,0.0,-1.163796794134248,217.8120403983807,0.0,-1.745695191201372,37.48166147139938,31.469941033951272,0.0,7.9908572023299715,17.750764410419524,52.027436794300066,1004.0033369345855,49.948584322105226,230.02670172692262,0.5476772416923983,9.334820062963123,10.9310217616024,-1.0639780142887925
2026-04-04 22:00:00,22,5,8.21731759452568,7.243786206028871,222.57777748019524,12.325976391788519,10.865679309043307,65.48269126298558,66.93373648992053,82.1731759452568,11.562947894167788,12.511657055530184,44.006044586955426,1016.4493543213632,50.022972169989416,227.17047572282172,0.5513158113896768,11.779025975382977,9.057102171235154,-10.699799047840193
2026-04-04 23:00:00,23,5,6.762272187564133,6.1483366620759465,205.41895588098345,10.1434082813462,9.222504993113919,45.132481786686185,48.03709117036238,67.62272187564133,12.189547831952446,11.185337445125434,58.23353377003013,1008.358816032265,49.85267687223972,230.57791844925342,0.556034842938979,8.11872841339515,11.078504190047095,4.415828740500513
2026-04-05 00:00:00,0,6,1.8274635402894936,1.1452929338609565,197.68501651138928,2.7411953104342404,1.7179394007914348,67.39253414608872,66.4486030361863,18.274635402894937,8.003364476929683,9.440697338084828,47.13826724898068,1023.3516225584674,50.04417069729725,229.20816803911745,0.5455599896517239,8.35425365943345,10.353463624405586,-3.589011508464783
2026-04-05 01:00:00,1,6,0.0,1.0081940556225457,194.55332890365992,0.0,1.5122910834338186,64.48174532158245,61.95311548351279,0.0,7.9519126529174535,9.170773260412297,66.48579961842269,1006.9822483111063,50.06935938101024,228.6780543073143,0.5340653869379656,9.935060951639413,10.454310953139993,-0.9650780521585913
2026-04-05 02:00:00,2,6,0.0,1.0075057819628022,190.9814276938357,0.0,1.5112586729442032,60.920318111355684,62.89961149948292,0.0,8.279704943651325,14.645397907071743,56.79320600279745,1009.1146251316013,50.02295393620611,229.63099685367646,0.5544515139410939,10.600621904142896,8.666201524472227,4.323641781417988
2026-04-05 03:00:00,3,6,0.5819417084657001,3.781004609788753,173.03188098706647,0.8729125626985502,5.67150691468313,46.17650699392588,45.868064888730125,5.819417084657001,9.274110091610993,7.055690409339735,53.355449330181166,1008.7602125682763,50.023226014161985,226.5668595963916,0.5601538319920516,9.917269286894214,8.47758686611978,-0.9980869894097251
2026-04-05 04:00:00,4,6,2.4841984845021825,2.682465132810017,160.42906981995688,3.7262977267532738,4.023697699215026,66.47189659566207,64.61281039560353,24.841984845021827,10.049383083067925,9.731350114350105,52.49862453429073,1010.0050289435503,49.894125398160604,229.35998609976008,0.5767201012222399,10.744766584633817,9.628482301632353,11.108583704272618
2026-04-05 05:00:00,5,6,11.309157585739051,8.874279671784496,144.6937256117326,16.963736378608576,13.311419507676744,62.45940319678964,61.34358470750236,113.09157585739051,8.817152412449591,12.97337603495099,37.88743017448044,1019.5193059128642,50.089407760663,228.77454070838616,0.5830781290116617,9.497018375059083,11.343496445571803,0.14198011658281992
2026-04-05 06:00:00,6,6,0.0,1.882344041713113,155.27355056353545,0.0,2.8235160625696696,52.54667238314746,50.77526255665233,0.0,10.82489159624163,16.96312320368196,63.46544683696659,1013.9730205930438,50.15780080643309,230.86323128662593,0.5816757056376582,10.960806089871317,7.269556252959447,-4.79515924786123
2026-04-05 07:00:00,7,6,3.310356092526448,-0.9167156525848168,155.27499395038208,4.965534138789672,-1.3750734788772252,59.46043013203338,58.502112344774105,33.10356092526448,11.225226562183646,17.79154323670836,50.38464300535944,1017.3373382466428,49.96898138448538,230.45475318295576,0.5795933749486296,9.901694611893948,8.205329154767572,4.9849718081348495
2026-04-05 08:00:00,8,6,0.0,-2.348919952339634,175.4656092649721,0.0,-3.523379928509451,49.162731781353244,50.066282506183384,0.0,9.095302463623861,16.88915967720976,44.806444437531205,1017.2398696415181,50.02112013571662,230.29766619053217,0.576599024996847,10.416336148779001,11.125451819057682,3.977306379205992
2026-04-05 09:00:00,9,6,0.0,-0.8088257262761248,155.83510006273298,0.0,-1.2132385894141873,46.71649416624119,50.94447292322191,0.0,9.971270447945471,24.53113180323237,49.04944335034282,1007.177485727782,50.087173756256504,230.11978552044513,0.5856477206159583,9.575954146049742,11.90947625308473,4.4955725756970795
2026-04-05 10:00:00,10,6,1.7296405947982096,6.0452245234819095,165.42576179529848,2.5944608921973145,9.067836785222864,45.88848342346884,46.21814114170819,17.296405947982095,11.294027081045234,25.06729302982894,40.14094251333017,1017.0540924179729,49.99119671708859,227.05523524729824,0.5813256335111368,8.219652991314723,8.35222834116767,-1.899282596605003
2026-04-05 11:00:00,11,6,0.0,0.9620889801121565,193.63709432548183,0.0,1.4431334701682348,46.98546731786797,49.59996415637889,0.0,7.818838696517156,30.182237009288777,40.173440698574474,1014.8666942600846,50.026434305377556,227.53230987976335,0.5799543720951807,8.626044473645159,11.018824223076678,-1.5437721422842088
2026-04-05 12:00:00,12,6,5.693862400656085,8.455799537442486,189.4227580555034,8.540793600984127,12.683699306163728,64.8183536242074,68.7032798112556,56.93862400656086,9.532802223165337,30.302602035067242,46.02875478549537,1017.8227712137004,50.02316645432391,228.3307039791328,0.5828053657886716,9.944920231260857,10.299409127310055,-1.2043438679229514
2026-04-05 13:00:00,13,6,0.0,-0.2664871142910677,199.84238826655758,0.0,-0.39973067143660157,44.15313543905539,43.52064343139963,0.0,8.863536184911746,30.601541044856347,59.10265939842164,1013.4986993392062,50.050108729963384,227.83574684828938,0.5943857956833675,11.675888697313102,10.64562742362019,-1.1282339936466437
2026-04-05 14:00:00,14,6,0.0,-0.2202473783410634,226.35257855631247,0.0,-0.33037106751159506,56.19762712466848,60.79225922136068,0.0,11.296274972874588,26.22972138513975,59.61536147072312,1020.2585062141537,50.00965625868781,231.0343246991429,0.5929057057639153,9.93496102893067,10.999423779690524,-1.774391950699169
2026-04-05 15:00:00,15,6,0.0,-1.1675913112201843,215.40902206548031,0.0,-1.7513869668302764,61.749751883660686,64.7479449845744,0.0,5.589054775280447,27.052267845771052,33.59477786664817,1011.5923377838445,49.98412494936337,232.7110666237485,0.587305439359375,9.22571948314234,10.544014169004193,-11.592290644353971
2026-04-05 16:00:00,16,6,9.238619289270236,8.632067240835614,241.34558095364252,13.857928933905354,12.94810086125342,63.66671395490066,64.12715156362152,92.38619289270235,11.302388656116031,29.13219202241855,40.964386552712384,1006.9376176101201,50.00772545685692,231.6051315798191,0.5796636251412172,11.544401673896457,10.01122465752,3.0373860509315733
2026-04-05 17:00:00,17,6,10.175373994044248,11.531753401458129,242.58845424691617,15.263060991066371,17.297630102187192,60.69660757753638,59.25888084901176,101.75373994044249,6.138296221225854,26.040166450200807,51.18196257480648,1002.100674050908,50.00413281734875,230.67499040823463,0.5771577382713706,10.817106613913737,10.140496073772225,0.11815332689515742
2026-04-05 18:00:00,18,6,3.140865768997319,2.7043763202909172,253.94240699831178,4.711298653495978,4.056564480436376,43.18299708056608,42.256101850505615,31.40865768997319,8.682391549785278,23.284580394673622,35.67230642637561,1012.6170249535392,49.955910200447846,229.35230009839654,0.5626186613915872,10.962516393891287,10.157854320179469,2.2451119118754397
2026-04-05 19:00:00,19,6,0.0,-0.8288713497442679,245.2790618652845,0.0,-1.243307024616402,48.99009968760558,49.76190563850192,0.0,10.970764252190508,24.36117948019164,55.666270011227255,1015.6971713666585,50.032330781654984,228.8428479408868,0.5613977089981869,11.609201651591421,8.775308914278916,-4.691401508165367
2026-04-05 20:00:00,20,6,0.12452992635729185,-1.0933628840026712,256.7731904077423,0.18679488953593776,-1.640044326004007,60.095937099313176,62.20829349718614,1.2452992635729185,9.293933561044437,20.230628891408543,50.791546878578814,1011.8721273641181,49.98615359874083,229.61417548225538,0.545517318880363,12.338533137988511,9.341313530678052,-0.38167438695189565
2026-04-05 21:00:00,21,6,0.0,-1.5343598197682387,231.25952846191953,0.0,-2.301539729652358,52.99478126573804,51.89599238910297,0.0,10.533914230077665,14.55147410227195,55.112946878790666,1007.052359211797,49.94621579334938,234.15069545123876,0.5514033544216399,10.25582156844786,10.664271817686554,-4.50166611848752
2026-04-05 22:00:00,22,6,0.0,-0.8616730004627238,218.95294336090197,0.0,-1.2925095006940857,42.095338463050396,44.57636991133478,0.0,8.861760622717895,15.504369909094724,38.22272584557548,1018.5074509020634,50.026696075193755,225.82727889955882,0.5451281917079223,9.79975342087658,10.70724865320602,-7.323120730100465
2026-04-05 23:00:00,23,6,6.533942956073966,3.7778088460969093,214.39290580364553,9.80091443411095,5.666713269145363,62.57661691851854,62.2256562530072,65.33942956073966,14.69463301058008,12.05592837143922,64.12784339408005,1009.5779862788443,50.029504325710384,231.9292171538499,0.5295903965822755,11.69343530033243,9.15841672859569,2.212604316935537
2026-04-06 00:00:00,0,0,0.9276427373776439,1.485474301598757,197.1581941856797,1.3914641060664659,2.228211452398136,28.290173658976844,28.39377962963353,9.276427373776439,12.51554161454255,8.175041305266577,60.81739238642794,1002.7584826338439,50.055900257960374,228.9670443546133,0.5369763368170809,10.827627978393975,10.797260947863279,7.74348910548634
2026-04-06 01:00:00,1,0,6.365328058641607,7.85419506760435,208.83019542448145,9.54799208796241,11.781292601406525,51.420848808013275,51.09418423012845,63.653280586416074,10.0757138212401,10.692212156325821,63.01106982588074,1018.6484182374691,50.01593527563663,230.4254333345162,0.5430646324791886,9.485618396731688,10.219623676771272,-1.3161071345692363
2026-04-06 02:00:00,2,0,0.31579208071019904,0.6825045008249742,189.46979026737412,0.47368812106529856,1.0237567512374612,44.18387027376761,43.26432018889619,3.1579208071019904,11.602543453471814,6.206317737888527,47.79414096288249,1013.2731347342165,49.934632082392916,229.7045718524529,0.5360992249408668,9.315687423492042,9.544303867132614,4.746623702753515
2026-04-06 03:00:00,3,0,0.0,-0.6509116742041664,159.32241279692698,0.0,-0.9763675113062495,57.69533034980031,59.12870505113008,0.0,9.811471708247963,9.809333007937559,56.32016559688851,1003.4404996293188,49.92297202675174,229.64556350103615,0.5449995262713307,8.804138862266552,10.9866433333202,-7.781306548216281
2026-04-06 04:00:00,4,0,0.0,4.243849503828284,161.98431091591405,0.0,6.365774255742426,56.090335302961236,53.80305489584045,0.0,7.7582717632600495,13.731814908963583,52.24237159940037,1012.1894096741629,50.015187603450904,230.687256886295,0.5428271061570801,7.569919142667516,10.531012103691367,2.540162788129404
2026-04-06 05:00:00,5,0,3.431616019898263,6.230895609494485,143.94252492186757,5.147424029847395,9.346343414241728,51.3004885068158,55.50692111382687,34.31616019898263,11.45275705173264,14.750389382894758,45.21523530579394,1011.7727458023828,49.96001074385889,228.89774752780002,0.5516428241566763,8.727882120956666,8.18122472100514,-4.222931252831743
2026-04-06 06:00:00,6,0,0.0,-3.2786636139583507,169.0990400419045,0.0,-4.917995420937526,48.808940435937245,50.08094828555904,0.0,8.792857105898962,13.586442152091042,46.739388366099035,1013.9256541882551,49.95890125397496,229.09207740041253,0.5464365854165708,10.921255621885578,9.241881614803173,11.798470880927646
2026-04-06 07:00:00,7,0,4.522813342540566,5.824308115735695,151.27884558707996,6.784220013810849,8.736462173603542,60.69867480139676,61.0208974886612,45.22813342540566,14.11247525180228,18.33383376540929,54.29295111865153,1017.2058437185716,50.10697935584951,234.34657727000135,0.5527751150232745,11.169709727727133,7.7316802468552694,-1.8293079743776453
2026-04-06 08:00:00,8,0,0.0,-4.937963857733398,160.18172844867988,0.0,-7.406945786600097,57.99482075204628,54.95283082254182,0.0,12.836971558928003,18.617484117528925,57.566270178327436,1015.0506059825833,50.103816724871024,234.0656470722238,0.5747569529572898,9.591894065694527,9.24683829963337,6.986966687554106
2026-04-06 09:00:00,9,0,0.0,4.022503038140315,173.38995201299807,0.0,6.033754557210473,44.24315182586454,41.91400289281086,0.0,7.759885135128274,19.804552482337936,45.12808628494392,1007.2425634168835,50.04934398240017,231.09250308997014,0.5734414087014902,9.795156980051413,6.588917475774653,1.2871405213606624
2026-04-06 10:00:00,10,0,5.179579330264959,7.503764528484686,183.72635457913137,7.769368995397438,11.255646792727028,65.54940498767813,67.92142426393602,51.795793302649585,8.532097081605764,23.56092615754971,50.342756251462966,1011.7294763815119,49.99928105697502,227.72153860101471,0.5657784143467158,10.02461113720211,10.38565542278639,-2.249438496824977
2026-04-06 11:00:00,11,0,5.144207744978573,4.9047029270998825,175.08221365389042,7.716311617467859,7.357054390649823,69.06261201906285,69.60335831431651,51.44207744978573,11.839293617825613,28.15125424396199,44.05465597622697,1016.8918167490605,49.97679481785808,230.30421315205572,0.555306501236991,8.498251346691793,10.998467174063551,5.8546663608880944
2026-04-06 12:00:00,12,0,0.0,-1.1812376616747997,196.25314673093956,0.0,-1.7718564925121996,56.91860705362444,54.92136748741619,0.0,6.764542140053614,27.384988913360566,53.100326689884994,1010.7033835028365,50.016904662616646,228.67371680483328,0.5552676703900735,9.074702793071355,10.758295268317482,-3.8390964060745354
2026-04-06 13:00:00,13,0,4.0923330656499015,2.7026212876858065,213.75823557410143,6.138499598474852,4.05393193152871,75.8304005324078,75.51002658115196,40.92333065649902,9.754230574215088,28.31870270017373,44.06279723156353,1007.3331692566036,50.04427536485792,230.155312576146,0.5531124008515658,10.740889554805806,10.595719692745089,-1.0725944470527307
2026-04-06 14:00:00,14,0,0.0,-0.7446377850189568,214.70181939407445,0.0,-1.1169566775284352,63.1006226171594,62.12278354667523,0.0,7.269909995247415,28.38359338911966,49.33264105937,1011.2980718079186,49.98808282767045,231.39127348056175,0.5665673224644255,10.011237929232086,9.889665888849466,15.341204760646605
2026-04-06 15:00:00,15,0,1.9821512198920983,-0.35746108509014496,249.99020837769743,2.9732268298381475,-0.5361916276352174,50.858796820291424,52.74931838064103,19.821512198920985,13.069319067684322,29.462012851418525,61.18929319342977,1010.2426357313533,50.05748457851847,231.88289593761618,0.5717824891676733,10.370626823453893,10.564279353913063,-5.313694037660205
2026-04-06 16:00:00,16,0,0.0,0.5187966596787051,240.58615604068527,0.0,0.7781949895180578,54.65061821027504,54.08522836318292,0.0,7.174374528490165,33.18288008891198,53.008768961994484,1006.6274726865464,49.967786361981204,232.74030174100176,0.5930903425734236,10.318872420737113,10.455710998178247,-5.757863384579495
2026-04-06 17:00:00,17,0,0.5351953583878736,-1.6717951884183724,232.2766395890111,0.8027930375818104,-2.507692782627559,40.12205809501225,35.846359343817845,5.3519535838787355,11.034146940004279,27.413224096752817,49.04628243040553,1011.1614364159575,50.022218066860226,231.0479114817464,0.5742364460986079,9.887281355186241,9.606370425338218,6.504832074774151
2026-04-06 18:00:00,18,0,0.0,-0.577474102537861,246.38456776920927,0.0,-0.8662111538067916,59.419958114685635,59.1391348195102,0.0,6.6639451334703725,26.805574499369232,49.96801069413842,1010.4838622301033,50.074080008299475,230.5740499681505,0.5745294876955571,11.671171310827187,9.841774400362732,-4.834757224854079
2026-04-06 19:00:00,19,0,10.390909970200804,9.783566943641901,244.05381252678467,15.586364955301207,14.675350415462852,50.337547820515006,51.376699757201415,103.90909970200804,1.681530058651548,22.26248379664155,38.39678915496983,1019.6112873651656,50.03394925588753,229.78831631023536,0.5661812286577753,9.913472577112433,9.77189451039976,6.014395556756487
2026-04-06 20:00:00,20,0,2.3409354998353544,0.4881869139039401,248.53429983857197,3.5114032497530316,0.7322803708559101,58.10962035545435,56.102506452933405,23.409354998353542,12.72305444972416,17.35057631048657,45.468213500921,1015.1539480604209,49.994273368133115,228.18815213689408,0.5542954314564617,10.401430780748417,10.454254678357959,-5.772042786283128
2026-04-06 21:00:00,21,0,3.6683488602278853,2.3553783098044687,241.4563463416032,5.502523290341828,3.5330674647067033,45.13364562537144,45.422794597829906,36.68348860227886,7.104346623927616,14.543977965750582,50.27985876111653,1009.7431288054962,49.93484951879061,230.40011640901582,0.542191515618395,8.365616263132143,10.928953693501116,3.8157254877616866
2026-04-06 22:00:00,22,0,0.0,2.3068510441134,223.21561765389737,0.0,3.4602765661701,38.69390773274003,40.38053273440911,0.0,8.334409214980937,16.413693237817707,38.84048282738124,1012.9939944154514,50.00576502305798,227.11869262219523,0.5247680559680271,10.50237169508427,11.188740772611924,-0.5253338597803935
2026-04-06 23:00:00,23,0,2.001683077821984,3.9935423136958885,211.40200492823183,3.002524616732976,5.990313470543833,57.500215905851796,59.62242114234671,20.016830778219838,11.597293923636197,13.784621368709493,49.40212293547323,1018.2830233863173,50.02360363886972,230.36217373997107,0.5316232320112629,10.68288285128959,10.091694908339317,-1.474662437870121
2026-04-07 00:00:00,0,1,5.3263140298434495,5.357579519736549,186.04612443070474,7.989471044765175,8.036369279604823,52.03225725725811,51.22080158612053,53.26314029843449,10.28380754246918,10.769661469078105,58.034230112615454,1019.9563815568059,49.94301302621126,231.65221061114408,0.5332699648507633,12.303664842810509,10.202725976964894,2.1679848692724915
2026-04-07 01:00:00,1,1,2.4391561931093766,2.0899291384125287,193.7382793006576,3.658734289664065,3.134893707618793,46.192259533196555,44.99424184746523,24.391561931093765,8.922954648567996,10.09852050308051,48.31948002289094,1008.7333954170991,49.95204112850536,230.07234943028595,0.5428469974299321,10.540190380492122,10.221410807338236,8.496061469312915
2026-04-07 02:00:00,2,1,2.2388218266000792,3.9289027217387256,167.51862749852015,3.358232739900119,5.893354082608088,57.77387082860396,55.96045568424805,22.38821826600079,8.48799755402385,13.145159770975045,46.775421454881254,1019.0620766301415,49.97000680501564,229.5174719243572,0.5545468500918302,11.535058096241768,9.092612188580594,8.246970081239857
2026-04-07 03:00:00,3,1,1.32473132767601,1.4861029034835314,159.91197471579997,1.987096991514015,2.229154355225297,46.42841663454857,50.699161344997854,13.2473132767601,10.124129896273999,10.384308183987109,40.41480840653241,1017.3158395026129,50.06052207958562,228.408502762897,0.5557735711351574,10.717555930531667,9.206803178111777,2.508916164999736
2026-04-07 04:00:00,4,1,2.6823621301191967,1.2102076472166032,142.10340479340255,4.023543195178795,1.8153114708249047,48.13523738810674,48.36812294193154,26.823621301191967,11.058205373144354,11.169209038323036,52.324207233729865,1010.7263932393502,49.96345837982814,231.9250002344058,0.5409810397889249,8.230444080105842,10.826095549701595,-4.851915676469691
2026-04-07 05:00:00,5,1,0.0,2.15015274129582,160.29134886571032,0.0,3.2252291119437304,40.86587479307309,38.5556952600361,0.0,10.207246344510983,10.425121724255607,51.40237412554844,1013.3835480748546,49.99735977055447,229.35567566087477,0.5534024501149419,9.747308979546608,10.756094766521356,2.732886895427163
2026-04-07 06:00:00,6,1,5.308525599650159,3.841393116714756,156.79574818537603,7.962788399475238,5.762089675072135,58.236631326165536,57.28172693977332,53.085255996501594,11.871039625597897,16.603479234427525,60.79914640649726,1011.1276918084812,49.968040041266356,231.82041236882108,0.5344957384510712,8.693743814790215,10.594489261476689,1.1701715358152338
2026-04-07 07:00:00,7,1,0.0,-0.13100945187180946,142.49524650081023,0.0,-0.19651417780771419,53.30485117901821,47.585259189950314,0.0,11.68898006736895,18.78317892000966,43.718211188166215,1002.099825211467,50.02706782470236,231.08162970659308,0.5484127136097311,10.977523252567897,9.401187275011932,4.537886305192668
2026-04-07 08:00:00,8,1,7.069098848010852,7.652680524474843,168.91531195654855,10.603648272016278,11.479020786712265,40.93440418197713,41.02304492727615,70.69098848010852,9.933473139990332,20.419761298290634,48.70102847450004,1015.161159300439,49.92463922658863,231.4860549061789,0.5587950025844596,9.460766916979956,10.483845391248504,2.824505003239615
2026-04-07 09:00:00,9,1,2.0434885912771383,4.4683952675923155,169.01733434635946,3.0652328869157075,6.702592901388473,31.9852283477001,31.070435105280932,20.434885912771385,8.753771272076698,20.248175276862284,47.47888929575424,1014.211021060116,50.05164485712879,233.57321035308027,0.5603799826518564,11.24300272160675,9.880048869426345,0.9273071105851904
2026-04-07 10:00:00,10,1,0.0,-1.9768511988730704,180.3591086731322,0.0,-2.9652767983096053,51.942590256857684,48.76261078419882,0.0,10.09409121249348,24.949754893763895,44.3591588520337,1004.9229488342314,50.01475456914319,229.12620297650386,0.5373963545073364,9.572550087999083,9.700795607235968,1.100569495841917
2026-04-07 11:00:00,11,1,9.08642104941397,11.086480097741166,173.0883462295473,13.629631574120953,16.62972014661175,43.80273926548088,48.497689642326236,90.8642104941397,10.4999836119454,27.543520444994513,63.835686775577685,1019.953722190705,49.998342907969146,227.61605069996082,0.5291786502478807,10.704667157538063,10.944779125817279,1.5488457579006214
2026-04-07 12:00:00,12,1,4.556283515318481,3.8729063930081713,207.96280908842326,6.834425272977722,5.8093595895122565,38.776578556717794,39.339550654956355,45.56283515318481,11.179367167231456,28.425640500958313,47.886057466984575,1017.1413013172304,50.02196075434836,229.44147621548132,0.5368949247719065,11.576482952518418,9.994030705035659,-6.925734008843147
2026-04-07 13:00:00,13,1,0.723632404871416,-0.2921467079967217,208.9348484222432,1.0854486073071241,-0.43822006199508257,62.77515627884836,64.55690450103377,7.23632404871416,9.783234582096762,28.93563469820326,69.1052016831441,1018.9245961297638,49.976720816147264,231.39535989270192,0.5417338019434668,9.583795176055872,10.897230990254464,-4.058048902685355
2026-04-07 14:00:00,14,1,1.4493453136568957,2.2989952591785134,211.91718737678207,2.1740179704853437,3.4484928887677704,36.06733577698115,37.30286331947457,14.493453136568956,10.428376960806201,30.729632340830676,41.07731132636008,1012.6729395601302,49.9772994219387,229.86073327108366,0.5399295291364824,9.743709396118632,10.116408683839532,-2.819374619000773
2026-04-07 15:00:00,15,1,3.025657599678061,2.5582946959617345,235.99231322364545,4.538486399517091,3.837442043942602,50.51746940855713,50.683449599867394,30.256575996780608,11.007987841558396,30.396059879348947,54.51436926308016,1017.2532537400334,50.01216696814491,231.73852481552814,0.5231754741961057,9.821077007227766,10.453789432259821,6.813362981312151
2026-04-07 16:00:00,16,1,0.0,1.776392530384821,258.59125325886447,0.0,2.6645887955772314,55.01932495481093,57.607273590246926,0.0,8.935543076073314,30.48859894743666,42.37169811435897,1015.1605980132795,49.98760141583595,231.25693645090251,0.5218449109765089,10.697197050863199,9.304858441767156,-2.3843715317442014
2026-04-07 17:00:00,17,1,1.229310717810265,0.5504224213093819,236.94707278551016,1.8439660767153974,0.8256336319640729,44.24877423601313,45.49193558005424,12.293107178102648,11.687906375698724,29.155084610464872,61.53397619346116,1009.433735147252,49.96021160408505,232.76198336179974,0.5268038259119434,8.987009615942888,8.486818087064814,-2.960921365427132
2026-04-07 18:00:00,18,1,0.0,1.124356838421665,274.49379833885484,0.0,1.6865352576324972,43.302425474018776,41.29744698909961,0.0,5.524086832114812,25.779117813765467,56.95275048910673,1008.8459751303322,50.019361469595204,227.65550013808752,0.5121355436121224,9.226730171747286,9.45089330370443,-4.286121724383335
2026-04-07 19:00:00,19,1,0.0,-1.6204702414142067,263.8550937954057,0.0,-2.43070536212131,56.861444616002224,59.342635361932096,0.0,7.927772976495364,24.87848559362972,46.43281461465104,1017.6820634803784,50.119171725420685,230.86761451044092,0.503033726610628,8.705262923978184,10.810726839696127,4.56587311093349
2026-04-07 20:00:00,20,1,0.0,-2.26496166407406,225.63743560169647,0.0,-3.3974424961110903,36.95093686418201,35.87845953424794,0.0,11.618140465346553,18.24224041294396,55.75123642873409,1009.9745221828728,49.943643317488096,231.68736862876005,0.5061370765280483,9.057526029380103,10.29501964977209,0.806318311949688
2026-04-07 21:00:00,21,1,0.6321102670680372,1.003358065413778,250.66102052730878,0.9481654006020558,1.5050370981206669,56.09333597116595,57.34449128268832,6.3211026706803715,9.052473452930546,17.43922330971743,47.15800501878558,1019.6569507554682,49.93933315537178,231.12081249232864,0.48823003010379906,9.362714980949045,10.098399575461647,-9.21130606340182
2026-04-07 22:00:00,22,1,10.016625600503328,9.494603497213882,227.03635369666196,15.024938400754992,14.241905245820824,56.168527353713436,57.00261483104423,100.16625600503329,9.463374574590397,14.560568128827166,72.77099543231597,1006.0355922280608,49.96116888991109,229.70002936924402,0.4873729006991391,11.774740961260115,10.310143934479862,9.533788985076603
2026-04-07 23:00:00,23,1,0.0,-3.091594670841661,215.93987055664442,0.0,-4.637392006262491,35.29052884448053,33.22715119523647,0.0,10.151031290397182,12.906959199881141,72.92913054684128,1017.4043557426467,50.075289959262484,227.68640943676084,0.4647157867687144,10.898816751572571,9.545756067728524,-5.231735416772418
2026-04-08 00:00:00,0,2,0.0,0.3667141368124173,181.78769714670528,0.0,0.550071205218626,55.01297391803371,55.02396185602679,0.0,9.141306007964483,12.401450447918851,32.160343869803185,1010.6335959312618,50.05210245034985,231.3470818793314,0.449825894368186,9.134057193798228,11.66686112558807,0.8658527299675955
2026-04-08 01:00:00,1,2,7.770180471062776,9.596502515657695,201.329963263261,11.655270706594164,14.394753773486542,52.94530058401351,51.07917353992198,77.70180471062775,11.450081534089442,9.455446884239212,59.90377152998789,1011.3578993819904,50.04655712563883,231.69825047477516,0.4499312596309232,11.500722184505122,10.400292640066574,1.528696816462551
2026-04-08 02:00:00,2,2,6.249426215886747,3.2324737277754436,191.7142575130846,9.374139323830121,4.848710591663165,38.336551002366356,36.03247228162197,62.49426215886747,10.284075292236501,9.552433749155181,53.951273436042435,1010.1093978956064,50.00875427181707,234.2954480190963,0.4434852726294627,9.123531881427887,8.589266248268485,-0.870701933491578
2026-04-08 03:00:00,3,2,3.490746140411804,5.37986530921364,170.22355777624296,5.236119210617706,8.06979796382046,42.312882116458056,41.46469098052957,34.90746140411804,10.338976834328628,10.145248520693192,53.32893973037705,1006.262832360459,49.99735297719459,230.38833369639974,0.43589759483738794,10.249159471172481,11.157171693439007,6.3566323177813056
2026-04-08 04:00:00,4,2,0.0,0.5009281629600221,158.21360253618926,0.0,0.7513922444400332,56.08640648686863,55.519511335608804,0.0,9.407637389376502,9.35328925019773,54.79410811280763,1009.3755503927897,49.995336409421306,232.37120266025707,0.430786135515814,8.671498461657128,11.22289471032448,-0.3675811930897831
2026-04-08 05:00:00,5,2,0.0,0.30010616298164405,148.65259792391603,0.0,0.4501592444724661,43.04756139662152,45.66336476043317,0.0,9.56047659634655,9.74900947558898,49.399422090520495,1015.8011930922517,50.058279554428665,231.4641585010734,0.4293587448976872,9.739138936066917,9.365235133028293,-10.07596770688729
2026-04-08 06:00:00,6,2,1.3588521073006867,-1.0245992742737395,157.42791759033193,2.0382781609510303,-1.5368989114106093,66.63879468873955,66.09566974681121,13.588521073006866,10.854491084797958,13.264969970046241,34.730085065071144,1013.323380351658,49.99413354024067,228.79643079157074,0.43180668529214333,10.634523958221433,11.217230550019792,2.4821272912937586
2026-04-08 07:00:00,7,2,0.21412231455434716,-2.851726141590983,154.55392458377258,0.32118347183152074,-4.2775892123864745,52.356577929412936,55.83830763796736,2.1412231455434716,8.18543384276573,22.355295841010268,47.63532110760629,1010.7489886195526,50.01499106685897,232.00448238918298,0.43956734778283685,9.735095221980941,9.500064389537414,-1.1096174353497754
2026-04-08 08:00:00,8,2,0.0,2.6199349861274053,163.93940447995809,0.0,3.929902479191108,51.99408520437886,51.72622677868271,0.0,11.522435349357227,17.975990528619963,49.256353514595844,1011.5828655586163,50.04392832198076,228.7535589015359,0.4308247921846686,10.814432138675695,9.11244096717894,-4.969604877311679
2026-04-08 09:00:00,9,2,0.0,-0.6812938300838869,167.082136739488,0.0,-1.0219407451258302,30.514407420449135,32.54979299668599,0.0,7.2497606837504165,26.034164934951924,54.34145942820025,1011.4538972905286,49.94205472186385,231.01104351481533,0.4327190618539431,9.490859208111717,9.051035363249595,8.491206828697818
2026-04-08 10:00:00,10,2,0.0,-4.560915417218955,181.20979573260752,0.0,-6.841373125828433,59.823672533574694,59.44117553830002,0.0,13.65551607833062,24.3290498540372,41.17430407328098,1007.2619729501993,50.003327102846484,227.6885839315567,0.4381177658641722,9.200291702399634,10.292805600363613,4.941988990252135
2026-04-08 11:00:00,11,2,0.2299990987784193,2.797085660896821,188.83369807547726,0.34499864816762893,4.195628491345231,45.24268137661559,46.70924526873422,2.299990987784193,8.610677660618661,27.841862433876873,44.26259281534209,1011.8426819738481,49.99074523405617,227.38656099534003,0.42238962927348345,10.375720865531447,9.378587759926166,3.7110568090855125
2026-04-08 12:00:00,12,2,3.837695782299967,4.27090454162105,188.40951541778333,5.756543673449951,6.406356812431575,56.8057950928188,55.03666065524796,38.37695782299967,9.32863329660788,30.06502020595926,60.74468359566696,1010.5845830804095,49.966890973934895,229.79396013800286,0.40405921509225584,10.664324129699306,10.050073352348669,-5.930497750079507
2026-04-08 13:00:00,13,2,6.104363771498848,5.720642844340187,218.5013005274181,9.156545657248273,8.58096426651028,42.278878252381496,39.950589727486,61.04363771498848,8.643797315326875,29.819774050146577,67.9420001111609,1009.7668049553017,50.04737261474062,229.87098424964017,0.3926606919493674,8.519523041029842,9.83788423130289,-4.806040236711368
2026-04-08 14:00:00,14,2,0.29590910505906654,1.8956122875119836,242.3610255147011,0.4438636575885998,2.8434184312679753,40.903404558773325,40.63350082643558,2.9590910505906654,9.330010649417712,27.234936362623795,37.36079262761951,1011.7813512612975,49.97378265394334,229.43251087497268,0.40281748506842413,10.323984862817555,9.503908947236274,-2.29495124125866
2026-04-08 15:00:00,15,2,0.0,5.349782801117136,225.6049733964909,0.0,8.024674201675705,33.51252718533078,32.85347003963422,0.0,12.966507351821477,28.66295514900811,70.61832615920842,1009.2771729139245,50.10636522128094,227.6622829210227,0.4090541384585832,9.72411076544232,10.096898307747294,6.997048559092551
2026-04-08 16:00:00,16,2,0.0,-0.4243796818237506,237.3533410574841,0.0,-0.6365695227356258,53.002083520995825,53.65128296563218,0.0,12.613351544392632,29.913698119174274,74.04022082749766,1014.7383427529645,49.98908717930514,230.37667687531868,0.3978488304887031,10.202602000108104,10.164435780430615,2.300861226780095
2026-04-08 17:00:00,17,2,0.0,3.8157520793329835,261.79754218613067,0.0,5.723628118999475,57.927296771514804,57.46810415464413,0.0,12.172017582652886,24.749404598259712,47.013060131786816,1006.010596929759,49.915576783919825,227.12496410891413,0.4132406959210798,11.213057861517786,12.135747844863147,-3.195495421593655
2026-04-08 18:00:00,18,2,0.887110809811665,3.402573590719852,256.3891427280476,1.3306662147174975,5.103860386079778,45.59646391423523,49.51107800741906,8.87110809811665,8.302947392504993,22.88589157452939,50.828396718269595,1006.5127236482024,49.991647054315486,228.26480537624772,0.4054175932165201,9.781804812837128,11.792016670762605,-3.1480504853107725
2026-04-08 19:00:00,19,2,0.0,-2.317841160962556,263.707771434696,0.0,-3.476761741443834,49.93245663217644,51.59331276408865,0.0,11.610133538277951,21.782003574977445,37.05357335958969,1018.109483408831,50.03984572225242,229.5849153792239,0.4029788025133431,10.318571938410912,7.255719400550135,10.305648105412445
2026-04-08 20:00:00,20,2,0.0,-0.03395323182456407,237.67112579638996,0.0,-0.050929847736846105,54.13980038012987,53.19207675446926,0.0,11.007261740864628,23.01958392184566,46.86950874887626,1019.5179588909905,49.95056922550354,231.50623951074303,0.41036307026457763,11.487965870058789,10.353664891789819,2.921049870406324
2026-04-08 21:00:00,21,2,0.0,1.071222031034232,238.1849798622955,0.0,1.606833046551348,43.059385084215215,44.15302939390709,0.0,11.114064033307397,21.181208601501883,62.14355124451469,1024.4433348672474,49.95740061005409,234.01085889107395,0.4084963091309181,8.70291510856006,10.900186698304239,-1.1097775431126498
2026-04-08 22:00:00,22,2,0.0,0.4115707822196765,239.26168665830895,0.0,0.6173561733295148,54.161438454318116,53.22403515685584,0.0,11.334990426448751,13.994490485061576,46.99573798488554,1009.3661778355954,49.92584680548984,229.10115700079294,0.41946269214659604,10.964682380804463,10.04057753184269,2.430901683164272
2026-04-08 23:00:00,23,2,3.232295512925419,4.673260540591966,206.33829595770567,4.848443269388129,7.009890810887949,33.2748801818775,34.267901110325546,32.32295512925419,9.440714632775595,13.620595695588326,57.82619699135023,1010.5281927028545,50.033887975246394,231.56059654181317,0.41049807780362396,8.830786569302731,9.951523137035506,1.664803966280268
2026-04-09 00:00:00,0,3,1.946187022783934,4.607249647634582,205.2474047993696,2.919280534175901,6.910874471451873,56.45525461231756,59.22223092320815,19.46187022783934,8.711769944341201,11.156899981678535,52.3257154289813,1000.6645022892696,49.926403106623134,228.54787879737106,0.41423189330194155,9.671615932766757,10.50883367415944,-6.6254723458925895
2026-04-09 01:00:00,1,3,2.8056273849783144,4.147652139794301,175.20299597780064,4.208441077467471,6.221478209691452,67.67721569995939,71.32140679218023,28.056273849783146,11.934022218187017,11.311608248748998,46.055741012211065,1007.9936590717465,49.99436844852091,229.59905801026903,0.40611314353856687,9.986491164314511,10.499163464241668,-5.067443443681556
2026-04-09 02:00:00,2,3,0.0,-1.3469734036499297,168.52987185688366,0.0,-2.0204601054748945,62.09269213308594,61.76085102169548,0.0,12.680109568332721,12.334225392769799,69.54702899896073,1019.0068056668521,50.06013319930785,231.54088102195144,0.4248415900688981,12.93619623083525,11.416747686102518,8.75279478823121
2026-04-09 03:00:00,3,3,0.0,-0.31372438174802286,174.26379922066815,0.0,-0.4705865726220343,62.21949036150885,62.07669176560074,0.0,9.570600415673345,6.335081548565319,23.416307634735197,1011.2385156971941,50.09255721890216,232.49972060588368,0.4184163063261694,9.920173360843902,9.204445020315209,-0.5386321095041343
2026-04-09 04:00:00,4,3,0.16399802071393024,0.12175456672325916,141.8289629116717,0.24599703107089538,0.18263185008488875,59.6511340957064,62.32719325382847,1.6399802071393024,8.595822393737024,13.68552596100156,28.7303936841891,1008.5270543464396,49.99181430019966,230.05386364926815,0.41497571183005755,9.84988818700862,9.955676582267118,10.08777782715136
2026-04-09 05:00:00,5,3,0.37718005820547806,-1.7254589523545312,161.74435409585462,0.5657700873082171,-2.588188428531797,53.98754688256144,55.4900813824225,3.7718005820547806,12.13994546087314,12.831102745643605,64.7683284932613,1004.0338831470158,50.016425631868294,228.20384552287348,0.4031571695839776,11.05083004340119,8.476305807705861,-0.7500974012504636
2026-04-09 06:00:00,6,3,0.711741012444463,-1.6139606396772355,145.64384460901613,1.0676115186666943,-2.4209409595158533,47.15709059285079,48.81727041543668,7.11741012444463,10.723874402115465,14.01086479109712,54.92318966980586,1020.2580176718227,50.0263119726621,230.4135678349641,0.4232547024982568,9.248850460926876,9.025581004099937,0.9672162195556233
2026-04-09 07:00:00,7,3,0.0,-2.4083536871236695,145.4852284415774,0.0,-3.612530530685504,44.03518216509529,42.840656474796894,0.0,9.79855625585793,16.967699377322145,34.22221691826777,1005.0966938925095,49.94417036973297,230.64114258459537,0.42536876813952246,9.987019215666221,10.305872658320828,-7.7361400761464125
2026-04-09 08:00:00,8,3,0.0,-0.6512924120490908,147.02937460175252,0.0,-0.9769386180736362,50.10945715377045,48.953041492884125,0.0,9.090847567559486,21.178762263662932,58.78856867419277,1015.0964399201441,50.00725509529333,229.94811199165494,0.43157676572458087,10.271362046885008,9.75991208792,5.959244863659416
2026-04-09 09:00:00,9,3,7.369037689795466,6.786619575186279,174.20184980547077,11.053556534693199,10.179929362779419,41.58973409358443,41.82225365871,73.69037689795465,8.414874412274267,22.624944115771797,48.08736639367777,1010.5967792172728,50.05702995559255,231.43124633170945,0.43817337474390805,12.677915338168706,10.627585190501177,2.551297066560583
2026-04-09 10:00:00,10,3,3.517012791957562,4.612313406171706,154.6053317958893,5.275519187936343,6.91847010925756,38.789622655425134,37.42764151037712,35.17012791957562,12.378284044187469,24.81780672159098,44.703905514333314,1016.4908506559194,50.010061629223465,228.6676386573501,0.43988761834645396,9.435217274765087,9.991439419895933,0.334393770944948
2026-04-09 11:00:00,11,3,0.5803960557292032,3.1257493836463546,187.58759144902098,0.8705940835938047,4.688624075469532,71.54541111160268,72.61180780899916,5.803960557292031,11.971803469469892,24.990532270100346,49.59026848387916,1017.9361851516705,49.982166283913436,228.6744533621486,0.43817067811299937,10.503511258597117,10.661340289606171,0.4020328807386001
2026-04-09 12:00:00,12,3,6.581213965296985,5.970158211258248,203.2809118382939,9.871820947945478,8.955237316887372,35.57728483119221,32.092692394282125,65.81213965296985,11.714702061907158,31.585563650841554,47.61712208877858,1011.2129654359013,49.97656908274598,228.53591747651464,0.428693993576486,10.433753717777272,11.14869402366956,-8.317188502877169
2026-04-09 13:00:00,13,3,4.707990982623192,7.047515559245939,215.24786982687047,7.061986473934788,10.57127333886891,45.46517072179124,45.933452878308834,47.079909826231926,8.739643642682791,33.21761130583751,42.68569316934783,1013.4939799937324,49.97604902650356,227.32200072282365,0.4391916455515951,9.939775297227134,9.963537133919298,4.443297456578966
2026-04-09 14:00:00,14,3,10.397767033706607,12.954920530154412,218.06579486209753,15.596650550559911,19.43238079523162,59.863263353704546,61.96842589772741,103.97767033706607,9.93813871009498,30.091764242774843,50.55728660325152,1015.1469832102833,49.979375584556735,232.0897779457452,0.43729319194445065,9.579987693487341,8.795587185234112,11.472219458652361
2026-04-09 15:00:00,15,3,3.0767738491522616,-0.20637225894249456,240.54549248987107,4.615160773728393,-0.30955838841374184,40.91526642204967,41.84114943947722,30.767738491522614,10.247600905177492,31.889124937215545,46.65932800310448,1019.967177043732,49.98599472074571,232.41156432851537,0.434430543258474,10.677628230480655,9.410750612063065,2.0997206403730444
2026-04-09 16:00:00,16,3,0.0,-3.4937770079274277,229.16929895960754,0.0,-5.240665511891142,46.93689425242967,48.84860755953276,0.0,9.425765519188172,26.904042992133114,39.363044915785736,1006.8811727707658,49.98080114250396,231.5931970117158,0.4355527812045661,10.419209479324728,11.2825339531877,3.290754171116763
2026-04-09 17:00:00,17,3,0.32675264470227705,0.3027766374548319,248.35351881354467,0.4901289670534156,0.45416495618224784,48.681033961440384,46.24283589242585,3.2675264470227705,13.025689760024214,24.440128672694797,24.68902228970473,1002.6801925091798,49.99281787491181,231.25757411535918,0.427457443963683,9.65386977725137,9.55067142359047,-0.6206754437533856
2026-04-09 18:00:00,18,3,0.0,0.09377777925464822,240.60696400803891,0.0,0.14066666888197232,58.74696181930928,55.92661309919402,0.0,9.656400949224482,21.74139304510525,56.50827768272745,1009.6259819703663,50.00868957272612,229.39836161872304,0.4101848705449276,10.726498091095797,9.801123622995288,4.246061665109807
2026-04-09 19:00:00,19,3,8.3366490244656,11.511244495999552,256.425836695075,12.504973536698401,17.26686674399933,48.668396192937735,48.98358853719295,83.366490244656,6.538407069751849,21.389301278907446,55.92302275080537,1018.7818097609288,50.02001847343854,229.97957953997158,0.41041499937596726,10.39728280046388,9.01549427997275,0.7296139960599844
2026-04-09 20:00:00,20,3,14.687422217091893,16.452688738846216,258.53553124610266,22.03113332563784,24.679033108269323,42.960180300561184,44.835269251929816,146.87422217091893,10.648021385999503,23.429522059083443,55.04539586933902,1017.0153799526208,49.94037376824023,229.93679975288754,0.4185387393111016,11.855791627342604,9.244881460477266,3.247119093234583
2026-04-09 21:00:00,21,3,6.451044232127457,8.000773653839595,221.07849347232786,9.676566348191185,12.001160480759392,54.7230752466308,55.93790696663995,64.51044232127457,8.612395230642111,15.216624226088145,38.52873489586558,1014.7353852047902,49.99424657254906,232.7795516856461,0.4333561220080169,10.54920319849852,11.691814879312071,-0.7573497210096086
2026-04-09 22:00:00,22,3,0.0,-4.047531571769119,225.3488406822401,0.0,-6.071297357653679,46.33161345431925,46.37188124363221,0.0,10.779156022913904,18.137902769096677,53.88863161631374,1014.7593267431625,49.95949960610313,232.15817523917656,0.4444637814540626,10.576071922132503,9.409908661408705,-1.9160476268505147
2026-04-09 23:00:00,23,3,0.0,-3.3763826826579963,208.238658853406,0.0,-5.064574023986994,48.41354386305349,45.93753177473288,0.0,13.194191757541823,7.877130924252974,49.55417922523448,1011.2682078362408,49.99358928895231,229.40503335359728,0.4366160414827287,9.196355575935693,9.711374168581512,14.29044174190556
2026-04-10 00:00:00,0,4,0.0,1.9539074431827048,199.53206296271438,0.0,2.9308611647740572,54.40084747954571,58.46794903542208,0.0,7.315584467585996,15.046741851944928,38.102684754973914,1009.5159609737215,50.00195881428624,229.1306444732474,0.4294430037237341,8.189022655946527,9.799710240380326,4.501820006687702
2026-04-10 01:00:00,1,4,0.0,0.43834121254695263,198.51739234512317,0.0,0.657511818820429,61.00602386079021,63.252311288963895,0.0,12.935881309211073,9.505423986021224,52.59033444195897,1010.8624472386823,49.99709390515785,229.16076223256246,0.42641651409761505,9.789760578589117,9.571205702041647,10.196612105542302
2026-04-10 02:00:00,2,4,1.384156790136988,-0.7032366460577697,175.68077722523182,2.076235185205482,-1.0548549690866547,46.04914228539512,44.16743724214693,13.84156790136988,9.519082084206284,8.197071967925876,39.95135016637864,1012.2940047466335,50.00480953044827,232.6921671620118,0.4324308272608727,10.998599633480413,9.754172478513446,5.983613044712401
2026-04-10 03:00:00,3,4,0.0,0.955581121798845,155.96547360197172,0.0,1.4333716826982674,46.070025403526415,45.828333340260045,0.0,14.131790104826106,11.612642117746152,47.082493119101564,1011.5862293002014,49.94761181930532,230.04603659408215,0.42281191806793395,9.105177650997625,10.295185853134319,1.0586734856265938
2026-04-10 04:00:00,4,4,5.073352323501323,5.633182812491576,151.01821647340253,7.610028485251985,8.449774218737364,62.730787209601665,61.12716692589779,50.73352323501324,10.254121546492355,13.72095137733029,44.81150825710099,1009.5450797174752,50.04635389460602,228.81123379962764,0.4264840232230568,10.157525121217336,9.245597082254692,0.66962342085443
2026-04-10 05:00:00,5,4,0.0,1.1352963394101332,150.1985710733228,0.0,1.7029445091151998,36.5573558741699,39.85499734012733,0.0,12.228156065598446,13.84082422260993,66.39864783960542,1014.9827496082494,50.05401084500251,230.43253201086014,0.41943104226012223,10.27983272757376,9.3936161075941,3.566027234350317
2026-04-10 06:00:00,6,4,4.59359149576078,4.440580976408946,154.37628428568271,6.89038724364117,6.66087146461342,61.60506766580116,58.83660036083235,45.9359149576078,9.98265075933176,19.11440184482769,65.46039767172438,1014.7094114258937,50.02071355688051,232.526489566587,0.42329026381145796,10.016279220104071,9.34646825485082,-2.5524593587360607
2026-04-10 07:00:00,7,4,3.2775511835941873,2.8141067010006124,124.79426342456092,4.916326775391281,4.221160051500918,58.538138513025686,56.831701195428806,32.77551183594187,9.447939966121567,18.56737391146462,42.73083144590143,1010.438045630832,49.902996010083356,229.7469138180633,0.43676610803209776,9.045153601091792,9.901621984638494,-1.3591831566102854
2026-04-10 08:00:00,8,4,12.116069013945642,11.981342717949369,147.71898909312887,18.174103520918464,17.972014076924054,48.26838157867704,47.54951947291804,121.16069013945642,11.655333985384342,21.48834147636857,70.75046047289845,1012.7828463202434,50.00130687185572,227.86588006047515,0.43296208735468605,10.446835322478396,10.264902578934677,0.06512049714715304
2026-04-10 09:00:00,9,4,6.423693026838157,6.489635200810587,153.20486329213958,9.635539540257234,9.73445280121588,65.16933476439408,65.93760480361745,64.23693026838157,10.610430742442624,20.793485711930664,67.73331204257624,1020.9462873378421,50.085897227794284,231.51532076052914,0.4379615118186398,10.377093620887322,9.193512910857832,1.4265761356498252
2026-04-10 10:00:00,10,4,1.9142907768299058,3.4128306555702013,167.69454472135104,2.871436165244859,5.119245983355302,45.494564140073955,46.65353601485913,19.142907768299057,10.603738015522525,24.906673732853548,51.67277030554739,1018.4132007386207,50.007132843980266,229.87934677535728,0.44248596675165586,9.537435664027047,8.79531166617075,-6.282002772456553
2026-04-10 11:00:00,11,4,8.562699083086105,5.138233210902824,198.20339953965873,12.844048624629158,7.7073498163542355,43.37035119273458,42.85338533185581,85.62699083086105,7.6059656741701875,25.03315779193147,57.3145873735426,1015.7836941667312,50.058141459103965,230.4816588207955,0.4394907588496591,10.502640708496958,9.922325869084595,2.543682605404599
2026-04-10 12:00:00,12,4,3.691764500457328,2.3959391283549163,179.25548060700132,5.537646750685992,3.5939086925323744,61.27872993155942,60.15133771825455,36.91764500457328,11.554439094084822,24.245089523717716,51.01068648908091,1015.967876907301,49.965877692533134,231.37151157656328,0.4551808270521512,10.373870954695768,8.18093251705552,-3.473692862286382
2026-04-10 13:00:00,13,4,1.4337983547337774,-0.39595574995768357,204.9589862703581,2.150697532100666,-0.5939336249365254,37.020602945370015,38.32674311551817,14.337983547337775,7.962488469177137,31.119749052585604,52.94571464966807,1017.9797888072392,49.95694057716545,230.77192333024198,0.45885544902871317,10.412947308619138,10.9693300420472,1.6717114777031856
2026-04-10 14:00:00,14,4,15.425099412907267,16.44341813318774,213.4711857628518,23.1376491193609,24.66512719978161,62.54071189125264,64.59277492003811,154.25099412907267,9.165726115120004,31.52134398054216,63.7311006350384,1016.0511676235958,50.02274972613801,229.55071208780984,0.4751001058464301,8.509962653485898,8.761219895166775,-0.998863009117879
2026-04-10 15:00:00,15,4,0.0,1.787588782324168,235.39322128454418,0.0,2.6813831734862523,46.71549753938622,45.850442582370505,0.0,10.787711974726195,29.053081269603137,39.5155263983484,1018.2554318656324,49.94354205893627,227.424569345281,0.45676608838626453,10.764901012942163,10.991901194007832,2.37535026061731
2026-04-10 16:00:00,16,4,0.0,0.6773340800816059,233.7813291613177,0.0,1.0160011201224088,37.945324656736375,38.714932792682596,0.0,7.649517107744617,26.943808026906435,41.11505228677581,1013.649360496631,49.94254406993897,231.36941893288753,0.4503655779025209,10.877492517958643,11.233017573031706,-4.24501543682348
2026-04-10 17:00:00,17,4,8.530447738506826,9.585391587692957,248.73122579379032,12.795671607760239,14.378087381539435,37.81744685176245,35.6210424522935,85.30447738506825,9.088568014174271,28.224443238472794,73.80534925561562,1009.0186204423848,50.010674858986995,229.5074606215685,0.45510912898851974,10.139236113481505,7.327937663439135,0.7471002430968415
2026-04-10 18:00:00,18,4,8.204011944048343,12.338102453788013,236.73113875706974,12.306017916072514,18.50715368068202,64.07215160940044,64.44249158524973,82.04011944048344,11.387558833841737,26.590359006591868,45.82522761746774,1013.5275466648133,49.93020751725784,229.49937411781582,0.46651753399017826,11.856418109579607,10.654667018926837,-4.359944379090503
2026-04-10 19:00:00,19,4,5.186904359839454,5.830816328537115,237.77383707068847,7.780356539759182,8.746224492805673,42.90777281185196,43.663564920800006,51.86904359839454,6.365312660855523,20.322011477035126,59.0903844521448,1022.3458633273799,49.9313237262771,230.4570252494392,0.46742101883714043,10.787508709869938,10.19299724475473,-3.8289570614575497
2026-04-10 20:00:00,20,4,1.711579118678036,-1.629123494990792,241.45068748799557,2.567368678017054,-2.443685242486188,59.99955287782167,62.647348708836425,17.11579118678036,6.986568660960874,22.64438497342712,56.72963789273449,1008.5985401468531,50.0623397439737,229.46489593309232,0.46824182846842705,9.3636991463722,8.592605122509116,4.824315973176443
2026-04-10 21:00:00,21,4,3.633380442899866,1.8165435684921614,228.9763893602102,5.4500706643497985,2.724815352738242,34.74525430890907,35.47951884537303,36.33380442899866,9.926679643782686,17.789011463785577,65.9790414137862,1016.5939361333212,50.115247417455805,231.09315071241116,0.46197185654232625,8.742777201460262,9.86689013748213,-2.485345184799464
2026-04-10 22:00:00,22,4,0.0,-1.8891615844150622,228.31802209250745,0.0,-2.8337423766225935,37.874794972600036,38.12119115259902,0.0,10.224926642346169,16.087951838255563,41.35013104918912,1013.5789596538111,50.03901739545665,229.17304494441532,0.47169080614916437,10.079873531825834,9.390709486831378,-2.529792197284037
2026-04-10 23:00:00,23,4,0.0,2.79951214688019,204.40274119168637,0.0,4.199268220320285,44.55176963541156,44.40362334023998,0.0,13.712069087350068,10.980086399925701,72.18873935250011,1010.2101693687287,49.94833545484563,232.51985079365934,0.48385278455389,8.869195976562972,10.547103100635963,4.657634574505687
2026-04-11 00:00:00,0,5,4.8105408035664805,6.193717274739385,202.08429730323155,7.215811205349721,9.290575912109079,56.98872383626843,59.50475099067736,48.10540803566481,9.799941062351802,9.024023867734224,44.752146826373334,1016.275979901568,50.01030875630689,230.99564940913737,0.4798208982085169,8.891686494098662,11.18515980033992,3.9560472661802053
2026-04-11 01:00:00,1,5,0.056776619966243266,1.7223796835795904,187.83366896450624,0.08516492994936489,2.5835695253693856,63.980811312133724,62.20644230594445,0.5677661996624327,8.631511547133318,11.964241204491438,55.75132610181191,1012.5307009178586,49.97450708936257,229.28226390050068,0.46258983550395355,11.642057554670156,8.796223102505403,7.474261326232298
2026-04-11 02:00:00,2,5,3.289987511874285,0.2900688239923799,166.26386794488008,4.934981267811428,0.4351032359885698,69.41333294490198,68.67377000970275,32.899875118742855,8.822666469674482,8.41302112110692,56.67352736122136,1018.640579455287,49.94556468620747,228.48100683955627,0.4800824471130297,10.165833109988089,9.892570183171683,-1.0840651918974982
2026-04-11 03:00:00,3,5,0.9693522541905104,1.0479620664668012,175.43755943268155,1.4540283812857657,1.571943099700202,47.866325007115556,50.40741182311473,9.693522541905104,11.84677966675103,8.6646481024593,43.32400033675202,1008.9159014650628,49.94881250774135,232.3280656408908,0.46627658891808416,9.276991880310634,11.054257578882172,-1.5938131274185305
2026-04-11 04:00:00,4,5,1.3476143679308852,3.365080822013714,150.5588214281953,2.021421551896328,5.047621233020571,37.31568237096844,38.867208156381395,13.476143679308851,12.26378598026995,10.313794336528211,57.2450687926033,1012.7863507811419,49.9744269397834,230.1788576455119,0.4923081342026354,9.375029924681987,9.463084006236327,-0.09230075755994459
2026-04-11 05:00:00,5,5,5.971234300198446,8.988795499632504,161.88294754070614,8.956851450297668,13.483193249448757,45.4826238236362,46.081694125611506,59.71234300198446,10.872778346663123,17.17765754256309,56.88749014612868,1005.3614943132819,50.080044048421136,234.90043988539875,0.49146516073305746,9.708469124930222,10.759740030924645,-2.906711833274965
2026-04-11 06:00:00,6,5,0.2791308777371777,-1.9130985215935692,136.4304355195919,0.41869631660576656,-2.869647782390354,43.51765014710029,46.32457053927258,2.791308777371777,7.6335457662304425,14.358560893056026,55.71871280702474,1009.9778841187858,50.005514884322444,227.85918307804687,0.4890951356219053,9.335255409161928,11.275861939396462,5.531027402561467
2026-04-11 07:00:00,7,5,0.0,2.783228730799402,148.1393603751929,0.0,4.174843096199103,55.22446666626334,59.69082618259124,0.0,7.144326143901624,19.535868085461566,32.85453256435376,1012.4549923961055,49.967457202254295,229.8433168730355,0.4892249142266592,9.214377566808675,9.788564285437847,4.130595733073309
2026-04-11 08:00:00,8,5,0.7454349588561489,3.4911191289320156,147.70035181242696,1.1181524382842234,5.236678693398023,50.24467074844073,53.33368642516996,7.454349588561488,11.830651166289252,19.49055811264874,50.33221889918954,1021.2445574353693,49.9965202700494,230.6642577348597,0.4881955109020267,10.364316146830015,10.398896819278086,4.824356052360556
2026-04-11 09:00:00,9,5,6.047999498707388,5.704254973301029,168.86420494268054,9.071999248061083,8.556382459951543,51.71628127932847,52.84182873313638,60.47999498707388,9.75224541982475,23.29242831399067,44.595051926515225,1013.2167075729806,49.974344343240745,231.0220474625149,0.48714171934995826,10.058882516391865,9.811951393825343,0.030195064346518606
2026-04-11 10:00:00,10,5,4.891916111017267,5.4117887481438816,154.00679441742574,7.3378741665259,8.117683122215823,35.417130144274125,36.15694364698644,48.919161110172666,12.260636198291394,23.25989046903768,47.79458357902877,1015.4889629342978,50.05282332586877,228.97824683341605,0.48627925648694686,9.190511346321387,9.19220684289818,6.066451050176186
2026-04-11 11:00:00,11,5,2.1341068762396356,3.21177320281702,183.78570698063666,3.2011603143594534,4.81765980422553,46.837752901236286,47.75651325671561,21.341068762396354,11.305938865066357,27.131532352162576,48.95533633226079,1006.0939832173152,50.072842110129145,233.6941797936997,0.49664008188602293,9.859504518306725,10.503462345485737,-9.42507467432719
2026-04-11 12:00:00,12,5,0.0,1.1380132542053665,204.71587838045977,0.0,1.7070198813080497,61.67815195264622,61.453967063121404,0.0,12.857006181999516,25.75472816207937,58.62861208022917,1010.6830440233744,50.039675127355245,230.7548005235259,0.4827438860385109,10.738532612492232,11.536669635151345,3.3836733887891484
2026-04-11 13:00:00,13,5,1.0522402492567695,1.7939681207172489,222.07239466518666,1.5783603738851544,2.690952181075873,37.56410321200835,37.287246994704496,10.522402492567695,8.086492667118426,33.95938742537758,54.172150401657134,1016.5204253167686,50.02031850648998,227.12254688775036,0.47993105364646244,10.108308483606711,11.71128300727333,-5.9493461456939
2026-04-11 14:00:00,14,5,3.3770314686531013,3.4864614745842375,236.55369902901876,5.065547202979652,5.2296922118763565,47.629432694072065,48.36917360763473,33.770314686531016,6.790043494747146,29.566438027266415,47.83346564969199,1024.522381630599,50.05774585225197,231.83147265199307,0.47372150625933723,10.31102485927604,11.204069172691534,0.5249719272883862
2026-04-11 15:00:00,15,5,3.9236977818563528,6.241713816467939,233.5902492774165,5.885546672784529,9.362570724701909,53.70880275650462,52.76914965351956,39.23697781856353,8.884940234992872,26.793882176264194,34.24425066485294,1008.1449353313564,50.0409835304286,229.31268758772305,0.4644098056199683,10.977165788870952,9.3236569006034,11.867858884280496
2026-04-11 16:00:00,16,5,0.0,3.324773160793021,236.7684487598788,0.0,4.987159741189531,27.855632353971174,28.119451163436654,0.0,11.014807619436965,26.596617096342985,59.36629706558922,1013.1625518332638,50.03965612945179,229.17812911400108,0.4635926776198954,11.452593172347827,8.871022236023993,5.92110294341998
2026-04-11 17:00:00,17,5,0.0,-0.4729645538824099,247.26218061202275,0.0,-0.7094468308236148,38.92268009504666,38.29213794658567,0.0,7.320251847876172,25.238056245948123,40.797367550848676,1005.2164617920313,49.96438558607978,232.56994007213765,0.4658064268176286,9.905069587210782,10.240036590415043,5.257065201903254
2026-04-11 18:00:00,18,5,3.893430573837818,4.0932804820884,233.06834942030542,5.840145860756727,6.139920723132601,41.9549005107367,43.47808992335456,38.93430573837818,10.911533569335539,29.07303468715657,48.59540578312029,1010.4065032360185,49.964976210558454,231.40799841806682,0.47341333998140467,10.425690092242725,11.35281509005204,-9.921021694129694
2026-04-11 19:00:00,19,5,8.550522703860265,7.579324161789886,249.9645183168824,12.825784055790397,11.36898624268483,51.291711318012645,51.92442382550504,85.50522703860265,9.75542236149107,21.174046740929878,32.2193094891901,1005.0340961730757,50.05655222086701,231.27646525713286,0.47437620095927047,9.657247726675756,9.234431906284906,-0.22699570379606657
2026-04-11 20:00:00,20,5,0.0,-0.9082341304248892,248.26694620782067,0.0,-1.3623511956373338,55.56558286087178,56.28887735563306,0.0,7.746452128035354,20.045901051997078,43.91117604835656,1008.4555954652216,50.06540582118269,229.91080270204975,0.4748773632546736,10.421513865211722,8.812293893027626,-8.419539817195641
2026-04-11 21:00:00,21,5,3.120247843829263,3.8751883598728116,253.60713061163017,4.680371765743894,5.812782539809217,53.12752780495257,52.72076720396079,31.20247843829263,8.609564013326976,13.100171543784867,35.95029433604696,1009.4982623210252,50.05120166472208,228.55848568129824,0.4782235910015205,9.723057826797413,10.692792848688923,-0.8584146075932125
2026-04-11 22:00:00,22,5,0.0,1.6393885868700098,235.85619476403386,0.0,2.4590828803050147,52.15888687535019,52.755796041816836,0.0,8.949220366573748,11.747232158389437,51.076615360713525,1018.1376831705073,50.02808664065089,230.36711773424588,0.49792966801091,9.7238196089253,11.424810243211454,8.18156498564098
2026-04-11 23:00:00,23,5,0.0,-0.026968116549227556,213.42970056220832,0.0,-0.040452174823841336,60.58352942472955,63.94591240720982,0.0,9.474197470998071,15.47669892016247,67.59642504709119,1013.5070275018254,50.02507626648222,226.46964694947428,0.5143692169423452,9.37931699763903,11.011883772145957,4.483529191590215
2026-04-12 00:00:00,0,6,4.813786324133522,1.403024312847784,174.8539409508852,7.220679486200283,2.104536469271676,39.96043886406875,41.72817655904157,48.137863241335225,11.98409648677628,11.87645132800076,41.7726472209494,1009.2595166774291,50.02679556886705,227.43513936253575,0.5220866142880358,10.12230537314579,10.622679812007867,3.764655892803024
2026-04-12 01:00:00,1,6,8.114354753465287,7.357384800373047,192.5588259626573,12.171532130197932,11.03607720055957,42.322477520160106,43.18112260890441,81.14354753465287,10.42092090317936,9.754248951909359,39.721051419227564,1011.5028175308565,49.98194352857259,229.08181472817205,0.5141619906529237,8.560089774033084,9.616637944963667,-9.380917899268695
2026-04-12 02:00:00,2,6,0.0,1.6744998140217675,174.83061388215984,0.0,2.5117497210326514,55.859467081647516,54.66831856596739,0.0,10.559661393108899,8.176829446425655,46.9610991587665,1016.9114547865901,50.03709817526133,229.61313998197465,0.5273096908131486,12.546506780510725,8.148096577764143,-2.3835968388206936
2026-04-12 03:00:00,3,6,0.0,-1.4460795086414804,169.72570341414797,0.0,-2.1691192629622207,54.90376438192002,53.07426186766097,0.0,11.935816511462027,10.54963432781979,42.380152586415306,1009.2641443268566,49.94084634068884,226.9348223751501,0.5315978010739434,9.042625803926693,10.089161089965815,1.3176690377706477
2026-04-12 04:00:00,4,6,0.0,-0.9696754784305899,139.61427109298162,0.0,-1.4545132176458848,73.12407887844975,70.59085945352685,0.0,10.877106677293066,10.5436017413522,49.07354053867244,1016.0967696255291,50.00007697822292,228.7931843506689,0.5158345171968322,9.019186228912485,8.907808504122254,-6.120228452056008
2026-04-12 05:00:00,5,6,0.0,-2.0973543341628327,150.33984416165063,0.0,-3.146031501244249,39.990146140053284,40.98411648382957,0.0,11.250556842269134,9.4706172716128,52.72340744950943,1020.0685575663213,50.04937257143531,234.66310741323127,0.5142572670695392,10.592378407824029,10.27007468841191,-0.05972519065751514
2026-04-12 06:00:00,6,6,8.677742819928682,7.660615562466161,140.461278874224,13.016614229893023,11.49092334369924,66.95337501820698,66.90526487435221,86.77742819928682,14.03193826574162,17.472583848978672,60.64162852968488,1003.4063945276898,49.94059773418118,230.742306574223,0.5092523279634179,9.632420532507352,10.182381155867109,-4.66068886426571
2026-04-12 07:00:00,7,6,0.0,-0.2627046927964694,149.9034519467638,0.0,-0.39405703919470414,56.11254543424725,57.54011562009949,0.0,5.1401000025433845,14.246339957961787,50.267932099420804,1010.0480186992858,49.99738645295631,232.39509502001752,0.5123668954668001,10.445491047604133,7.861893444421017,-2.910320434947882
2026-04-12 08:00:00,8,6,0.0,2.872537469922304,169.92009075654198,0.0,4.308806204883457,68.82189824423564,70.07281306341804,0.0,7.899014469008793,20.980352966344928,53.34719095574909,1007.5378136075649,50.00079656284954,233.17134196158193,0.4914435713189271,9.350205930574642,9.762396651064119,11.341875467286528
2026-04-12 09:00:00,9,6,0.0,3.426223367769476,170.2078548782021,0.0,5.139335051654214,57.38705404570658,58.98933070844423,0.0,5.683843149930921,23.715571294208885,36.47165090195952,1012.0289030694138,50.038998157225414,228.2168771345368,0.47462536648342957,10.555398103592747,8.312540918389828,1.5196798898594737
2026-04-12 10:00:00,10,6,0.0,1.72386889986966,174.0580011266842,0.0,2.58580334980449,45.916640133745304,46.909499518364555,0.0,10.41300272075595,24.045551113814863,47.073219501778226,1012.079569938502,50.05293594457619,231.89295001705156,0.4868294971269962,9.454115961010821,9.443572729632477,-1.5729879656448138
2026-04-12 11:00:00,11,6,0.9824030781015867,2.2938813923243195,191.24183086088814,1.47360461715238,3.4408220884864793,36.74402889573592,39.13956082247626,9.824030781015868,10.26496647863298,26.387204937220048,63.68290778077128,1010.7637330247045,50.01682674330066,229.74659481655982,0.49118202995914056,11.345926414680326,9.468127524547095,-1.0608038117835545
2026-04-12 12:00:00,12,6,0.0,-0.9945676408169222,198.55986471972125,0.0,-1.4918514612253833,57.220324068224386,57.38160070318877,0.0,9.793376194388811,28.65303640713363,61.932959583102026,1009.6114279790097,50.02784284711462,229.8173974093978,0.5112759455476652,9.078747391067843,10.520889406953422,-2.9197973942672233
2026-04-12 13:00:00,13,6,0.0,-1.6594572825185148,232.65323994572856,0.0,-2.489185923777772,39.35580775412453,39.145363750868036,0.0,9.231179679018846,32.60916112704953,22.930188199592795,1011.7481121552252,49.96795706032408,230.6651901623337,0.5197896075255856,11.457633073423963,8.919245964136412,-8.895832334823204
2026-04-12 14:00:00,14,6,5.772741352367961,5.429204475610837,220.1781892371152,8.659112028551942,8.143806713416256,67.13595539668145,65.55010279211565,57.727413523679616,10.51869467892638,29.95899613550313,56.609420415281356,1009.9024585596641,50.00568920338982,230.16903324449734,0.5190552571766454,10.305574680712715,11.537868139912895,1.6975260831479946
2026-04-12 15:00:00,15,6,0.0,-0.1501047585049592,233.1001990706059,0.0,-0.22515713775743879,53.26986786088816,54.38505479083704,0.0,11.205874707672567,29.635639355199512,47.77021023703783,1007.4138764985621,49.92108977539139,233.3119080495494,0.5177650233144199,10.384613008459295,10.642059641252498,-1.7059983802546854
2026-04-12 16:00:00,16,6,12.1425266704226,15.353635299334632,227.474431848033,18.2137900056339,23.030452949001948,60.119180162644234,60.328323579314024,121.42526670422599,13.809300809403151,28.277593224079613,38.244428254861205,1019.2521132974755,50.1221019880606,229.83080272231177,0.5285190275350962,10.776238599780061,9.074852807903369,-2.6413583953100916
2026-04-12 17:00:00,17,6,0.0,1.160586566858671,263.97611481773856,0.0,1.7408798502880065,46.87317027104747,44.62171901053949,0.0,10.443899124278309,27.376894576828853,53.466640635254386,1011.1819239719439,50.025829508706686,231.4699494688069,0.5201672227851651,8.706620494699813,8.588172691075343,-0.39059311482370135
2026-04-12 18:00:00,18,6,0.0,-0.11201965747908595,252.24802045028775,0.0,-0.16802948621862893,52.66657039011491,51.78016055842363,0.0,10.927229328182683,23.046139571320758,52.16412716183355,1015.7766838691202,50.00872116682759,227.94428749233703,0.5141400301884246,10.418949315376173,9.211720646619707,0.5063183535407407
2026-04-12 19:00:00,19,6,3.278507340564447,5.688169354596463,260.62677695417585,4.917761010846671,8.532254031894695,57.22713905556475,54.6111910722652,32.78507340564447,6.9191981150941855,21.220901912408724,45.61329266401245,1016.2731101848863,50.00111603544695,228.40117454196374,0.4840561584810288,9.379052428369548,12.79506048102068,-2.501270070930779
2026-04-12 20:00:00,20,6,10.50341928525383,10.591204429375027,256.689639140343,15.755128927880746,15.886806644062542,40.17041367333438,38.50535837104548,105.0341928525383,12.00018983162983,22.037173999827516,68.74745668510715,1017.9873621069434,49.92372599882614,229.99948877176567,0.47658433125332555,10.402802035557285,10.73036469670714,2.1396248809226543
2026-04-12 21:00:00,21,6,0.0,2.6456107374248434,234.03379529812884,0.0,3.968416106137265,62.680732155579925,60.721908967514736,0.0,9.000822276235933,14.686823759335992,56.15484044556175,1013.7584976525482,49.99649290062031,231.63426537004082,0.4698051322793907,10.463463120136788,10.638583179262849,2.1201054706519953
2026-04-12 22:00:00,22,6,0.0,-3.1481128104403795,223.3779437203034,0.0,-4.7221692156605695,47.42850384374645,51.81975366707219,0.0,6.764720766498167,14.024915354603724,52.092941163290064,1018.0114410808478,50.050488410562686,224.40553410180874,0.46674763605027936,9.332645701439287,9.868460457548373,6.84702010730739
2026-04-12 23:00:00,23,6,0.0,-0.8986418190293753,208.5434385451417,0.0,-1.347962728544063,62.73697562860535,63.74790546068736,0.0,11.40779816603785,13.451820687315685,27.26260345974611,1015.343317755265,49.894861358795225,227.34748481728653,0.4665636079667282,9.887406261574963,11.241139345020798,-2.956880922927101
2026-04-13 00:00:00,0,0,4.073045943914762,5.771856556925881,198.02385626458104,6.109568915872143,8.65778483538882,51.368533998372826,55.80038403510421,40.73045943914762,12.539468161805368,11.220669267625544,46.77421828038239,1012.1024325388357,50.074510420996305,227.9571963466941,0.46016222147115726,10.369916389180414,10.657829365480934,3.9933271715544194
2026-04-13 01:00:00,1,0,2.9313425906108863,1.5130717980458757,188.00910555984265,4.39701388591633,2.2696076970688135,47.42103670484616,48.194373506138575,29.31342590610886,12.405804215027505,10.096537335441624,40.08493119837821,1021.1904776175618,50.02277909069707,231.08220300770316,0.46156978333490856,9.051387471789592,10.048968906761562,0.6456974819856963
2026-04-13 02:00:00,2,0,0.0,0.08282055648124752,194.37393840450028,0.0,0.12423083472187127,50.29590400713015,47.85502671754972,0.0,10.490783697183764,9.185041438891272,53.241345994749075,1018.1709205258678,49.95092744593339,228.44558371245452,0.4414468265381073,10.992553900861276,8.399432647599077,-9.37610335290432
2026-04-13 03:00:00,3,0,0.0,-2.701791742130223,174.54583625896032,0.0,-4.052687613195335,46.9438042371904,44.116649553057485,0.0,9.601336424801106,7.36017173581282,51.844533878461256,1022.1367932685828,50.02837603877094,229.53335191039423,0.4465083364923622,8.243768441554954,9.881592080934505,3.292427471450196
2026-04-13 04:00:00,4,0,0.0,1.3676046806967386,153.36052551056437,0.0,2.051407021045108,38.281611149737515,36.83967049725038,0.0,11.120141491897153,12.754087774998688,42.888508179856714,1013.6443967530237,49.9553633046243,229.40117687574977,0.4361546040947236,9.642076194639209,10.08427318881118,-9.91911048703348
2026-04-13 05:00:00,5,0,0.0,1.4065081789457312,154.26713082774486,0.0,2.1097622684185966,41.79444037660157,41.9297794087941,0.0,11.620557399177121,12.753577073706309,54.6681997971606,1018.9357050563397,49.92400429279249,230.66344888330093,0.4369456734187708,11.200677794836094,8.896817267908263,4.679905046401374
2026-04-13 06:00:00,6,0,1.8681133538222114,5.7742827993693595,144.26884009948475,2.802170030733317,8.66142419905404,58.72104745622112,57.83144126765909,18.681133538222113,8.988445669407476,13.717180208678545,52.6359286936873,1019.4668665766937,49.90702799150551,229.51592434131572,0.4383292904574939,10.291894268785404,12.69682089827111,-8.099115432993854
2026-04-13 07:00:00,7,0,9.268061681037471,8.477133358505263,158.15639180714405,13.902092521556206,12.715700037757895,51.570987644436194,48.37750938692642,92.68061681037472,8.039619407810925,19.945791852860385,52.07354514107552,1014.2907823289221,49.99801715644007,232.03895970105427,0.4296530735965437,9.741467156482463,10.540428298048985,-2.3749048466386506
2026-04-13 08:00:00,8,0,2.782477055578747,3.0880979621189115,148.2690623430223,4.1737155833681205,4.632146943178367,39.68373776249976,42.601828282090324,27.82477055578747,6.068750816164042,16.10729318144832,53.75591509701127,1020.7624509608758,50.041337023442296,228.55135779272098,0.4307894020923242,10.412535505743495,9.210806747358282,-1.5672961889362245
2026-04-13 09:00:00,9,0,4.393179235326666,5.623203105140719,166.7643592493742,6.589768852989998,8.43480465771108,44.31489857839943,45.13227626602427,43.93179235326666,8.361611805274752,24.22083108262672,36.333065872562706,1016.2505048212538,49.955402924905265,232.01053487317816,0.4298604889612878,11.735889792365292,9.412091372389447,-5.968514998278823
2026-04-13 10:00:00,10,0,6.483129781961261,5.082970456200915,159.8996808698775,9.724694672941892,7.624455684301372,40.90664311170898,41.56381951690557,64.83129781961262,11.901968459017029,24.00192366851206,46.42239171575949,1008.1964765036945,49.94525253052362,230.15164333113938,0.42829482196294055,8.346194610877626,10.400254341498151,-5.089037802368155
2026-04-13 11:00:00,11,0,2.9318871361141863,2.713717705194842,183.5897412471846,4.397830704171279,4.070576557792263,54.3582531389444,53.62261375075775,29.318871361141863,13.13052917085329,28.3439184848588,49.63637226503408,1011.5716350578763,49.96023589376715,233.90462054432098,0.4433823633023969,9.809147711029249,9.44033265212818,-6.369263400258099
2026-04-13 12:00:00,12,0,4.838606169899288,2.75677303429751,200.43989889075823,7.257909254848932,4.135159551446265,46.887267084946025,46.7585244530477,48.386061698992876,9.80846735074325,27.894693856489663,58.56206999487709,1006.8299196642757,49.98180174016701,231.31042100333013,0.43065254508166645,9.236693939590674,11.775293569335076,-3.2369853431293567
2026-04-13 13:00:00,13,0,0.0,-2.757573553382971,221.50774990801887,0.0,-4.1363603300744565,48.43659926616624,43.86927958994719,0.0,10.044463680730999,29.53863000416362,51.082223324544344,1013.1934153448599,49.98239449351031,228.01617438671428,0.43025463979411316,8.240238979587698,10.908556874057926,0.043576327653954125
2026-04-13 14:00:00,14,0,0.0,-1.4982840758678,213.56898956427287,0.0,-2.2474261138017,57.368266458935686,60.78903661834192,0.0,10.21543830326062,30.413160488529567,27.276725303616125,1012.7983042766796,49.97257837992564,228.94742875212978,0.45030019123034515,10.517394188949796,10.487011455135612,-1.5413726208767993
2026-04-13 15:00:00,15,0,9.968224190463548,9.173182432967739,243.3925680880462,14.952336285695322,13.759773649451608,51.190327064003,49.397797292761766,99.68224190463548,11.722406496689679,29.811081236558483,63.34889260007891,1018.4971458915059,49.98901074525581,229.895824212508,0.4507369241168022,9.585703136941946,10.894761064184866,7.415716499522132
2026-04-13 16:00:00,16,0,0.0,-0.8243643192735228,237.7171939402288,0.0,-1.2365464789102842,53.03156595061404,53.14999755805332,0.0,11.601714673428745,27.976941070053876,37.590466766710065,1022.2620726214271,49.99475706214409,231.26680258634823,0.44705759315120364,11.242877519368143,12.211466811035542,6.771145106752003
2026-04-13 17:00:00,17,0,1.905667728124265,3.658214685650762,236.76038366252732,2.8585015921863977,5.487322028476143,40.87207002779541,42.08107089759223,19.05667728124265,9.81021138110378,26.86169520182849,72.37344519949325,1017.0683551234092,49.97613739210402,228.59785629505924,0.42954813422039195,8.7964538609708,8.966697410858814,3.522348252212586
2026-04-13 18:00:00,18,0,3.7775234636931936,2.197550864406481,244.8359962270673,5.666285195539791,3.2963262966097218,45.72470493121905,42.62174579949081,37.775234636931934,11.287689097253274,19.67042093963245,39.41948210195699,1006.309624149618,50.059512492212235,230.66445108868592,0.45169965030315823,10.739144761079578,9.649029435824495,-4.580960026079746
2026-04-13 19:00:00,19,0,0.0,0.2672771204362731,243.907708570151,0.0,0.40091568065440963,36.53992343128295,38.01767386582039,0.0,10.901364955355454,24.14695820539347,45.01631326154644,1012.0513439021711,50.0306614142943,228.9069429342599,0.45904507511477544,8.737705606270119,10.336868315014762,0.8451381746926977
2026-04-13 20:00:00,20,0,2.9475578743251902,0.827722916505989,242.83839068142044,4.421336811487786,1.2415843747589834,40.76752641014858,39.198096113740554,29.4755787432519,10.527123703065548,18.042235768922996,47.83194484449647,1013.8141267598703,49.94579927122275,230.6431409498257,0.43916609454877165,9.816311967489506,10.263037657448425,6.380873060728502
2026-04-13 21:00:00,21,0,3.0507457557906155,3.90333282079164,235.61571663223418,4.576118633685923,5.85499923118746,43.40947270020073,42.568224608684126,30.507457557906154,11.751899158695663,14.991916346299726,38.49932388780374,1016.1783055100909,49.97521648005153,230.73803406685994,0.44427743308676715,8.314454918255812,9.973356953522673,-3.5981214566178545
2026-04-13 22:00:00,22,0,0.0,3.2065286738769347,229.1243418247113,0.0,4.809793010815402,36.62513017430118,39.796595117004216,0.0,12.77658849626158,16.44086572100858,55.652613359350745,1012.8482568291474,49.97420456962168,230.92898582601285,0.4280342271753778,9.35489771794116,10.569059412267848,5.502841336616459
2026-04-13 23:00:00,23,0,0.0,2.8020994110242663,210.79462775891645,0.0,4.2031491165364,36.961825901880445,36.110158201661854,0.0,9.968883069163944,14.501534799228809,53.150229611236625,1011.6527997762149,49.96130582913297,231.35155667293836,0.4305069229104929,8.181344391874529,10.515102449742889,-0.7259175555489281
